table_no,record_name,title,year,author_st,taxonomic_group_st,issue,latin_family_name,latin_name,danish_genus_name,danish_family_name,danish_species_epithet,copyright
1,floradanica_0001.tif,Rubus Chamaemorus Linn.,1761,G. C. Oeder,Karplanter,Digitale Samlinger: Billeder:Særudgivelser:Flora Danica:Hæfte:Hft.  1,Rosaceae,Rubus chamaemorus L.,Multebær,Rosenfamilien,,free
2,floradanica_0002.tif,Pedicularis lapponica L.,1761,G. C. Oeder,Karplanter,Digitale Samlinger: Billeder:Særudgivelser:Flora Danica:Hæfte:Hft.  1,Scrophulariaceae,Pedicularis lapponica L.,Troldurt,Maskeblomstfamilien,Laplands-,free
3,floradanica_0003.tif,Linnaea borealis (Gronov.) L.,1761,G. C. Oeder,Karplanter,Digitale Samlinger: Billeder:Særudgivelser:Flora Danica:Hæfte:Hft.  1,Caprifoliaceae,Linnaea borealis L. ssp. borealis,Linnæa,Gedebladfamilien,Almindelig,free
4,floradanica_0004.tif,Silene rupestris L.,1761,G. C. Oeder,Karplanter,Digitale Samlinger: Billeder:Særudgivelser:Flora Danica:Hæfte:Hft.  1,Caryophyllaceae,Silene rupestris L.,Limurt,Nellikefamilien,Fjeld-,free
5,floradanica_0005.tif,Cornus suecica L.,1761,G. C. Oeder,Karplanter,Digitale Samlinger: Billeder:Særudgivelser:Flora Danica:Hæfte:Hft.  1,Cornaceae,Cornus suecica L.,Hønsebær,Kornelfamilien,Svensk,free
6,floradanica_0006.tif,Cerastium alpinum L.,1761,G. C. Oeder,Karplanter,Digitale Samlinger: Billeder:Særudgivelser:Flora Danica:Hæfte:Hft.  1,Caryophyllaceae,Cerastium alpinum L. ssp. alpinum,Hønsetarm,Nellikefamilien,Almindelig Fjeld-,free
7,floradanica_0007.tif,Androsace septentrionalis L.,1761,G. C. Oeder,Karplanter,Digitale Samlinger: Billeder:Særudgivelser:Flora Danica:Hæfte:Hft.  1,Primulaceae,Androsace septentrionale L.,Fjeldarve,Kodriverfamilien,Almindelig,free
8,floradanica_0008.tif,Pyrola uniflora L.,1761,G. C. Oeder,Karplanter,Digitale Samlinger: Billeder:Særudgivelser:Flora Danica:Hæfte:Hft.  1,Pyrolaceae,Moneses uniflora (L.) A.Gray,Vintergrøn,Vintergrønfamilien,Enblomstret,free
9,floradanica_0009.tif,Azalea procumbens L.,1761,G. C. Oeder,Karplanter,Digitale Samlinger: Billeder:Særudgivelser:Flora Danica:Hæfte:Hft.  1,Ericaceae,Loiseleuria procumbens (L.) Desv.,Kryblyng,Lyngfamilien,,free
10,floradanica_0010.tif,Andromeda hypnoides L.,1761,G. C. Oeder,Karplanter,Digitale Samlinger: Billeder:Særudgivelser:Flora Danica:Hæfte:Hft.  1,Ericaceae,Cassiope hypnoides (L.) D. Don,Moslyng,Lyngfamilien,,free
11,floradanica_0011.tif,Thalictrum alpinum L.,1761,G. C. Oeder,Karplanter,Digitale Samlinger: Billeder:Særudgivelser:Flora Danica:Hæfte:Hft.  1,Ranunculaceae,Thalictrum alpinum L.,Frøstjerne,Ranunkelfamilien,Fjeld-,free
12,floradanica_0012.tif,Stellaria biflora L.,1761,G. C. Oeder,Karplanter,Digitale Samlinger: Billeder:Særudgivelser:Flora Danica:Hæfte:Hft.  1,Caryophyllaceae,Minuartia biflora (L.) Schinz & Thell.,Norel,Nellikefamilien,Toblomstret,free
13,floradanica_0013.tif,Polygonum viviparum L.,1761,G. C. Oeder,Karplanter,Digitale Samlinger: Billeder:Særudgivelser:Flora Danica:Hæfte:Hft.  1,Polygonaceae,Bistorta vivipara (L.) S. F. Gray,Pileurt,Skedeknæfamilien,Topspirende,free
14,floradanica_0014.tif,Rumex digynus L.,1761,G. C. Oeder,Karplanter,Digitale Samlinger: Billeder:Særudgivelser:Flora Danica:Hæfte:Hft.  1,Polygonaceae,Oxyria digyna (L.) Hill.,Fjeldsyre,Skedeknæfamilien,,free
15,floradanica_0015.tif,Zostera marina L.,1761,G. C. Oeder,Karplanter,Digitale Samlinger: Billeder:Særudgivelser:Flora Danica:Hæfte:Hft.  1,Zosteraceae,Zostera marina L.,Bændeltang,Bændeltangfamlien,Almindelig,free
16,floradanica_0016.tif,Veronica alpina L.,1761,G. C. Oeder,Karplanter,Digitale Samlinger: Billeder:Særudgivelser:Flora Danica:Hæfte:Hft.  1,Scrophulariaceae,Veronica alpina L.,Ærenpris,Maskeblomstfamilien,Alpe-,free
17,floradanica_0017.tif,Gentiana nivalis L.,1761,G. C. Oeder,Karplanter,Digitale Samlinger: Billeder:Særudgivelser:Flora Danica:Hæfte:Hft.  1,Gentianaceae,Gentiana nivalis L.,Ensian,Ensianfamilien,Sne-,free
18,floradanica_0018.tif,Lunaria racemosa multifido folio Breyn / Osmunda Lunaria L. / Lunaria racemosa minor adianti folio,1761,G. C. Oeder,Karplanter,Digitale Samlinger: Billeder:Særudgivelser:Flora Danica:Hæfte:Hft.  1,Ophioglossaceae,Botrychium virginianum (L.) Swartz in Schrader,Månerude,Slangetungefamilien,Stor,free
19,floradanica_0019.tif,Ranunculus glacialis L.,1761,G. C. Oeder,Karplanter,Digitale Samlinger: Billeder:Særudgivelser:Flora Danica:Hæfte:Hft.  1,Ranunculaceae,Ranunculus glacialis L.,Ranunkel,Ranunkelfamilien,Is-,free
20,floradanica_0020.tif,Cardamine bellidifolia L.,1761,G. C. Oeder,Karplanter,Digitale Samlinger: Billeder:Særudgivelser:Flora Danica:Hæfte:Hft.  1,Brassicaceae,Cardamine bellidifolia L.,Fjeldkarse,Korsblomstfamilien,,free
21,floradanica_0021.tif,Cucubalus acaulis L. (Syst. nat),1761,G. C. Oeder,Karplanter,Digitale Samlinger: Billeder:Særudgivelser:Flora Danica:Hæfte:Hft.  1,Caryophyllaceae,Silene acaulis (L.) Jacq.,Limurt,Nellikefamilien,Tue-,free
22,floradanica_0022.tif,Saxifraga cernua L.,1761,G. C. Oeder,Karplanter,Digitale Samlinger: Billeder:Særudgivelser:Flora Danica:Hæfte:Hft.  1,Saxifragaceae,Saxifraga sp.,Stenbræk,Stenbrækfamilien,,free
23,floradanica_0023.tif,Saxifraga stellaris L.,1761,G. C. Oeder,Karplanter,Digitale Samlinger: Billeder:Særudgivelser:Flora Danica:Hæfte:Hft.  1,Saxifragaceae,Saxifraga stellaris L.,Stenbræk,Stenbrækfamilien,Stjerne-,free
24,floradanica_0024.tif,Sedum villosum L.,1761,G. C. Oeder,Karplanter,Digitale Samlinger: Billeder:Særudgivelser:Flora Danica:Hæfte:Hft.  1,Crassulaceae,Sedum villosum L.,Stenurt,Stenurtfamilien,Lådden,free
25,floradanica_0025.tif,Pulmonaria maritima L.,1761,G. C. Oeder,Karplanter,Digitale Samlinger: Billeder:Særudgivelser:Flora Danica:Hæfte:Hft.  1,Boraginaceae,Mertensia maritima (L.) S. F. Gray,Hestetunge,Rubladfamilien,Nordisk,free
26,floradanica_0026.tif,Pedicularis Sceptrum carolinum L.,1761,G. C. Oeder,Karplanter,Digitale Samlinger: Billeder:Særudgivelser:Flora Danica:Hæfte:Hft.  1,Scrophulariaceae,Pedicularis sceptrum-carolinum L.,Kongescepter,Maskeblomstfamilien,,free
27,floradanica_0027.tif,Hieracium alpinum L.,1761,G. C. Oeder,Karplanter,Digitale Samlinger: Billeder:Særudgivelser:Flora Danica:Hæfte:Hft.  1,Asteraceae,Hieracium alpinum L.,Høgeurt,Kurvblomstfamilien,Fjeld-,free
28,floradanica_0028.tif,Saxifraga nivalis L.,1761,G. C. Oeder,Karplanter,Digitale Samlinger: Billeder:Særudgivelser:Flora Danica:Hæfte:Hft.  1,Saxifragaceae,Saxifraga nivalis L.,Stenbræk,Stenbrækfamilien,Sne-,free
29,floradanica_0029.tif,Anemone vernalis L.,1761,G. C. Oeder,Karplanter,Digitale Samlinger: Billeder:Særudgivelser:Flora Danica:Hæfte:Hft.  1,Ranunculaceae,Pulsatilla vernalis (L.) Miller,Kobjælde,Ranunkelfamilien,Vår-,free
30,floradanica_0030.tif,Pedicularis flammea Oed. (non L.),1761,G. C. Oeder,Karplanter,Digitale Samlinger: Billeder:Særudgivelser:Flora Danica:Hæfte:Hft.  1,Scrophulariaceae,Pedicularis oederi Vahl in Hornem.,Troldurt,Maskeblomstfamilien,Oeders,free
31,floradanica_0031.tif,Dryas octopetala L.,1761,G. C. Oeder,Karplanter,Digitale Samlinger: Billeder:Særudgivelser:Flora Danica:Hæfte:Hft.  1,Rosaceae,Dryas octopetala L.,Fjeldsimmer,Rosenfamilien,Kirtel-,free
32,floradanica_0032.tif,Sibbaldia procumbens L.,1761,G. C. Oeder,Karplanter,Digitale Samlinger: Billeder:Særudgivelser:Flora Danica:Hæfte:Hft.  1,Rosaceae,Sibbaldia procumbens L.,Trefingerurt,Rosenfamilien,,free
33,floradanica_0033.tif,Arbutus Uva ursi L.,1761,G. C. Oeder,Karplanter,Digitale Samlinger: Billeder:Særudgivelser:Flora Danica:Hæfte:Hft.  1,Ericaceae,Arctostaphylos uva-ursi (L.) Spreng.,Melbærris,Lyngfamilien,Hede-,free
34,floradanica_0034.tif,Saxifraga oppositifolia L.,1761,G. C. Oeder,Karplanter,Digitale Samlinger: Billeder:Særudgivelser:Flora Danica:Hæfte:Hft.  1,Saxifragaceae,Saxifraga oppositifolia L.,Stenbræk,Stenbrækfamilien,Purpur-,free
35,floradanica_0035.tif,Subularia aquatica L.,1761,G. C. Oeder,Karplanter,Digitale Samlinger: Billeder:Særudgivelser:Flora Danica:Hæfte:Hft.  1,Brassicaceae,Subularia aquatica L.,,Korsblomstfamilien,Sylblad,free
36,floradanica_0036.tif,Anthericum calyculatum Oed.,1761,G. C. Oeder,Karplanter,Digitale Samlinger: Billeder:Særudgivelser:Flora Danica:Hæfte:Hft.  1,Liliaceae,Tofielda pusilla (Michx.) Pers.,Bjørnebrod,Liljefamilien,Fjeld-,free
37,floradanica_0037.tif,Serratula alpina L.,1761,G. C. Oeder,Karplanter,Digitale Samlinger: Billeder:Særudgivelser:Flora Danica:Hæfte:Hft.  1,Asteraceae,Saussurea alpina (L.) DC.,Fjeldskær,Kurvblomstfamilien,Nordisk,free
38,floradanica_0038.tif,Erica cinerea L.,1761,G. C. Oeder,Karplanter,Digitale Samlinger: Billeder:Særudgivelser:Flora Danica:Hæfte:Hft.  1,Ericaceae,Erica cinerea L.,Grålyng,Lyngfamilien,,free
39,floradanica_0039.tif,Lobelia Dortmanna L.,1761,G. C. Oeder,Karplanter,Digitale Samlinger: Billeder:Særudgivelser:Flora Danica:Hæfte:Hft.  1,Campanulaceae,Lobelia dortmanna L.,Lobelie,Klokkefamilien,Tvepibet,free
40,floradanica_0040.tif,Vaccinium Vitis idaea L.,1761,G. C. Oeder,Karplanter,Digitale Samlinger: Billeder:Særudgivelser:Flora Danica:Hæfte:Hft.  1,Ericaceae,Vaccinium vitis-idaea L. ssp. vitis-idaea,Tyttebær,Lyngfamilien,Almindelig,free
41,floradanica_0041.tif,Papaver nudicaule L.,1761,G. C. Oeder,Karplanter,Digitale Samlinger: Billeder:Særudgivelser:Flora Danica:Hæfte:Hft.  1,Papaveraceae,Papaver radicatum Rottb.,Valmue,Valmuefamilien,Fjeld-,free
42,floradanica_0042.tif,Anthericum Ossifragum L.,1761,G. C. Oeder,Karplanter,Digitale Samlinger: Billeder:Særudgivelser:Flora Danica:Hæfte:Hft.  1,Liliaceae,Narthecium ossifragum (L.) Hudson,Benbræk,Liljefamilien,,free
43,floradanica_0043.tif,Bartsia alpina L.,1761,G. C. Oeder,Karplanter,Digitale Samlinger: Billeder:Særudgivelser:Flora Danica:Hæfte:Hft.  1,Scrophulariaceae,Bartsia alpina L.,Sorttop,Maskeblomstfamilien,,free
44,floradanica_0044.tif,Buxbaumia aphylla L.,1761,G. C. Oeder,Mosser,Digitale Samlinger: Billeder:Særudgivelser:Flora Danica:Hæfte:Hft.  1,,,,,,free
45,floradanica_0045.tif,Blasia pusilla L.,1761,G. C. Oeder,Mosser,Digitale Samlinger: Billeder:Særudgivelser:Flora Danica:Hæfte:Hft.  1,,,,,,free
46,floradanica_0046.tif,Viola biflora L.,1761,G. C. Oeder,Karplanter,Digitale Samlinger: Billeder:Særudgivelser:Flora Danica:Hæfte:Hft.  1,Violaceae,Viola biflora L.,Viol,Violfamilien,Fjeld-,free
47,floradanica_0047.tif,Diapensia lapponica L.,1761,G. C. Oeder,Karplanter,Digitale Samlinger: Billeder:Særudgivelser:Flora Danica:Hæfte:Hft.  1,Diapensiaceae,Diapensia lapponica L.,Fjeldpryd,Fjeldprydfamilien,,free
48,floradanica_0048.tif,Galium trifidum L.,1761,G. C. Oeder,Karplanter,Digitale Samlinger: Billeder:Særudgivelser:Flora Danica:Hæfte:Hft.  1,Rubiaceae,Galium trifidum L.,Snerre,Krapfamilien,Trekløftet,free
49,floradanica_0049.tif,Alchemilla alpina L.,1761,G. C. Oeder,Karplanter,Digitale Samlinger: Billeder:Særudgivelser:Flora Danica:Hæfte:Hft.  1,Rosaceae,Alchemilla alpina L.,Løvefod,Rosenfamilien,Bjerg-,free
50,floradanica_0050.tif,Gentiana purpurea L.,1761,G. C. Oeder,Karplanter,Digitale Samlinger: Billeder:Særudgivelser:Flora Danica:Hæfte:Hft.  1,Gentianaceae,Gentiana purpurea L.,Ensian,Ensianfamilien,Purpur-,free
51,floradanica_0051.tif,Astragalus alpinus L.,1761,G. C. Oeder,Karplanter,Digitale Samlinger: Billeder:Særudgivelser:Flora Danica:Hæfte:Hft.  1,Fabaceae,Astragalus alpinus L.,Astragel,Ærteblomstfamilien,Alpe-,free
52,floradanica_0052.tif,Veronica spicata L.,1761,G. C. Oeder,Karplanter,Digitale Samlinger: Billeder:Særudgivelser:Flora Danica:Hæfte:Hft.  1,Scrophulariaceae,Veronica spicata L.,Ærenpris,Maskeblomstfamilien,Aks-,free
53,floradanica_0053.tif,Phallus esculentus L.,1761,G. C. Oeder,Svampe,Digitale Samlinger: Billeder:Særudgivelser:Flora Danica:Hæfte:Hft.  1,,Morchella esculenta (L.) Pers.,,,,free
54,floradanica_0054.tif,Andromeda polifolia L.,1761,G. C. Oeder,Karplanter,Digitale Samlinger: Billeder:Særudgivelser:Flora Danica:Hæfte:Hft.  1,Ericaceae,Andromeda polifolia L.,Rosmarinlyng,Lyngfamilien,,free
55,floradanica_0055.tif,Pyrola minor L.,1761,G. C. Oeder,Karplanter,Digitale Samlinger: Billeder:Særudgivelser:Flora Danica:Hæfte:Hft.  1,Pyrolaceae,Pyrola minor L.,Vintergrøn,Vintergrønfamilien,Liden,free
56,floradanica_0056.tif,Draba alpina L.,1761,G. C. Oeder,Karplanter,Digitale Samlinger: Billeder:Særudgivelser:Flora Danica:Hæfte:Hft.  1,Brassicaceae,Draba alpina L.,Draba,Korsblomstfamilien,Alpe-,free
57,floradanica_0057.tif,Andromeda coerulea L.,1761,G. C. Oeder,Karplanter,Digitale Samlinger: Billeder:Særudgivelser:Flora Danica:Hæfte:Hft.  1,Ericaceae,Phyllodoce caerulea (L.) Bab.,Blålyng,Lyngfamilien,,free
58,floradanica_0058.tif,Vicia lathyroides L.,1761,G. C. Oeder,Karplanter,Digitale Samlinger: Billeder:Særudgivelser:Flora Danica:Hæfte:Hft.  1,Fabaceae,Vicia lathyroides L.,Vikke,Ærteblomstfamilien,Vår-,free
59,floradanica_0059.tif,Sedum rupestre Oed. (non L.),1761,G. C. Oeder,Karplanter,Digitale Samlinger: Billeder:Særudgivelser:Flora Danica:Hæfte:Hft.  1,Crassulaceae,Sedum annuum L.,Stenurt,Stenurtfamilien,Liden,free
60,floradanica_0060.tif,Acrostichon septentrionale L.,1761,G. C. Oeder,Karplanter,Digitale Samlinger: Billeder:Særudgivelser:Flora Danica:Hæfte:Hft.  1,Aspleniaceae,Asplenium septentrionale (L.) Hoffm.,Radeløv,Radeløvfamilien,Nordisk,free
61,floradanica_0061.tif,Tussilago frigida L.,1763,G. C. Oeder,Karplanter,Digitale Samlinger: Billeder:Særudgivelser:Flora Danica:Hæfte:Hft.  2,Asteraceae,Petasites frigidus (L.) Fries,Hestehov,Kurvblomstfamilien,Fjeld-,free
62,floradanica_0062.tif,Arabis alpina L.,1763,G. C. Oeder,Karplanter,Digitale Samlinger: Billeder:Særudgivelser:Flora Danica:Hæfte:Hft.  2,Brassicaceae,Arabis alpina L.,Kalkkarse,Korsblomstfamilien,Fjeld-,free
63,floradanica_0063.tif,Arnica montana L.,1763,G. C. Oeder,Karplanter,Digitale Samlinger: Billeder:Særudgivelser:Flora Danica:Hæfte:Hft.  2,Asteraceae,Arnica montana L.,Guldblomme,Kurvblomstfamilien,Almindelig,free
64,floradanica_0064.tif,Peplis portula L.,1763,G. C. Oeder,Karplanter,Digitale Samlinger: Billeder:Særudgivelser:Flora Danica:Hæfte:Hft.  2,Lythraceae,Peplis portula,Vandportulak,Kattehalefamilien,,free
65,floradanica_0065.tif,Lychnis alpina L.,1763,G. C. Oeder,Karplanter,Digitale Samlinger: Billeder:Særudgivelser:Flora Danica:Hæfte:Hft.  2,Caryophyllaceae,Lychnis alpina L. ssp. alpina,Tjærenellike,Nellikefamilien,Alpe-,free
66,floradanica_0066.tif,Sedum album L.,1763,G. C. Oeder,Karplanter,Digitale Samlinger: Billeder:Særudgivelser:Flora Danica:Hæfte:Hft.  2,Crassulaceae,Sedum album L.,Stenurt,Stenurtfamilien,Hvid,free
67,floradanica_0067.tif,Zannichellia palustris L.,1763,G. C. Oeder,Karplanter,Digitale Samlinger: Billeder:Særudgivelser:Flora Danica:Hæfte:Hft.  2,Zannichelliaceae,Zannichellia palustris L. s.l.,Vandkrans,Vandkransfamilien,,free
68,floradanica_0068.tif,Saxifraga sp. (petraea L.)?,1763,G. C. Oeder,Karplanter,Digitale Samlinger: Billeder:Særudgivelser:Flora Danica:Hæfte:Hft.  2,Saxifragaceae,Saxifraga adscendens L.,Stenbræk,Stenbrækfamilien,Toårig,free
69,floradanica_0069.tif,Limosella aquatica L.,1763,G. C. Oeder,Karplanter,Digitale Samlinger: Billeder:Særudgivelser:Flora Danica:Hæfte:Hft.  2,Scrophulariaceae,Limosella aquatica L.,Dyndurt,Maskeblomstfamilien,,free
70,floradanica_0070.tif,Lycopodium selaginoides L.,1763,G. C. Oeder,Karplanter,Digitale Samlinger: Billeder:Særudgivelser:Flora Danica:Hæfte:Hft.  2,Selaginellaceae,Selaginella selaginoides (L.) Beauv. ex Schrank & C. P. F. Mart.,Dværgulvefod,Dværgulvefodfamilien,Mos-,free
71,floradanica_0071.tif,Saxifraga caespitosa? Oed.,1763,G. C. Oeder,Karplanter,Digitale Samlinger: Billeder:Særudgivelser:Flora Danica:Hæfte:Hft.  2,Saxifragaceae,Saxifraga cespitosa L.,Stenbræk,Stenbrækfamilien,Tue-,free
72,floradanica_0072.tif,Saxifraga autumnalis L.,1763,G. C. Oeder,Karplanter,Digitale Samlinger: Billeder:Særudgivelser:Flora Danica:Hæfte:Hft.  2,Saxifragaceae,Saxifraga aizoides L.,Stenbræk,Stenbrækfamilien,Sol-,free
73,floradanica_0073.tif,Arbutus alpina L.,1763,G. C. Oeder,Karplanter,Digitale Samlinger: Billeder:Særudgivelser:Flora Danica:Hæfte:Hft.  2,Ericaceae,Arctostaphylos alpina (L.) Spreng.,Melbærris,Lyngfamilien,Bjerg-,free
74,floradanica_0074.tif,Digitalis.purpurea L.,1763,G. C. Oeder,Karplanter,Digitale Samlinger: Billeder:Særudgivelser:Flora Danica:Hæfte:Hft.  2,Scrophulariaceae,Digitalis purpurea L.,Fingerbøl,Maskeblomstfamilien,Almindelig,free
75,floradanica_0075.tif,Hypericum pulchrum L.,1763,G. C. Oeder,Karplanter,Digitale Samlinger: Billeder:Særudgivelser:Flora Danica:Hæfte:Hft.  2,Clusiaceae,Hypericum pulchrum L.,Perikon,Perikonfamilien,Smuk,free
76,floradanica_0076.tif,Scheuchzeria palustris L.,1763,G. C. Oeder,Karplanter,Digitale Samlinger: Billeder:Særudgivelser:Flora Danica:Hæfte:Hft.  2,Scheuchzeriaceae,Scheuchzeria palustris L.,Blomstersiv,Blomstersivfamilien,,free
77,floradanica_0077.tif,Satyrium viride L.,1763,G. C. Oeder,Karplanter,Digitale Samlinger: Billeder:Særudgivelser:Flora Danica:Hæfte:Hft.  2,Orchidaceae,Coeloglossum viride (L.) Hartm.,Poselæbe,Gøgeurtfamilien,,free
78,floradanica_0078.tif,Lycopodium complanatum L. 7),1763,G. C. Oeder,Karplanter,Digitale Samlinger: Billeder:Særudgivelser:Flora Danica:Hæfte:Hft.  2,Lycopodiaceae,Diphasiastrum sp.,Ulvefod,Ulvefodfamilien,,free
79,floradanica_0079.tif,Lycopodium alpinum L.,1763,G. C. Oeder,Karplanter,Digitale Samlinger: Billeder:Særudgivelser:Flora Danica:Hæfte:Hft.  2,Lycopodiaceae,Diphasiastrum alpinum (L.) J. Holub,Ulvefod,Ulvefodfamilien,Bjerg-,free
80,floradanica_0080.tif,Vaccinium Oxycoccus L.,1763,G. C. Oeder,Karplanter,Digitale Samlinger: Billeder:Særudgivelser:Flora Danica:Hæfte:Hft.  2,Ericaceae,Vaccinium oxycoccos L. ssp. oxycoccos,Tranebær,Lyngfamilien,Almindelig,free
81,floradanica_0081.tif,Erica Tetralix L.,1763,G. C. Oeder,Karplanter,Digitale Samlinger: Billeder:Særudgivelser:Flora Danica:Hæfte:Hft.  2,Ericaceae,Erica tetralix L.,Klokkelyng,Lyngfamilien,,free
82,floradanica_0082.tif,An Sedum saxatile atrorub.floribus C.Bauh?,1763,G. C. Oeder,Karplanter,Digitale Samlinger: Billeder:Særudgivelser:Flora Danica:Hæfte:Hft.  2,Crassulaceae,Sedum anglicum Hudson,Stenurt,Stenurtfamilien,Engelsk,free
83,floradanica_0083.tif,Viola palustris L.,1763,G. C. Oeder,Karplanter,Digitale Samlinger: Billeder:Særudgivelser:Flora Danica:Hæfte:Hft.  2,Violaceae,Viola palustris L.,Viol,Violfamilien,Eng-,free
84,floradanica_0084.tif,Trientalis europaea L.,1763,G. C. Oeder,Karplanter,Digitale Samlinger: Billeder:Særudgivelser:Flora Danica:Hæfte:Hft.  2,Primulaceae,Trientalis europaea L.,Skovstjerne,Kodriverfamilien,,free
85,floradanica_0085.tif,Campanula latifolia L.,1763,G. C. Oeder,Karplanter,Digitale Samlinger: Billeder:Særudgivelser:Flora Danica:Hæfte:Hft.  2,Campanulaceae,Campanula latifolia L.,Klokke,Klokkefamilien,Bredbladet,free
86,floradanica_0086.tif,Convallaria verticillata L.,1763,G. C. Oeder,Karplanter,Digitale Samlinger: Billeder:Særudgivelser:Flora Danica:Hæfte:Hft.  2,Liliaceae,Polygonatum verticillatum (L.) All.,Konval,Liljefamilien,Krans-,free
87,floradanica_0087.tif,Hippuris vulgaris L.,1763,G. C. Oeder,Karplanter,Digitale Samlinger: Billeder:Særudgivelser:Flora Danica:Hæfte:Hft.  2,Hippuridaceae,Hippuris vulgaris L.,Hestehale,Hestehalefamilien,Almindelig,free
88,floradanica_0088.tif,Anagallis arvensis L.,1763,G. C. Oeder,Karplanter,Digitale Samlinger: Billeder:Særudgivelser:Flora Danica:Hæfte:Hft.  2,Primulaceae,Anagallis arvensis L.,Arve,Kodriverfamilien,Rød,free
89,floradanica_0089.tif,Sison inundatum L.,1763,G. C. Oeder,Karplanter,Digitale Samlinger: Billeder:Særudgivelser:Flora Danica:Hæfte:Hft.  2,Apiaceae,Apium inundatum (L.) Reichenb. fil.,Sumpskærm,Skærmblomstfamilien,Svømmende,free
90,floradanica_0090.tif,Hydrocotyle vulgaris L.,1763,G. C. Oeder,Karplanter,Digitale Samlinger: Billeder:Særudgivelser:Flora Danica:Hæfte:Hft.  2,Apiaceae,Hydrocotyle vulgaris L.,Vandnavle,Skærmblomstfamilien,,free
91,floradanica_0091.tif,Betula nana L. 9),1763,G. C. Oeder,Karplanter,Digitale Samlinger: Billeder:Særudgivelser:Flora Danica:Hæfte:Hft.  2,Betulaceae,Betula nana L.,Birk,Birkefamilien,Dværg-,free
92,floradanica_0092.tif,Stellaria sp.,1763,G. C. Oeder,Karplanter,Digitale Samlinger: Billeder:Særudgivelser:Flora Danica:Hæfte:Hft.  2,Caryophyllaceae,Cerastium cerastoides (L.) Britton,Hønsetarm,Nellikefamilien,Tregriflet,free
93,floradanica_0093.tif,Pinguicula vulgaris L.,1763,G. C. Oeder,Karplanter,Digitale Samlinger: Billeder:Særudgivelser:Flora Danica:Hæfte:Hft.  2,Lentibulariaceae,Pinguicula vulgaris L.,Vibefedt,Blærerodfamilien,Almindelig,free
94,floradanica_0094.tif,Adoxa moschatellina L.,1763,G. C. Oeder,Karplanter,Digitale Samlinger: Billeder:Særudgivelser:Flora Danica:Hæfte:Hft.  2,Adoxaceae,Adoxa moschatellina L.,Desmerurt,Desmerurtfamilien,,free
95,floradanica_0095.tif,Ervum tetraspermum L.,1763,G. C. Oeder,Karplanter,Digitale Samlinger: Billeder:Særudgivelser:Flora Danica:Hæfte:Hft.  2,Fabaceae,Vicia tetrasperma (L.) Schreber,Vikke,Ærteblomstfamilien,Tadder-,free
96,floradanica_0096.tif,Spergula nodosa L.,1763,G. C. Oeder,Karplanter,Digitale Samlinger: Billeder:Særudgivelser:Flora Danica:Hæfte:Hft.  2,Caryophyllaceae,Sagina nodosa (L.) Fenzl,Firling,Nellikefamilien,Knude-,free
97,floradanica_0097.tif,Sanguisorba officinalis L.,1763,G. C. Oeder,Karplanter,Digitale Samlinger: Billeder:Særudgivelser:Flora Danica:Hæfte:Hft.  2,Rosaceae,Sanguisorba officinalis L.,Kvæsurt,Rosenfamilien,Læge-,free
98,floradanica_0098.tif,Vicia cassubica Oed.,1763,G. C. Oeder,Karplanter,Digitale Samlinger: Billeder:Særudgivelser:Flora Danica:Hæfte:Hft.  2,Fabaceae,Vicia orobus DC.,Vikke,Ærteblomstfamilien,Lyng-,free
99,floradanica_0099.tif,Osmunda Spicant L.,1763,G. C. Oeder,Karplanter,Digitale Samlinger: Billeder:Særudgivelser:Flora Danica:Hæfte:Hft.  2,Blechnaceae,Blechnum spicant (L.) Roth,Kambregne,Kambregnefamilien,Almindelig,free
100,floradanica_0100.tif,Cochlearia danica L.,1763,G. C. Oeder,Karplanter,Digitale Samlinger: Billeder:Særudgivelser:Flora Danica:Hæfte:Hft.  2,Brassicaceae,Cochlearia danica L.,Kokleare,Korsblomstfamilien,Dansk,free
101,floradanica_0101.tif,Cistus Helianthemum L.,1763,G. C. Oeder,Karplanter,Digitale Samlinger: Billeder:Særudgivelser:Flora Danica:Hæfte:Hft.  2,Cistaceae,Helianthemum nummularium (L.) Miller ssp. obscurum (Celak.) J. Holub,Soløje,Soløjefamilien,Bakke-,free
102,floradanica_0102.tif,Ophrys Monorchis L.,1763,G. C. Oeder,Karplanter,Digitale Samlinger: Billeder:Særudgivelser:Flora Danica:Hæfte:Hft.  2,Orchidaceae,Herminium monorchis (L.) R.Br. in Aiton,Pukkellæbe,Gøgeurtfamilien,,free
103,floradanica_0103.tif,Ophrys anthropophora Oed.,1763,G. C. Oeder,Karplanter,Digitale Samlinger: Billeder:Særudgivelser:Flora Danica:Hæfte:Hft.  2,Orchidaceae,Orchis ustulata L.,Gøgeurt,Gøgeurtfamilien,Bakke-,free
104,floradanica_0104.tif,Lycopodium Selago,1763,G. C. Oeder,Karplanter,Digitale Samlinger: Billeder:Særudgivelser:Flora Danica:Hæfte:Hft.  2,Lycopodiaceae,Huperzia selago (L.) Bernh. ex Schrank & C. P. F. Mart. ssp. selago,Ulvefod,Ulvefodfamilien,Otteradet,free
105,floradanica_0105.tif,Peziza lentifera L.,1763,G. C. Oeder,Svampe,Digitale Samlinger: Billeder:Særudgivelser:Flora Danica:Hæfte:Hft.  2,,Cyathus Crucibulum Hoffm.,,,,free
106,floradanica_0106.tif,Fucus siliquosus L.,1763,G. C. Oeder,Alger,Digitale Samlinger: Billeder:Særudgivelser:Flora Danica:Hæfte:Hft.  2,,Halidrys siliquosa (L.)Lgb.(Cystoseira siliq.Ag.),,,,free
107,floradanica_0107.tif,Juncus trifidus L.,1763,G. C. Oeder,Karplanter,Digitale Samlinger: Billeder:Særudgivelser:Flora Danica:Hæfte:Hft.  2,Juncaceae,Juncus trifidus L.,Siv,Sivfamilien,Treblad-,free
108,floradanica_0108.tif,Ranunculus reptans L.,1763,G. C. Oeder,Karplanter,Digitale Samlinger: Billeder:Særudgivelser:Flora Danica:Hæfte:Hft.  2,Ranunculaceae,Ranunculus reptans L.,Ranunkel,Ranunkelfamilien,Krybende,free
109,floradanica_0109.tif,Carduus heterophyllus L.,1763,G. C. Oeder,Karplanter,Digitale Samlinger: Billeder:Særudgivelser:Flora Danica:Hæfte:Hft.  2,Asteraceae,Cirsium helenioides (L.) Hill,Tidsel,Kurvblomstfamilien,Forskelligbladet,free
110,floradanica_0110.tif,Pyrola rotundifolia Oed.,1763,G. C. Oeder,Karplanter,Digitale Samlinger: Billeder:Særudgivelser:Flora Danica:Hæfte:Hft.  2,Pyrolaceae,Pyrola media Swartz,Vintergrøn,Vintergrønfamilien,Klokke-,free
111,floradanica_0111.tif,Ranunculus aconitifolius L.,1763,G. C. Oeder,Karplanter,Digitale Samlinger: Billeder:Særudgivelser:Flora Danica:Hæfte:Hft.  2,Ranunculaceae,Ranunculus platanifolius L.,Ranunkel,Ranunkelfamilien,Lønbladet,free
112,floradanica_0112.tif,Mespilus Cotoneaster L.,1763,G. C. Oeder,Karplanter,Digitale Samlinger: Billeder:Særudgivelser:Flora Danica:Hæfte:Hft.  2,Rosaceae,Cotoneaster integerrimus Medicus,Dværgmispel,Rosenfamilien,Rød,free
113,floradanica_0113.tif,Sedum reflexum L.,1763,G. C. Oeder,Karplanter,Digitale Samlinger: Billeder:Særudgivelser:Flora Danica:Hæfte:Hft.  2,Crassulaceae,Sedum reflexum L.,Stenurt,Stenurtfamilien,Bjerg-,free
114,floradanica_0114.tif,Potentilla aurea L.,1763,G. C. Oeder,Karplanter,Digitale Samlinger: Billeder:Særudgivelser:Flora Danica:Hæfte:Hft.  2,Rosaceae,Potentilla crantzii (Cr.) G. Beck,Potentil,Rosenfamilien,Guld-,free
115,floradanica_0115.tif,Satyrium albidum L.,1763,G. C. Oeder,Karplanter,Digitale Samlinger: Billeder:Særudgivelser:Flora Danica:Hæfte:Hft.  2,Orchidaceae,Gymnadenia albida (L.) L. C. M. Richard,Sækspore,Gøgeurtfamilien,Hvid,free
116,floradanica_0116.tif,Elvela Mitra L.,1763,G. C. Oeder,Svampe,Digitale Samlinger: Billeder:Særudgivelser:Flora Danica:Hæfte:Hft.  2,,Helvella Mitra L.,,,,free
117,floradanica_0117.tif,Salix herbacea L.,1763,G. C. Oeder,Karplanter,Digitale Samlinger: Billeder:Særudgivelser:Flora Danica:Hæfte:Hft.  2,Salicaceae,Salix herbacea L.,Pil,Pilefamilien,Dværg-,free
118,floradanica_0118.tif,Saxifraga rivularis L.,1763,G. C. Oeder,Karplanter,Digitale Samlinger: Billeder:Særudgivelser:Flora Danica:Hæfte:Hft.  2,Saxifragaceae,Saxifraga rivularis L.,Stenbræk,Stenbrækfamilien,Bæk-,free
119,floradanica_0119.tif,Asplenium Trichomanes L.,1763,G. C. Oeder,Karplanter,Digitale Samlinger: Billeder:Særudgivelser:Flora Danica:Hæfte:Hft.  2,Aspleniaceae,Asplenium trichomanes L. ssp. trichomanes,Radeløv,Radeløvfamilien,Rundfinnet,free
120,floradanica_0120.tif,Juncus biglumis L.,1763,G. C. Oeder,Karplanter,Digitale Samlinger: Billeder:Særudgivelser:Flora Danica:Hæfte:Hft.  2,Juncaceae,Juncus biglumis L.,Siv,Sivfamilien,Toblomstret,free
121,floradanica_0121.tif,Dracocephalum Ruyschiana L.,1764,G. C. Oeder,Karplanter,Digitale Samlinger: Billeder:Særudgivelser:Flora Danica:Hæfte:Hft.  3,Lamiaceae,Dracocephalum ruyschiana L.,Dragehoved,Læbeblomstfamilien,Almindelig,free
122,floradanica_0122.tif,Alisma ranunculoides L.,1764,G. C. Oeder,Karplanter,Digitale Samlinger: Billeder:Særudgivelser:Flora Danica:Hæfte:Hft.  3,Alismataceae,Baldellia ranunculoides (L.) Parl.,Søpryd,Skebladfamilien,Almindelig,free
123,floradanica_0123.tif,Aconitum Lycoctonum L.,1764,G. C. Oeder,Karplanter,Digitale Samlinger: Billeder:Særudgivelser:Flora Danica:Hæfte:Hft.  3,Ranunculaceae,Aconitum lycoctonum L. ssp. lycoctonum,Stormhat,Ranunkelfamilien,Nordisk,free
124,floradanica_0124.tif,Geranium silvaticum L.,1764,G. C. Oeder,Karplanter,Digitale Samlinger: Billeder:Særudgivelser:Flora Danica:Hæfte:Hft.  3,Geraniaceae,Geranium sylvaticum L.,Storkenæb,Storkenæbfamilien,Skov-,free
125,floradanica_0125.tif,Primula farinosa L.,1764,G. C. Oeder,Karplanter,Digitale Samlinger: Billeder:Særudgivelser:Flora Danica:Hæfte:Hft.  3,Primulaceae,Primula farinosa L.,Kodriver,Kodriverfamilien,Melet,free
126,floradanica_0126.tif,Lycopodium clavatum L.,1764,G. C. Oeder,Karplanter,Digitale Samlinger: Billeder:Særudgivelser:Flora Danica:Hæfte:Hft.  3,Lycopociaceae,Lycopodium clavatum L. ssp. clavatum,Ulvefod,Ulvefodfamilien,Almindelig,free
127,floradanica_0127.tif,Lycopodium annotinum L.,1764,G. C. Oeder,Karplanter,Digitale Samlinger: Billeder:Særudgivelser:Flora Danica:Hæfte:Hft.  3,Lycopodiaceae,Lycopodium annotinum L. ssp. annotinum,Ulvefod,Ulvefodfamilien,Femradet,free
128,floradanica_0128.tif,Utricularia minor L.,1764,G. C. Oeder,Karplanter,Digitale Samlinger: Billeder:Særudgivelser:Flora Danica:Hæfte:Hft.  3,Lentibulariaceae,Utricularia minor L.,Blærerod,Blærerodfamilien,Liden,free
129,floradanica_0129.tif,Callitriche verna L.,1764,G. C. Oeder,Karplanter,Digitale Samlinger: Billeder:Særudgivelser:Flora Danica:Hæfte:Hft.  3,Callitrichaceae,Callitriche palustris L.,Vandstjerne,Vandstjernefamilien,Småfrugtet,free
130,floradanica_0130.tif,Draba incana L.,1764,G. C. Oeder,Karplanter,Digitale Samlinger: Billeder:Særudgivelser:Flora Danica:Hæfte:Hft.  3,Brassicaceae,Draba incana L.,Draba,Korsblomstfamilien,Hvidgrå,free
131,floradanica_0131.tif,Montia fontana L.,1764,G. C. Oeder,Karplanter,Digitale Samlinger: Billeder:Særudgivelser:Flora Danica:Hæfte:Hft.  3,Portulacaceae,Montia sp.,Vandarve,Portulakfamilien,,free
132,floradanica_0132.tif,Juncus triglumis L.,1764,G. C. Oeder,Karplanter,Digitale Samlinger: Billeder:Særudgivelser:Flora Danica:Hæfte:Hft.  3,Juncaceae,Juncus triglumis L.,Siv,Sivfamilien,Treblomstret,free
133,floradanica_0133.tif,Trollius europaeus L.,1764,G. C. Oeder,Karplanter,Digitale Samlinger: Billeder:Særudgivelser:Flora Danica:Hæfte:Hft.  3,Ranunculaceae,Trollius europaeus L.,Engblomme,Ranunkelfamilien,,free
134,floradanica_0134.tif,Rubus saxatilis L.,1764,G. C. Oeder,Karplanter,Digitale Samlinger: Billeder:Særudgivelser:Flora Danica:Hæfte:Hft.  3,Rosaceae,Rubus saxatilis L.,Fruebær,Rosenfamilien,Almindelig,free
135,floradanica_0135.tif,Cochlearia officinalis L.,1764,G. C. Oeder,Karplanter,Digitale Samlinger: Billeder:Særudgivelser:Flora Danica:Hæfte:Hft.  3,Brassicaceae,Cochlearia officinalis L.,Kokleare,Korsblomstfamilien,Læge-,free
136,floradanica_0136.tif,Lathraea squamaria L.,1764,G. C. Oeder,Karplanter,Digitale Samlinger: Billeder:Særudgivelser:Flora Danica:Hæfte:Hft.  3,Scrophulariaceae,Lathraea squamaria L.,Skælrod,Maskeblomstfamilien,,free
137,floradanica_0137.tif,Ophrys ovata L.,1764,G. C. Oeder,Karplanter,Digitale Samlinger: Billeder:Særudgivelser:Flora Danica:Hæfte:Hft.  3,Orchidaceae,Listera ovata (L.) R. Br.,Fliglæbe,Gøgeurtfamilien,Ægbladet,free
138,floradanica_0138.tif,Utricularia vulgaris L.,1764,G. C. Oeder,Karplanter,Digitale Samlinger: Billeder:Særudgivelser:Flora Danica:Hæfte:Hft.  3,Lentibulariaceae,Utricularia vulgaris L.,Blærerod,Blærerodfamilien,Almindelig,free
139,floradanica_0139.tif,Paris quadrifolia L.,1764,G. C. Oeder,Karplanter,Digitale Samlinger: Billeder:Særudgivelser:Flora Danica:Hæfte:Hft.  3,Liliaceae,Paris quadrifolia L.,Firblad,Liljefamilien,,free
140,floradanica_0140.tif,Anemone ranunculoides L.,1764,G. C. Oeder,Karplanter,Digitale Samlinger: Billeder:Særudgivelser:Flora Danica:Hæfte:Hft.  3,Ranunculaceae,Anemone ranunculoides L.,Anemone,Ranunkelfamilien,Gul,free
141,floradanica_0141.tif,Hypericum humifusum L.,1764,G. C. Oeder,Karplanter,Digitale Samlinger: Billeder:Særudgivelser:Flora Danica:Hæfte:Hft.  3,Clusiaceae,Hypericum humifusum L.,Perikon,Perikonfamilien,Dværg-,free
142,floradanica_0142.tif,Draba hirta Oed.,1764,G. C. Oeder,Karplanter,Digitale Samlinger: Billeder:Særudgivelser:Flora Danica:Hæfte:Hft.  3,Brassicaceae,Draba lactea Adams,Draba,Korsblomstfamilien,Lapmarks-,free
143,floradanica_0143.tif,Draba pyrenaica (?) Oed.,1764,G. C. Oeder,Karplanter,Digitale Samlinger: Billeder:Særudgivelser:Flora Danica:Hæfte:Hft.  3,Brassicaceae,Draba daurica DC.,Draba,Korsblomstfamilien,Glatskulpet,free
144,floradanica_0144.tif,Ranunculus lapponicus Oed.,1764,G. C. Oeder,Karplanter,Digitale Samlinger: Billeder:Særudgivelser:Flora Danica:Hæfte:Hft.  3,Ranunculaceae,Ranunculus pygmaeus Wahlenb.,Ranunkel,Ranunkelfamilien,Dværg-,free
145,floradanica_0145.tif,Melampyrum silvaticum L.,1764,G. C. Oeder,Karplanter,Digitale Samlinger: Billeder:Særudgivelser:Flora Danica:Hæfte:Hft.  3,Scrophulariaceae,Melampyrum sylvaticum L.,Kohvede,Maskeblomstfamilien,Skov-,free
146,floradanica_0146.tif,Fucus nodosus L.,1764,G. C. Oeder,Alger,Digitale Samlinger: Billeder:Særudgivelser:Flora Danica:Hæfte:Hft.  3,,Ascophyllum nodosum (L.) Le Jolis (Halidrys Lgb.).,,,,free
147,floradanica_0147.tif,Ophioglossum vulgatum L.,1764,G. C. Oeder,Karplanter,Digitale Samlinger: Billeder:Særudgivelser:Flora Danica:Hæfte:Hft.  3,Ophioglossaceae,Ophioglossum vulgatum L.,Slangetunge,Slangetungefamilien,,free
148,floradanica_0148.tif,Cardamine hirsuta Oed.,1764,G. C. Oeder,Karplanter,Digitale Samlinger: Billeder:Særudgivelser:Flora Danica:Hæfte:Hft.  3,Brassicaceae,Cardamine hirsuta L.,Vandkarse,Korsblomstfamilien,,free
149,floradanica_0149.tif,Hypochoeris maculata L.,1764,G. C. Oeder,Karplanter,Digitale Samlinger: Billeder:Særudgivelser:Flora Danica:Hæfte:Hft.  3,Asteraceae,Hypochoeris maculata L.,Kongepen,Kurvblomstfamilien,Plettet,free
150,floradanica_0150.tif,Hypochoeris radicata L.,1764,G. C. Oeder,Karplanter,Digitale Samlinger: Billeder:Særudgivelser:Flora Danica:Hæfte:Hft.  3,Asteraceae,Hypochoeris radicata L.,Kongepen,Kurvblomstfamilien,Almindelig,free
151,floradanica_0151.tif,Lichen paschalis L.,1764,G. C. Oeder,Laver,Digitale Samlinger: Billeder:Særudgivelser:Flora Danica:Hæfte:Hft.  3,,Stereocaulon paschale (L.) Fr.,,,,free
152,floradanica_0152.tif,Convallaria multiflora L.,1764,G. C. Oeder,Karplanter,Digitale Samlinger: Billeder:Særudgivelser:Flora Danica:Hæfte:Hft.  3,Liliaceae,Polygonatum multiflorum (L.) All.,Konval,Liljefamilien,Stor,free
153,floradanica_0153.tif,Anemone pulsatilla L.,1764,G. C. Oeder,Karplanter,Digitale Samlinger: Billeder:Særudgivelser:Flora Danica:Hæfte:Hft.  3,Ranunculaceae,Pulsatilla vulgaris Miller ssp. vulgaris,Kobjælde,Ranunkelfamilien,Opret,free
154,floradanica_0154.tif,Chara hispida L.,1764,G. C. Oeder,Taxonomisk gruppe,Digitale Samlinger: Billeder:Særudgivelser:Flora Danica:Hæfte:Hft.  3,,,,,,free
155,floradanica_0155.tif,Lichen islandicus L.,1764,G. C. Oeder,Laver,Digitale Samlinger: Billeder:Særudgivelser:Flora Danica:Hæfte:Hft.  3,,Cetraria islandica (L.) Ach.,,,,free
156,floradanica_0156.tif,Elatine Hydropiper L.,1764,G. C. Oeder,Karplanter,Digitale Samlinger: Billeder:Særudgivelser:Flora Danica:Hæfte:Hft.  3,Elatinaceae,Elatine hydropiper L.,Bækarve,Bækarvefamilien,Vandpeber-,free
157,floradanica_0157.tif,Aira flexuosa L.,1764,G. C. Oeder,Karplanter,Digitale Samlinger: Billeder:Særudgivelser:Flora Danica:Hæfte:Hft.  3,Poaceae,Deschampsia flexuosa (L.) Trin.,Bunke,Græsfamilien,Bølget,free
158,floradanica_0158.tif,Carex atrata L.,1764,G. C. Oeder,Karplanter,Digitale Samlinger: Billeder:Særudgivelser:Flora Danica:Hæfte:Hft.  3,Cyperaceae,Carex atrata L.,Star,Halvgræsfamilien,Sort,free
159,floradanica_0159.tif,Carex Saxatilis L.,1764,G. C. Oeder,Karplanter,Digitale Samlinger: Billeder:Særudgivelser:Flora Danica:Hæfte:Hft.  3,Cyperaceae,Carex bigelowii Torrey ex Schweinitz ssp. nardeticola J. Holub.,Star,Halvgræsfamilien,Rank,free
160,floradanica_0160.tif,Lolium temulentum,1764,G. C. Oeder,Karplanter,Digitale Samlinger: Billeder:Særudgivelser:Flora Danica:Hæfte:Hft.  3,Poaceae,Lolium temulentum L.,Rajgræs,Græsfamilien,Giftig,free
161,floradanica_0161.tif,Agrostis canina L. var.,1764,G. C. Oeder,Karplanter,Digitale Samlinger: Billeder:Særudgivelser:Flora Danica:Hæfte:Hft.  3,Poaceae,Agrostis stricta J. F. Gmelin ssp. hyperborea (Laest.),Hvene,Græsfamilien,Klippe-,free
162,floradanica_0162.tif,Festuca decumbens L.,1764,G. C. Oeder,Karplanter,Digitale Samlinger: Billeder:Særudgivelser:Flora Danica:Hæfte:Hft.  3,Poaceae,Danthonia decumbens (L.) DC. in Lam. & DC.,Tandbælg,Græsfamilien,Almindelig,free
163,floradanica_0163.tif,Agrostis capillaris Oed.,1764,G. C. Oeder,Karplanter,Digitale Samlinger: Billeder:Særudgivelser:Flora Danica:Hæfte:Hft.  3,Poaceae,Agrostis capillaris L.,Hvene,Græsfamilien,Almindelig,free
164,floradanica_0164.tif,Bromus pinnatus Oed.,1764,G. C. Oeder,Karplanter,Digitale Samlinger: Billeder:Særudgivelser:Flora Danica:Hæfte:Hft.  3,Poaceae,Brachypodium sylvaticum (Hudson) Beauv.,Stilkaks,Græsfamilien,Skov-,free
165,floradanica_0165.tif,Avena elatior L.,1764,G. C. Oeder,Karplanter,Digitale Samlinger: Billeder:Særudgivelser:Flora Danica:Hæfte:Hft.  3,Poaceae,Arrhenatherum elatius (L.) Beauv. ex J. & C. Presl.,Draphavre,Græsfamilien,,free
166,floradanica_0166.tif,Carex pulicaris L. 11),1764,G. C. Oeder,Karplanter,Digitale Samlinger: Billeder:Særudgivelser:Flora Danica:Hæfte:Hft.  3,Cyperaceae,Carex pulicaris L.,Star,Halvgræsfamilien,Loppe-,free
167,floradanica_0167.tif,Scirpus acicularis Oed.,1764,G. C. Oeder,Karplanter,Digitale Samlinger: Billeder:Særudgivelser:Flora Danica:Hæfte:Hft.  3,Cyperaceae,Eleocharis uniglumis (Link) Schultes,Sumpstrå,Halvgræsfamilien,Enskællet,free
168,floradanica_0168.tif,Carex capillaris L.,1764,G. C. Oeder,Karplanter,Digitale Samlinger: Billeder:Særudgivelser:Flora Danica:Hæfte:Hft.  3,Cyperaceae,Carex capillaris L. ssp. capillaris,Star,Halvgræsfamilien,Almindelig Hår-,free
169,floradanica_0169.tif,Osmunda Struthiopteris L.,1764,G. C. Oeder,Karplanter,Digitale Samlinger: Billeder:Særudgivelser:Flora Danica:Hæfte:Hft.  3,Woodsiaceae,Matteuccia struthiopteris (L.) Tod.,Strudsvinge,Fjerbregnefamilien,,free
170,floradanica_0170.tif,Plantago uniflora L.,1764,G. C. Oeder,Karplanter,Digitale Samlinger: Billeder:Særudgivelser:Flora Danica:Hæfte:Hft.  3,Plantaginaceae,Littorella uniflora (L.) Ascherson,Strandbo,Vejbredfamilien,,free
171,floradanica_0171.tif,Potentilla norvegica L.,1764,G. C. Oeder,Karplanter,Digitale Samlinger: Billeder:Særudgivelser:Flora Danica:Hæfte:Hft.  3,Rosaceae,Potentilla norvegica L.,Potentil,Rosenfamilien,Norsk,free
172,floradanica_0172.tif,Sagittaria sagittifolia L.,1764,G. C. Oeder,Karplanter,Digitale Samlinger: Billeder:Særudgivelser:Flora Danica:Hæfte:Hft.  3,Alismataceae,Sagittaria sagittifolia L.,Pilblad,Skebladfamilien,Almindelig,free
173,floradanica_0173.tif,Hypericum montanum L.,1764,G. C. Oeder,Karplanter,Digitale Samlinger: Billeder:Særudgivelser:Flora Danica:Hæfte:Hft.  3,Clusiaceae,Hypericum montanum L.,Perikon,Perikonfamilien,Bjerg-,free
174,floradanica_0174.tif,Lysimachia nemorum L.,1764,G. C. Oeder,Karplanter,Digitale Samlinger: Billeder:Særudgivelser:Flora Danica:Hæfte:Hft.  3,Primulaceae,Lysimachia nemorum L.,Fredløs,Kodriverfamilien,Lund-,free
175,floradanica_0175.tif,Phallus impudicus L.,1764,G. C. Oeder,Svampe,Digitale Samlinger: Billeder:Særudgivelser:Flora Danica:Hæfte:Hft.  3,,,,,,free
176,floradanica_0176.tif,Hydnum imbricatum L.,1764,G. C. Oeder,Svampe,Digitale Samlinger: Billeder:Særudgivelser:Flora Danica:Hæfte:Hft.  3,,,,,,free
177,floradanica_0177.tif,Centunculus minimus L.,1764,G. C. Oeder,Karplanter,Digitale Samlinger: Billeder:Særudgivelser:Flora Danica:Hæfte:Hft.  3,Primulaceae,Anagallis minima (L.) E. H. L. Krause in Sturm,Knudearve,Kodriverfamilien,,free
178,floradanica_0178.tif,Linum Radiola L.,1764,G. C. Oeder,Karplanter,Digitale Samlinger: Billeder:Særudgivelser:Flora Danica:Hæfte:Hft.  3,Linaceae,Radiola linoides Roth,Tusindfrø,Hørfamilien,,free
179,floradanica_0179.tif,Cyperus fuscus L.,1764,G. C. Oeder,Karplanter,Digitale Samlinger: Billeder:Særudgivelser:Flora Danica:Hæfte:Hft.  3,Cyperaceae,Cyperus fuscus L.,Fladaks,Halvgræsfamilien,Brun,free
180,floradanica_0180.tif,Lichen rangiferinus alpestris L.,1764,G. C. Oeder,Laver,Digitale Samlinger: Billeder:Særudgivelser:Flora Danica:Hæfte:Hft.  3,,Cladonia rangiferina (L.) Hoffm. var. alpestris.,,,,free
181,floradanica_0181.tif,Ophrys Nidus avis L.,1765,G. C. Oeder,Karplanter,Digitale Samlinger: Billeder:Særudgivelser:Flora Danica:Hæfte:Hft.  4,Orchidaceae,Neottia nidus-avis (L.) L. C. M. Richard,Rederod,Gøgeurtfamilien,,free
182,floradanica_0182.tif,Sonchus alpinus L.,1765,G. C. Oeder,Karplanter,Digitale Samlinger: Billeder:Særudgivelser:Flora Danica:Hæfte:Hft.  4,Asteraceae,Cicerbita alpina (L.) Wallr.,Turt,Kurvblomstfamilien,Fjeld-,free
183,floradanica_0183.tif,Rhodiola rosea L.,1765,G. C. Oeder,Karplanter,Digitale Samlinger: Billeder:Særudgivelser:Flora Danica:Hæfte:Hft.  4,Crassulaceae,Rhodiola rosea L.,Rosenrod,Stenurtfamilien,,free
184,floradanica_0184.tif,Lepidium ruderale L.,1765,G. C. Oeder,Karplanter,Digitale Samlinger: Billeder:Særudgivelser:Flora Danica:Hæfte:Hft.  4,Brassicaceae,Lepidium ruderale L.,Karse,Korsblomstfamilien,Stinkende,free
185,floradanica_0185.tif,Ajuga pyramidalis L.,1765,G. C. Oeder,Karplanter,Digitale Samlinger: Billeder:Særudgivelser:Flora Danica:Hæfte:Hft.  4,Lamiaceae,Ajuga pyramidalis L.,Læbeløs,Læbeblomstfamilien,Pyramide-,free
186,floradanica_0186.tif,Potamogeton marinum L. Oed.,1765,G. C. Oeder,Karplanter,Digitale Samlinger: Billeder:Særudgivelser:Flora Danica:Hæfte:Hft.  4,Potamogetonaceae,Potamogeton pectinatus L.,Vandaks,Vandaksfamilien,Børstebladet,free
187,floradanica_0187.tif,Salsola hirsuta L.,1765,G. C. Oeder,Karplanter,Digitale Samlinger: Billeder:Særudgivelser:Flora Danica:Hæfte:Hft.  4,Chenopodiaceae,Bassia hirsuta (L.) Ascherson in Schweinf.,Tangurt,Salturtfamilien,,free
188,floradanica_0188.tif,Primula integrifolia Oed.,1765,G. C. Oeder,Karplanter,Digitale Samlinger: Billeder:Særudgivelser:Flora Danica:Hæfte:Hft.  4,Primulaceae,Primula nutans Georgi,Kodriver,Kodriverfamilien,Norsk,free
189,floradanica_0189.tif,Campanula rotundifolia L. var. [gamma],1765,G. C. Oeder,Karplanter,Digitale Samlinger: Billeder:Særudgivelser:Flora Danica:Hæfte:Hft.  4,Campanulaceae,Campanula rotundifolia L. ssp. rotundifolia,Klokke,Klokkefamilien,Liden,free
190,floradanica_0190.tif,Asplenium Ruta muraria,1765,G. C. Oeder,Karplanter,Digitale Samlinger: Billeder:Særudgivelser:Flora Danica:Hæfte:Hft.  4,Aspleniaceae,Asplenium ruta-muraria L.,Murrude,Radeløvfamilien,,free
191,floradanica_0191.tif,Isoëtes lacustris L. 12),1765,G. C. Oeder,Karplanter,Digitale Samlinger: Billeder:Særudgivelser:Flora Danica:Hæfte:Hft.  4,Isoëtaceae,Isoetes sp.,Brasenføde,Brasenfødefamilien,,free
192,floradanica_0192.tif,Splachnum ampullaceum Oed.,1765,G. C. Oeder,Mosser,Digitale Samlinger: Billeder:Særudgivelser:Flora Danica:Hæfte:Hft.  4,,Tetraplodon mnioides (Sw.) Br. et Sch.?,,,,free
193,floradanica_0193.tif,Pinus Abies L.,1765,G. C. Oeder,Karplanter,Digitale Samlinger: Billeder:Særudgivelser:Flora Danica:Hæfte:Hft.  4,Pinaceae,Picea abies (L.) H. Karsten ssp. abies,Rødgran,Granfamilien,,free
194,floradanica_0194.tif,Primula veris acaulis L.,1765,G. C. Oeder,Karplanter,Digitale Samlinger: Billeder:Særudgivelser:Flora Danica:Hæfte:Hft.  4,Primulaceae,Primula vulgaris Hudson,Kodriver,Kodriverfamilien,Storblomstret,free
195,floradanica_0195.tif,Potamogeton lucens L.,1765,G. C. Oeder,Karplanter,Digitale Samlinger: Billeder:Særudgivelser:Flora Danica:Hæfte:Hft.  4,Potamogetonaceae,Potamogeton lucens L.,Vandaks,Vandaksfamilien,Glinsende,free
196,floradanica_0196.tif,Potamogeton perfoliatum L.,1765,G. C. Oeder,Karplanter,Digitale Samlinger: Billeder:Særudgivelser:Flora Danica:Hæfte:Hft.  4,Potamogetonaceae,Potamogeton perfoliatus L.,Vandaks,Vandaksfamilien,Hjertebladet,free
197,floradanica_0197.tif,Salix arenaria Oed.,1765,G. C. Oeder,Karplanter,Digitale Samlinger: Billeder:Særudgivelser:Flora Danica:Hæfte:Hft.  4,Salicaceae,Salix glauca L. var. glauca,Pil,Pilefamilien,Blågrå,free
198,floradanica_0198.tif,Samolus Valerandi L.,1765,G. C. Oeder,Karplanter,Digitale Samlinger: Billeder:Særudgivelser:Flora Danica:Hæfte:Hft.  4,Primulaceae,Samolus valerandi L.,Samel,Kodriverfamilien,,free
199,floradanica_0199.tif,Cuscuta europaea L.,1765,G. C. Oeder,Karplanter,Digitale Samlinger: Billeder:Særudgivelser:Flora Danica:Hæfte:Hft.  4,Cuscutaceae,Cuscuta europaea L.,Silke,Silkefamilien,Nælde-,free
200,floradanica_0200.tif,Saxifraga Hirculus L.,1765,G. C. Oeder,Karplanter,Digitale Samlinger: Billeder:Særudgivelser:Flora Danica:Hæfte:Hft.  4,Saxifragaceae,Saxifraga hirculus L.,Stenbræk,Stenbrækfamilien,Gul,free
201,floradanica_0201.tif,Hyoseris minima L.,1765,G. C. Oeder,Karplanter,Digitale Samlinger: Billeder:Særudgivelser:Flora Danica:Hæfte:Hft.  4,Asteraceae,Arnoseris minima (L.) Schweigger & Koerte,Svineøje,Kurvblomstfamilien,,free
202,floradanica_0202.tif,Cochlearia Coronopus L.,1765,G. C. Oeder,Karplanter,Digitale Samlinger: Billeder:Særudgivelser:Flora Danica:Hæfte:Hft.  4,Brassicaceae,Coronopus squamatus (Forskål) Ascherson,Ravnefod,Korsblomstfamilien,Almindelig,free
203,floradanica_0203.tif,Potamogeton compressum Oed.,1765,G. C. Oeder,Karplanter,Digitale Samlinger: Billeder:Særudgivelser:Flora Danica:Hæfte:Hft.  4,Potamogetonaceae,Potamogeton friesii Rupr.,Vandaks,Vandaksfamilien,Brodbladet,free
204,floradanica_0204.tif,Myagrum paniculatum L.,1765,G. C. Oeder,Karplanter,Digitale Samlinger: Billeder:Særudgivelser:Flora Danica:Hæfte:Hft.  4,Brassicaceae,Neslia paniculata (L.) Desv.,Rundskulpe,Korsblomstfamilien,Almindelig,free
205,floradanica_0205.tif,Prunus Padus L.,1765,G. C. Oeder,Karplanter,Digitale Samlinger: Billeder:Særudgivelser:Flora Danica:Hæfte:Hft.  4,Rosaceae,Prunus padus L. ssp. padus,Hæg,Rosenfamilien,Almindelig,free
206,floradanica_0206.tif,Angelica Archangelica L.,1765,G. C. Oeder,Karplanter,Digitale Samlinger: Billeder:Særudgivelser:Flora Danica:Hæfte:Hft.  4,Apiaceae,Angelica archangelica L. ssp. archangelica,Kvan,Skærmblomstfamilien,Fjeld-,free
207,floradanica_0207.tif,Ligusticum scoticum L.,1765,G. C. Oeder,Karplanter,Digitale Samlinger: Billeder:Særudgivelser:Flora Danica:Hæfte:Hft.  4,Apiaceae,Ligusticum scoticum L.,Lostilk,Skærmblomstfamilien,Skotsk,free
208,floradanica_0208.tif,Cicuta virosa L.,1765,G. C. Oeder,Karplanter,Digitale Samlinger: Billeder:Særudgivelser:Flora Danica:Hæfte:Hft.  4,Apiaceae,Cicuta virosa L.,Gifttyde,Skærmblomstfamilien,,free
209,floradanica_0209.tif,Veronica scutellata L.,1765,G. C. Oeder,Karplanter,Digitale Samlinger: Billeder:Særudgivelser:Flora Danica:Hæfte:Hft.  4,Scrophulariaceae,Veronica scutellata L.,Ærenpris,Maskeblomstfamilien,Smalbladet,free
210,floradanica_0210.tif,Circaea lutetiana L.,1765,G. C. Oeder,Karplanter,Digitale Samlinger: Billeder:Særudgivelser:Flora Danica:Hæfte:Hft.  4,Onagraceae,Circaea lutetiana L.,Steffensurt,Natlysfamilien,Dunet,free
211,floradanica_0211.tif,Medicago polymorpha L. var. minima,1765,G. C. Oeder,Karplanter,Digitale Samlinger: Billeder:Særudgivelser:Flora Danica:Hæfte:Hft.  4,Fabaceae,Medicago minima (L.) L.,Sneglebælg,Ærteblomstfamilien,Liden,free
212,floradanica_0212.tif,Salix reticulata L.,1765,G. C. Oeder,Karplanter,Digitale Samlinger: Billeder:Særudgivelser:Flora Danica:Hæfte:Hft.  4,Salicaceae,Salix reticulata L.,Pil,Pilefamilien,Net-,free
213,floradanica_0213.tif,Phleum alpinum L.,1765,G. C. Oeder,Karplanter,Digitale Samlinger: Billeder:Særudgivelser:Flora Danica:Hæfte:Hft.  4,Poaceae,Phleum alpinum L.,Rottehale,Græsfamilien,Fjeld-,free
214,floradanica_0214.tif,Fucus excisus? Oed.,1765,G. C. Oeder,Alger,Digitale Samlinger: Billeder:Særudgivelser:Flora Danica:Hæfte:Hft.  4,,Pelvetia canaliculata (L.) Thur. et Dene. (non bona).,,,,free
215,floradanica_0215.tif,?,1765,G. C. Oeder,Ukendt,Digitale Samlinger: Billeder:Særudgivelser:Flora Danica:Hæfte:Hft.  4,,"Webera annotina (L.) Bruch, f. sterilis, bulbillifera.",,,,free
216,floradanica_0216.tif,Clathrus nudus Oed.,1765,G. C. Oeder,Slimsvampe,Digitale Samlinger: Billeder:Særudgivelser:Flora Danica:Hæfte:Hft.  4,,Stemonitis typhina Pers.,,,,free
217,floradanica_0217.tif,Osmunda regalis L.,1765,G. C. Oeder,Karplanter,Digitale Samlinger: Billeder:Særudgivelser:Flora Danica:Hæfte:Hft.  4,Osmundaceae,Osmunda regalis L.,Kongebregne,Kongebregnefamilien,,free
218,floradanica_0218.tif,Geranium lucidum L.,1765,G. C. Oeder,Karplanter,Digitale Samlinger: Billeder:Særudgivelser:Flora Danica:Hæfte:Hft.  4,Geraniaceae,Geranium lucidum L.,Storkenæb,Storkenæbfamilien,Skinnende,free
219,floradanica_0219.tif,Ranunculus arvensis L.,1765,G. C. Oeder,Karplanter,Digitale Samlinger: Billeder:Særudgivelser:Flora Danica:Hæfte:Hft.  4,Ranunculaceae,Ranunculus arvensis L.,Ranunkel,Ranunkelfamilien,Ager-,free
220,floradanica_0220.tif,Bunium Bulbocastanum Oed.,1765,G. C. Oeder,Karplanter,Digitale Samlinger: Billeder:Særudgivelser:Flora Danica:Hæfte:Hft.  4,Apiaceae,Conopodium majus (Gouan) Loret,Svinenød,Skærmblomstfamilien,,free
221,floradanica_0221.tif,Dianthus prolifer L.,1765,G. C. Oeder,Karplanter,Digitale Samlinger: Billeder:Særudgivelser:Flora Danica:Hæfte:Hft.  4,Caryophyllaceae,Petrorhagia prolifera (L.) P. W. Ball & Heywood,Knopnellike,Nellikefamilien,Almindelig,free
222,floradanica_0222.tif,Potamogeton gramineum L.,1765,G. C. Oeder,Karplanter,Digitale Samlinger: Billeder:Særudgivelser:Flora Danica:Hæfte:Hft.  4,Potamogetonaceae,Potamogeton gramineus L.,Vandaks,Vandaksfamilien,Græsbladet,free
223,floradanica_0223.tif,Pilularia globulifera L.,1765,G. C. Oeder,Karplanter,Digitale Samlinger: Billeder:Særudgivelser:Flora Danica:Hæfte:Hft.  4,Marsileaceae,Pilularia globulifera L.,Pilledrager,Pilledragerfamilien,,free
224,floradanica_0224.tif,Orchis conopsea L.,1765,G. C. Oeder,Karplanter,Digitale Samlinger: Billeder:Særudgivelser:Flora Danica:Hæfte:Hft.  4,Orchidaceae,Gymnadenia conopsea (L.) R. Br. var. conopsea,Trådspore,Gøgeurtfamilien,Langakset,free
225,floradanica_0225.tif,Pedicularis silvatica L.,1765,G. C. Oeder,Karplanter,Digitale Samlinger: Billeder:Særudgivelser:Flora Danica:Hæfte:Hft.  4,Scrophulariaceae,Pedicularis sylvatica L.,Troldurt,Maskeblomstfamilien,Mose-,free
226,floradanica_0226.tif,Lichen vulpinus L.,1765,G. C. Oeder,Laver,Digitale Samlinger: Billeder:Særudgivelser:Flora Danica:Hæfte:Hft.  4,,Chlorea vulpina (L.) Nyl.,,,,free
227,floradanica_0227.tif,Lichen nivalis L.,1765,G. C. Oeder,Laver,Digitale Samlinger: Billeder:Særudgivelser:Flora Danica:Hæfte:Hft.  4,,Cetraria nivalis (L.) Ach.,,,,free
228,floradanica_0228.tif,Aira spicata L.,1765,G. C. Oeder,Karplanter,Digitale Samlinger: Billeder:Særudgivelser:Flora Danica:Hæfte:Hft.  4,Poaceae,Trisetum spicatum (L.) K. Richter ssp. spicatum,Guldhavre,Græsfamilien,Fjeld-,free
229,floradanica_0229.tif,Erysimum hieraciifolium L.,1765,G. C. Oeder,Karplanter,Digitale Samlinger: Billeder:Særudgivelser:Flora Danica:Hæfte:Hft.  4,Brassicaceae,Erysimum hieracifolium L.,Hjørneklap,Korsblomstfamilien,Rank,free
230,floradanica_0230.tif,Dianthus Armeria L.,1765,G. C. Oeder,Karplanter,Digitale Samlinger: Billeder:Særudgivelser:Flora Danica:Hæfte:Hft.  4,Caryophyllaceae,Dianthus armeria L.,Nellike,Nellikefamilien,Kost-,free
231,floradanica_0231.tif,Vaccinium uliginosum L.,1765,G. C. Oeder,Karplanter,Digitale Samlinger: Billeder:Særudgivelser:Flora Danica:Hæfte:Hft.  4,Ericaceae,Vaccinium uliginosum L. ssp. uliginosum,Mosebølle,Lyngfamilien,Almindelig,free
232,floradanica_0232.tif,Monotropa Hypopitys L.,1765,G. C. Oeder,Karplanter,Digitale Samlinger: Billeder:Særudgivelser:Flora Danica:Hæfte:Hft.  4,Pyrolaceae,Monotropa hypopitys L. ssp. hypopitys,Snylterod,Vintergrønfamilien,Almindelig,free
233,floradanica_0233.tif,Medicago falcata L.,1765,G. C. Oeder,Karplanter,Digitale Samlinger: Billeder:Særudgivelser:Flora Danica:Hæfte:Hft.  4,Fabaceae,Medicago falcata L.,Sneglebælg,Ærteblomstfamilien,Segl-,free
234,floradanica_0234.tif,Tamarix germanica L.,1765,G. C. Oeder,Karplanter,Digitale Samlinger: Billeder:Særudgivelser:Flora Danica:Hæfte:Hft.  4,Tamaricaceae,Myricaria germanica (L.) Desv.,Piskeris,Tamariskfamilien,,free
235,floradanica_0235.tif,Orchis bifolia L.,1765,G. C. Oeder,Karplanter,Digitale Samlinger: Billeder:Særudgivelser:Flora Danica:Hæfte:Hft.  4,Orchidaceae,Platanthera bifolia (L.) L. C. M. Richard ssp. bifolia,Gøgelilje,Gøgeurtfamilien,Bakke-,free
236,floradanica_0236.tif,Eriophorum vaginatum L.,1765,G. C. Oeder,Karplanter,Digitale Samlinger: Billeder:Særudgivelser:Flora Danica:Hæfte:Hft.  4,Cyperaceae,Eriophorum vaginatum L. ssp. vaginatum,Kæruld,Halvgræsfamilien,Tue-,free
237,floradanica_0237.tif,Festuca fluitans L.,1765,G. C. Oeder,Karplanter,Digitale Samlinger: Billeder:Særudgivelser:Flora Danica:Hæfte:Hft.  4,Poaceae,Glyceria plicata (Fires) Fries,Sødgræs,Græsfamilien,Butblomstret,free
238,floradanica_0238.tif,Cynosurus cristatus L.,1765,G. C. Oeder,Karplanter,Digitale Samlinger: Billeder:Særudgivelser:Flora Danica:Hæfte:Hft.  4,Poaceae,Cynosurus cristatus L.,Kamgræs,Græsfamilien,Almindelig,free
239,floradanica_0239.tif,Aira coerulea L.,1765,G. C. Oeder,Karplanter,Digitale Samlinger: Billeder:Særudgivelser:Flora Danica:Hæfte:Hft.  4,Poaceae,Molinia caerulea (L.) Moench.,Blåtop,Græsfamilien,,free
240,floradanica_0240.tif,Aira caespitosa L.,1765,G. C. Oeder,Karplanter,Digitale Samlinger: Billeder:Særudgivelser:Flora Danica:Hæfte:Hft.  4,Poaceae,Deschampsia cespitosa (L.) Beauv.,Bunke,Græsfamilien,Mose-,free
241,floradanica_0241.tif,Saxifraga Cotyledon L.,1766,G. C. Oeder,Karplanter,Digitale Samlinger: Billeder:Særudgivelser:Flora Danica:Hæfte:Hft.  5,Saxifragaceae,Saxifraga cotyledon L.,Bjergfrue,Stenbrækfamilien,,free
242,floradanica_0242.tif,Silene nutans L.,1766,G. C. Oeder,Karplanter,Digitale Samlinger: Billeder:Særudgivelser:Flora Danica:Hæfte:Hft.  5,Caryophyllaceae,Silene nutans L.,Limurt,Nellikefamilien,Nikkende,free
243,floradanica_0243.tif,Plantago maritima L.,1766,G. C. Oeder,Karplanter,Digitale Samlinger: Billeder:Særudgivelser:Flora Danica:Hæfte:Hft.  5,Plantaginaceae,Plantago maritima L.,Vejbred,Vejbredfamilien,Strand-,free
244,floradanica_0244.tif,Thalictrum minus Oed.,1766,G. C. Oeder,Karplanter,Digitale Samlinger: Billeder:Særudgivelser:Flora Danica:Hæfte:Hft.  5,Rosaceae,Thalictrum simplex L. ssp. simplex,Frøstjerne,Rosenfamilien,Rank,free
245,floradanica_0245.tif,Salix caprea Oed.,1766,G. C. Oeder,Karplanter,Digitale Samlinger: Billeder:Særudgivelser:Flora Danica:Hæfte:Hft.  5,Salicaceae,Salix lanata L. ssp. lanata,Pil,Pilefamilien,Uld-,free
246,floradanica_0246.tif,Sium latifolium L.,1766,G. C. Oeder,Karplanter,Digitale Samlinger: Billeder:Særudgivelser:Flora Danica:Hæfte:Hft.  5,Apiaceae,Sium latifolium L.,Mærke,Skærmblomstfamilien,Bredbladet,free
247,floradanica_0247.tif,Sium nodiflorum Oed.,1766,G. C. Oeder,Karplanter,Digitale Samlinger: Billeder:Særudgivelser:Flora Danica:Hæfte:Hft.  5,Apiaceae,Berula erecta (Hudson) Coville,Sideskærm,Skærmblomstfamilien,,free
248,floradanica_0248.tif,Veronica officinalis L.,1766,G. C. Oeder,Karplanter,Digitale Samlinger: Billeder:Særudgivelser:Flora Danica:Hæfte:Hft.  5,Scrophulariaceae,Veronica officinalis L.,Ærenpris,Maskeblomstfamilien,Læge-,free
249,floradanica_0249.tif,Phascum subulatum (?) Oed. / Phascum subulatum L. / Phascum acaule Oed.,1766,G. C. Oeder,Mosser,Digitale Samlinger: Billeder:Særudgivelser:Flora Danica:Hæfte:Hft.  5,,Diphyscium foliosum Mohr (Webera sessilis Lindb.).,,,,free
250,floradanica_0250.tif,Asplenium Adiantum nigrum L.,1766,G. C. Oeder,Karplanter,Digitale Samlinger: Billeder:Særudgivelser:Flora Danica:Hæfte:Hft.  5,Aspleniaceae,Asplenium adiantum-nigrum L.,Radeløv,Radeløvfamilien,Sort,free
251,floradanica_0251.tif,Poa maritima Oed.,1766,G. C. Oeder,Karplanter,Digitale Samlinger: Billeder:Særudgivelser:Flora Danica:Hæfte:Hft.  5,Poaceae,Puccinellia distans (L.) Parl.,Annelgræs,Græsfamilien,Udspærret,free
252,floradanica_0252.tif,Veronica verna L.,1766,G. C. Oeder,Karplanter,Digitale Samlinger: Billeder:Særudgivelser:Flora Danica:Hæfte:Hft.  5,Scrophulariaceae,Veronica verna L.,Ærenpris,Maskeblomstfamilien,Vår-,free
253,floradanica_0253.tif,Orchis Morio L.,1766,G. C. Oeder,Karplanter,Digitale Samlinger: Billeder:Særudgivelser:Flora Danica:Hæfte:Hft.  5,Orchidaceae,Orchis morio L.,Gøgeurt,Gøgeurtfamilien,Salep-,free
254,floradanica_0254.tif,Gnaphalium sp. Oed.,1766,G. C. Oeder,Karplanter,Digitale Samlinger: Billeder:Særudgivelser:Flora Danica:Hæfte:Hft.  5,Asteraceae,Gnaphalium norvegicum Gunn.,Evighedsblomst,Kurvblomstfamilien,Sæter-,free
255,floradanica_0255.tif,Polemonium coeruleum L.,1766,G. C. Oeder,Karplanter,Digitale Samlinger: Billeder:Særudgivelser:Flora Danica:Hæfte:Hft.  5,Polemoniaceae,Polemonium caeruleum L.,Jakobsstige,Floksfamilien,Almindelig,free
256,floradanica_0256.tif,Circaea alpina Oed.,1766,G. C. Oeder,Karplanter,Digitale Samlinger: Billeder:Særudgivelser:Flora Danica:Hæfte:Hft.  5,Onagraceae,Circaea alpina x lutetiana,Steffensurt,Natlysfamilien,Spidsbladet,free
257,floradanica_0257.tif,Selinum palustre L.,1766,G. C. Oeder,Karplanter,Digitale Samlinger: Billeder:Særudgivelser:Flora Danica:Hæfte:Hft.  5,Apiaceae,Peucedanum palustre (L.) Moench,Svovlrod,Skærmblomstfamilien,Kær-,free
258,floradanica_0258.tif,Briza media L.,1766,G. C. Oeder,Karplanter,Digitale Samlinger: Billeder:Særudgivelser:Flora Danica:Hæfte:Hft.  5,Poaceae,Briza media L.,Hjertegræs,Græsfamilien,,free
259,floradanica_0259.tif,Phalaris arundinacea L.,1766,G. C. Oeder,Karplanter,Digitale Samlinger: Billeder:Særudgivelser:Flora Danica:Hæfte:Hft.  5,Poaceae,Phalaris arundinacea L.,Rørgræs,Græsfamilien,,free
260,floradanica_0260.tif,Sparganium natans Oed.,1766,G. C. Oeder,Karplanter,Digitale Samlinger: Billeder:Særudgivelser:Flora Danica:Hæfte:Hft.  5,Sparganiaceae,Sparganium natans L.,Pindsvineknop,Pindsvineknopfamilien,Spæd,free
261,floradanica_0261.tif,Carex panicea L.,1766,G. C. Oeder,Karplanter,Digitale Samlinger: Billeder:Særudgivelser:Flora Danica:Hæfte:Hft.  5,Cyperaceae,Carex panicea L.,Star,Halvgræsfamilien,Hirse-,free
262,floradanica_0262.tif,Lichen chalybeiformis L.,1766,G. C. Oeder,Laver,Digitale Samlinger: Billeder:Særudgivelser:Flora Danica:Hæfte:Hft.  5,,"Alectoria jubata [beta], chalybeiformis Th. Fr.",,,,free
263,floradanica_0263.tif,Lichen croceus L.,1766,G. C. Oeder,Laver,Digitale Samlinger: Billeder:Særudgivelser:Flora Danica:Hæfte:Hft.  5,,Solorina crecea (L.) Ach.,,,,free
264,floradanica_0264.tif,Agaricus Cantharellus L.,1766,G. C. Oeder,Svampe,Digitale Samlinger: Billeder:Særudgivelser:Flora Danica:Hæfte:Hft.  5,,Cantharellus cibarius Fr. (male).,,,,free
265,floradanica_0265.tif,Hippophaë rhamnoides L.,1766,G. C. Oeder,Karplanter,Digitale Samlinger: Billeder:Særudgivelser:Flora Danica:Hæfte:Hft.  5,Elaeagnaceae,Hippophaë rhamnoides L.,Havtorn,Sølvbladfamilien,,free
266,floradanica_0266.tif,Orchis latifolia Oed.,1766,G. C. Oeder,Karplanter,Digitale Samlinger: Billeder:Særudgivelser:Flora Danica:Hæfte:Hft.  5,Orchidaceae,Dactylorhiza incarnata (L.) Soó ssp. incarnata,Gøgeurt,Gøgeurtfamilien,Kødfarvet,free
267,floradanica_0267.tif,Helleborine latifolia Hall,1766,G. C. Oeder,Karplanter,Digitale Samlinger: Billeder:Særudgivelser:Flora Danica:Hæfte:Hft.  5,Orchidaceae,Epipactis palustris (L.) Crantz,Hullæbe,Gøgeurtfamilien,Sump-,free
268,floradanica_0268.tif,Daphne Mezereum L.,1766,G. C. Oeder,Karplanter,Digitale Samlinger: Billeder:Særudgivelser:Flora Danica:Hæfte:Hft.  5,Thymelaeaceae,Daphne mezereum L.,Pebertræ,Dafnefamilien,,free
269,floradanica_0269.tif,Gentiana Pneumonanthe L.,1766,G. C. Oeder,Karplanter,Digitale Samlinger: Billeder:Særudgivelser:Flora Danica:Hæfte:Hft.  5,Gentianaceae,Gentiana pneumonanthe L.,Ensian,Ensianfamilien,Klokke-,free
270,floradanica_0270.tif,Juncus spicatus L.,1766,G. C. Oeder,Karplanter,Digitale Samlinger: Billeder:Særudgivelser:Flora Danica:Hæfte:Hft.  5,Juncaceae,Luzula spicata (L.) DC. in Lam. & DC.,Frytle,Sivfamilien,Aks-,free
271,floradanica_0271.tif,Stellaria nemorum L.,1766,G. C. Oeder,Karplanter,Digitale Samlinger: Billeder:Særudgivelser:Flora Danica:Hæfte:Hft.  5,Caryophyllaceae,Stellaria nemorum L. ssp. glochidisperma Murb.,Fladstjerne,Nellikefamilien,Sydlig Lund-,free
272,floradanica_0272.tif,Plantago Coronopus L.,1766,G. C. Oeder,Karplanter,Digitale Samlinger: Billeder:Særudgivelser:Flora Danica:Hæfte:Hft.  5,Plantaginaceae,Plantago coronopus L.,Vejbred,Vejbredfamilien,Fliget,free
273,floradanica_0273.tif,Scirpus palustris Oed.,1766,G. C. Oeder,Karplanter,Digitale Samlinger: Billeder:Særudgivelser:Flora Danica:Hæfte:Hft.  5,Cyperaceae,Eleocharis palustris (L.) Roemer & Schultes ssp. vulgaris Walters,Sumpstrå,Halvgræsfamilien,Almindelig,free
274,floradanica_0274.tif,Marchantia conica L.,1766,G. C. Oeder,Mosser,Digitale Samlinger: Billeder:Særudgivelser:Flora Danica:Hæfte:Hft.  5,,Fegatella conica (L.) Cord.,,,,free
275,floradanica_0275.tif,Riccia fluitans 17),1766,G. C. Oeder,Mosser,Digitale Samlinger: Billeder:Særudgivelser:Flora Danica:Hæfte:Hft.  5,,(Planta dubia),,,,free
276,floradanica_0276.tif,Fucus ramosissimus etc. Oed.,1766,G. C. Oeder,Alger,Digitale Samlinger: Billeder:Særudgivelser:Flora Danica:Hæfte:Hft.  5,,Laurencia pinnatifida Lmrx. cum Leathesia difformi (L.) Gray.,,,,free
277,floradanica_0277.tif,Vicia silvatica L.,1766,G. C. Oeder,Karplanter,Digitale Samlinger: Billeder:Særudgivelser:Flora Danica:Hæfte:Hft.  5,Fabaceae,Vicia sylvatica L.,Vikke,Ærteblomstfamilien,Skov-,free
278,floradanica_0278.tif,Rhamnus Frangula L.,1766,G. C. Oeder,Karplanter,Digitale Samlinger: Billeder:Særudgivelser:Flora Danica:Hæfte:Hft.  5,Rhamnaceae,Frangula alnus Miller,Tørst,Vrietornfamilien,,free
279,floradanica_0279.tif,Scabiosa succisa L.,1766,G. C. Oeder,Karplanter,Digitale Samlinger: Billeder:Særudgivelser:Flora Danica:Hæfte:Hft.  5,Dipsacaceae,Succisa pratensis Moench,Djævelsbid,Kartebollefamilien,,free
280,floradanica_0280.tif,Arundo Calamagrostis L.,1766,G. C. Oeder,Karplanter,Digitale Samlinger: Billeder:Særudgivelser:Flora Danica:Hæfte:Hft.  5,Poaceae,Calamagrostis canescens (Weber) Roth,Rørhvene,Græsfamilien,Eng-,free
281,floradanica_0281.tif,Serratula tinctoria L.,1766,G. C. Oeder,Karplanter,Digitale Samlinger: Billeder:Særudgivelser:Flora Danica:Hæfte:Hft.  5,Asteraceae,Serratula tinctoria L.,Skær,Kurvblomstfamilien,Eng-,free
282,floradanica_0282.tif,Polygonum amphibium L.,1766,G. C. Oeder,Karplanter,Digitale Samlinger: Billeder:Særudgivelser:Flora Danica:Hæfte:Hft.  5,Polygonaceae,Persicaria amphibia (L.) S. F. Gray,Pileurt,Skedeknæfamilien,Vand-,free
283,floradanica_0283.tif,Sanicula europaea L.,1766,G. C. Oeder,Karplanter,Digitale Samlinger: Billeder:Særudgivelser:Flora Danica:Hæfte:Hft.  5,Apiaceae,Sanicula europaea L.,Sanikel,Skærmblomstfamilien,,free
284,floradanica_0284.tif,Carex muricata Oed.,1766,G. C. Oeder,Karplanter,Digitale Samlinger: Billeder:Særudgivelser:Flora Danica:Hæfte:Hft.  5,Cyperaceae,Carex echinata Murray,Star,Halvgræsfamilien,Stjerne-,free
285,floradanica_0285.tif,Carex canescens L.,1766,G. C. Oeder,Karplanter,Digitale Samlinger: Billeder:Særudgivelser:Flora Danica:Hæfte:Hft.  5,Cyperaceae,Carex canescens L.,Star,Halvgræsfamilien,Grå,free
286,floradanica_0286.tif,Fucus spiralis L.,1766,G. C. Oeder,Alger,Digitale Samlinger: Billeder:Særudgivelser:Flora Danica:Hæfte:Hft.  5,,Fucus platycarpos Thur.,,,,free
287,floradanica_0287.tif,Scirpus acicularis L.,1766,G. C. Oeder,Karplanter,Digitale Samlinger: Billeder:Særudgivelser:Flora Danica:Hæfte:Hft.  5,Cyperaceae,Eleocharis acicularis (L.) R. & S.,Sumpstrå,Halvgræsfamilien,Nåle-,free
288,floradanica_0288.tif,Peziza punctata L.,1766,G. C. Oeder,Svampe,Digitale Samlinger: Billeder:Særudgivelser:Flora Danica:Hæfte:Hft.  5,,Poronia punctata (L.) Fr.,,,,free
289,floradanica_0289.tif,Epilobium angustifolium L.,1766,G. C. Oeder,Karplanter,Digitale Samlinger: Billeder:Særudgivelser:Flora Danica:Hæfte:Hft.  5,Onagraceae,Epilobium angustifolium L.,Gederams,Natlysfamilien,Almindelig,free
290,floradanica_0290.tif,Allium Scorodoprasum L.,1766,G. C. Oeder,Karplanter,Digitale Samlinger: Billeder:Særudgivelser:Flora Danica:Hæfte:Hft.  5,Liliaceae,Allium scorodoprasum L.,Løg,Liljefamilien,Skov-,free
291,floradanica_0291.tif,Convallaria bifolia L.,1766,G. C. Oeder,Karplanter,Digitale Samlinger: Billeder:Særudgivelser:Flora Danica:Hæfte:Hft.  5,Liliaceae,Maianthemum bifolium (L.) F.W.Schmidt,Majblomst,Liljefamilien,,free
292,floradanica_0292.tif,Erigeron uniflorum Oed.,1766,G. C. Oeder,Karplanter,Digitale Samlinger: Billeder:Særudgivelser:Flora Danica:Hæfte:Hft.  5,Asteraceae,Erigeron borealis (Vierh.) Simmons,Bakkestjerne,Kurvblomstfamilien,Fjeld-,free
293,floradanica_0293.tif,Bromus arvensis Oed.,1766,G. C. Oeder,Karplanter,Digitale Samlinger: Billeder:Særudgivelser:Flora Danica:Hæfte:Hft.  5,Poaceae,Bromus secalinus L.,Hejre,Græsfamilien,Rug-,free
294,floradanica_0294.tif,Carex leporina Oed.,1766,G. C. Oeder,Karplanter,Digitale Samlinger: Billeder:Særudgivelser:Flora Danica:Hæfte:Hft.  5,Cyperaceae,Carex lachenalii Schkuhr,Star,Halvgræsfamilien,Rype-,free
295,floradanica_0295.tif,Polytrichum commune [beta] Oed.,1766,G. C. Oeder,Mosser,Digitale Samlinger: Billeder:Særudgivelser:Flora Danica:Hæfte:Hft.  5,,Polytrichum gracile Dicks.(?),,,,free
296,floradanica_0296.tif,Polytrichum alpinum Oed.,1766,G. C. Oeder,Mosser,Digitale Samlinger: Billeder:Særudgivelser:Flora Danica:Hæfte:Hft.  5,,Pogonatum urnigerum (L.) P. B.,,,,free
297,floradanica_0297.tif,Polytrichum ramosum etc. Oed.,1766,G. C. Oeder,Mosser,Digitale Samlinger: Billeder:Særudgivelser:Flora Danica:Hæfte:Hft.  5,,"Pogonatum alpinum [beta], silvaticum Lindb.",,,,free
298,floradanica_0298.tif,Mnium fontanum L.,1766,G. C. Oeder,Mosser,Digitale Samlinger: Billeder:Særudgivelser:Flora Danica:Hæfte:Hft.  5,,Philonotis fontana (L.) Brid.,,,,free
299,floradanica_0299.tif,Mnium androgynum L.,1766,G. C. Oeder,Mosser,Digitale Samlinger: Billeder:Særudgivelser:Flora Danica:Hæfte:Hft.  5,,Aulacomnium androgynum (L.) Schwägr.,,,,free
300,floradanica_0300.tif,Mnium sp. Oed.,1766,G. C. Oeder,Mosser,Digitale Samlinger: Billeder:Særudgivelser:Flora Danica:Hæfte:Hft.  5,,Tetraphis pellucida Hedw. f. propagulifera.,,,,free
301,floradanica_0301.tif,Crataegus Aria Oed.,1767,G. C. Oeder,Karplanter,Digitale Samlinger: Billeder:Særudgivelser:Flora Danica:Hæfte:Hft.  6,Rosaceae,Sorbus x hybrida L.,Røn,Rosenfamilien,Finsk,free
302,floradanica_0302.tif,Crataegus Aria Oed. / Sorbus hybrida Oed.,1767,G. C. Oeder,Karplanter,Digitale Samlinger: Billeder:Særudgivelser:Flora Danica:Hæfte:Hft.  6,Rosaceae,Sorbus rupicola (Syme) Hedlund,Røn,Rosenfamilien,Klippe-,free
303,floradanica_0303.tif,Salicornia herbacea L.,1767,G. C. Oeder,Karplanter,Digitale Samlinger: Billeder:Særudgivelser:Flora Danica:Hæfte:Hft.  6,Chenopodiaceae,Salicornia europaea L.,Salturt,Salturtfamilien,Almindelig,free
304,floradanica_0304.tif,Atriplex pedunculata L.,1767,G. C. Oeder,Karplanter,Digitale Samlinger: Billeder:Særudgivelser:Flora Danica:Hæfte:Hft.  6,Chenopodiaceae,Halimione pedunculata (L.) Aellen,Kilebæger,Salturtfamilien,Stilket,free
305,floradanica_0305.tif,Melampyrum nemorosum L.,1767,G. C. Oeder,Karplanter,Digitale Samlinger: Billeder:Særudgivelser:Flora Danica:Hæfte:Hft.  6,Scrophulariaceae,Melampyrum nemorosum L.,Kohvede,Maskeblomstfamilien,Blåtoppet,free
306,floradanica_0306.tif,Triglochin maritimum L.,1767,G. C. Oeder,Karplanter,Digitale Samlinger: Billeder:Særudgivelser:Flora Danica:Hæfte:Hft.  6,Juncaginaceae,Triglochin maritima L.,Trehage,Trehagefamilien,Strand-,free
307,floradanica_0307.tif,Scirpus silvaticus L.,1767,G. C. Oeder,Karplanter,Digitale Samlinger: Billeder:Særudgivelser:Flora Danica:Hæfte:Hft.  6,Cyperaceae,Scirpus sylvaticus L.,Kogleaks,Halvgræsfamilien,Skov-,free
308,floradanica_0308.tif,Carex vulpina L.,1767,G. C. Oeder,Karplanter,Digitale Samlinger: Billeder:Særudgivelser:Flora Danica:Hæfte:Hft.  6,Cyperaceae,Carex vulpina L.,Star,Halvgræsfamilien,Ræve-,free
309,floradanica_0309.tif,Viola odorata L.,1767,G. C. Oeder,Karplanter,Digitale Samlinger: Billeder:Særudgivelser:Flora Danica:Hæfte:Hft.  6,Violaceae,Viola odorata L.,Viol,Violfamilien,Marts-,free
310,floradanica_0310.tif,Hydnum repandum L.,1767,G. C. Oeder,Svampe,Digitale Samlinger: Billeder:Særudgivelser:Flora Danica:Hæfte:Hft.  6,,,,,,free
311,floradanica_0311.tif,Scirpus setaceus L.,1767,G. C. Oeder,Karplanter,Digitale Samlinger: Billeder:Særudgivelser:Flora Danica:Hæfte:Hft.  6,Cyperaceae,Isolepis setacea (L.) R. Br.,Kogleaks,Halvgræsfamilien,Børste-,free
312,floradanica_0312.tif,Bidens minima L.,1767,G. C. Oeder,Karplanter,Digitale Samlinger: Billeder:Særudgivelser:Flora Danica:Hæfte:Hft.  6,Asteraceae,Bidens cernua L.,Brøndsel,Kurvblomstfamilien,Nikkende,free
313,floradanica_0313.tif,Sparticum scoparium L.,1767,G. C. Oeder,Karplanter,Digitale Samlinger: Billeder:Særudgivelser:Flora Danica:Hæfte:Hft.  6,Fabaceae,Cytisus scoparius (L.) Link,Gyvel,Ærteblomstfamilien,,free
314,floradanica_0314.tif,Scabiosa columbaria L.,1767,G. C. Oeder,Karplanter,Digitale Samlinger: Billeder:Særudgivelser:Flora Danica:Hæfte:Hft.  6,Dipsacaceae,Scabiosa columbaria L.,Skabiose,Kartebollefamilien,Due-,free
315,floradanica_0315.tif,Statice Limonium L.,1767,G. C. Oeder,Karplanter,Digitale Samlinger: Billeder:Særudgivelser:Flora Danica:Hæfte:Hft.  6,Plumbaginaceae,Limonium humile Miller,Hindebæger,Hindebægerfamilien,Lav,free
316,floradanica_0316.tif,Crambe maritima L.,1767,G. C. Oeder,Karplanter,Digitale Samlinger: Billeder:Særudgivelser:Flora Danica:Hæfte:Hft.  6,Brassicaceae,Crambe maritima L.,Strandkål,Korsblomstfamilien,,free
317,floradanica_0317.tif,Gentiana corolla 5-fida etc. Oed.,1767,G. C. Oeder,Karplanter,Digitale Samlinger: Billeder:Særudgivelser:Flora Danica:Hæfte:Hft.  6,Gentianaceae,Gentianella detonsa (Rottb.) G. Don fil.,Ensian,Ensianfamilien,Salt-,free
318,floradanica_0318.tif,Gentiana corolla 4-fida etc. Oed.,1767,G. C. Oeder,Karplanter,Digitale Samlinger: Billeder:Særudgivelser:Flora Danica:Hæfte:Hft.  6,Gentianaceae,Gentianella tenella (Rottb.) Börner,Ensian,Ensianfamilien,Spæd,free
319,floradanica_0319.tif,Jasione montana L.,1767,G. C. Oeder,Karplanter,Digitale Samlinger: Billeder:Særudgivelser:Flora Danica:Hæfte:Hft.  6,Campanulaceae,Jasione montana L.,Blåmunke,Klokkefamilien,,free
320,floradanica_0320.tif,Schoenus albus L.,1767,G. C. Oeder,Karplanter,Digitale Samlinger: Billeder:Særudgivelser:Flora Danica:Hæfte:Hft.  6,Cyperaceae,Rhynchospora alba (L.) Vahl,Næbfrø,Halvgræsfamilien,Hvid,free
321,floradanica_0321.tif,Ranunculus hederaceus L.,1767,G. C. Oeder,Karplanter,Digitale Samlinger: Billeder:Særudgivelser:Flora Danica:Hæfte:Hft.  6,Ranunculaceae,Ranunculus hederaceus L.,Vandranunkel,Ranunkelfamilien,Vedbend-,free
322,floradanica_0322.tif,Epilobium alpinum L.,1767,G. C. Oeder,Karplanter,Digitale Samlinger: Billeder:Særudgivelser:Flora Danica:Hæfte:Hft.  6,Onagraceae,Epilobium anagallidifolium Lam.,Dueurt,Natlysfamilien,Dværg-,free
323,floradanica_0323.tif,Iberis nudicaulis L.,1767,G. C. Oeder,Karplanter,Digitale Samlinger: Billeder:Særudgivelser:Flora Danica:Hæfte:Hft.  6,Brassicaceae,Teesdalia nudicaulis (L.) R. Br.,Flipkrave,Korsblomstfamilien,,free
324,floradanica_0324.tif,Gentiana filiformis L.,1767,G. C. Oeder,Karplanter,Digitale Samlinger: Billeder:Særudgivelser:Flora Danica:Hæfte:Hft.  6,Gentianaceae,Cicendia filiformis (L.) Delarbre,Bitterblad,Ensianfamilien,,free
325,floradanica_0325.tif,Lathyrus sylvestris Oed.,1767,G. C. Oeder,Karplanter,Digitale Samlinger: Billeder:Særudgivelser:Flora Danica:Hæfte:Hft.  6,Fabaceae,Lathyrus sylvestris L.,Fladbælg,Ærteblomstfamilien,Skov-,free
326,floradanica_0326.tif,Epilobium hirsutum L.,1767,G. C. Oeder,Karplanter,Digitale Samlinger: Billeder:Særudgivelser:Flora Danica:Hæfte:Hft.  6,Onagraceae,Epilobium hirsutum L.,Dueurt,Natlysfamilien,Lådden,free
327,floradanica_0327.tif,Myrica Gale L.,1767,G. C. Oeder,Karplanter,Digitale Samlinger: Billeder:Særudgivelser:Flora Danica:Hæfte:Hft.  6,Myricaceae,Myrica gale L.,Pors,Porsfamilien,Mose-,free
328,floradanica_0328.tif,Gentiana Amarella L.,1767,G. C. Oeder,Karplanter,Digitale Samlinger: Billeder:Særudgivelser:Flora Danica:Hæfte:Hft.  6,Gentianaceae,Gentianella amarella (L.) Börner,Ensian,Ensianfamilien,Smalbægret,free
329,floradanica_0329.tif,Cochlearia anglica L.,1767,G. C. Oeder,Karplanter,Digitale Samlinger: Billeder:Særudgivelser:Flora Danica:Hæfte:Hft.  6,Brassicaceae,Cochlearia anglica L.,Kokleare,Korsblomstfamilien,Engelsk,free
330,floradanica_0330.tif,Campanula hederacea L.,1767,G. C. Oeder,Karplanter,Digitale Samlinger: Billeder:Særudgivelser:Flora Danica:Hæfte:Hft.  6,Campanulaceae,Wahlenbergia hederacea (L.) Reichenb.,Vedbendklokke,Klokkefamilien,,free
331,floradanica_0331.tif,Ranunculus sp. Oed.,1767,G. C. Oeder,Karplanter,Digitale Samlinger: Billeder:Særudgivelser:Flora Danica:Hæfte:Hft.  6,Ranunculaceae,Ranunculus hyperboreus Rottb.,Ranunkel,Ranunkelfamilien,Trefliget,free
332,floradanica_0332.tif,Gnaphalium alpinum L.,1767,G. C. Oeder,Karplanter,Digitale Samlinger: Billeder:Særudgivelser:Flora Danica:Hæfte:Hft.  6,Asteraceae,Gnaphalium supinum L.,Evighedsblomst,Kurvblomstfamilien,Dværg-,free
333,floradanica_0333.tif,Orchis bulbis fibrosis etc.,1767,G. C. Oeder,Karplanter,Digitale Samlinger: Billeder:Særudgivelser:Flora Danica:Hæfte:Hft.  6,Orchidaceae,Platanthera hyperborea (L.) Lindley,Gøgelilje,Gøgeurtfamilien,Grønlandsk,free
334,floradanica_0334.tif,Corrigiola littoralis L.,1767,G. C. Oeder,Karplanter,Digitale Samlinger: Billeder:Særudgivelser:Flora Danica:Hæfte:Hft.  6,Caryophyllaceae,Corrigiola littoralis L.,Skorem,Nellikefamilien,,free
335,floradanica_0335.tif,Illecebrum verticillatum L.,1767,G. C. Oeder,Karplanter,Digitale Samlinger: Billeder:Særudgivelser:Flora Danica:Hæfte:Hft.  6,Caryophyllaceae,Illecebrum verticillatum L.,Bruskbæger,Nellikefamilien,,free
336,floradanica_0336.tif,Lycopodium inundatum L.,1767,G. C. Oeder,Karplanter,Digitale Samlinger: Billeder:Særudgivelser:Flora Danica:Hæfte:Hft.  6,Lycopodiaceae,Lycopodiella inundata (L.) J. Holub,Ulvefod,Ulvefodfamilien,Liden,free
337,floradanica_0337.tif,Stratiotes aloides L.,1767,G. C. Oeder,Karplanter,Digitale Samlinger: Billeder:Særudgivelser:Flora Danica:Hæfte:Hft.  6,Hydrocharitaceae,Stratiotes aloides L.,Krebseklo,Frøbidfamilien,,free
338,floradanica_0338.tif,Pisum maritimum L.,1767,G. C. Oeder,Karplanter,Digitale Samlinger: Billeder:Særudgivelser:Flora Danica:Hæfte:Hft.  6,Fabaceae,Lathyrus japonicus Willd. ssp. maritimus (L.) P. W. Ball,Fladbælg,Ærteblomstfamilien,Strand-,free
339,floradanica_0339.tif,Menyanthes nymphoides L.,1767,G. C. Oeder,Karplanter,Digitale Samlinger: Billeder:Særudgivelser:Flora Danica:Hæfte:Hft.  6,Menyanthaceae,Nymphoides peltata (S.G.Gmelin) O.Kuntze,Søblad,Bukkebladfamilien,,free
340,floradanica_0340.tif,Fumaria claviculata L.,1767,G. C. Oeder,Karplanter,Digitale Samlinger: Billeder:Særudgivelser:Flora Danica:Hæfte:Hft.  6,Fumariaceae,Ceratocapnos claviculata (L.) Lidén,Lærkespore,Jordrøgfamilien,Klatrende,free
341,floradanica_0341.tif,Cotula coronopifolia L.,1767,G. C. Oeder,Karplanter,Digitale Samlinger: Billeder:Særudgivelser:Flora Danica:Hæfte:Hft.  6,Asteraceae,Cotula coronopifolia L.,Firkløft,Kurvblomstfamilien,,free
342,floradanica_0342.tif,Veronica fruticulosa L.,1767,G. C. Oeder,Karplanter,Digitale Samlinger: Billeder:Særudgivelser:Flora Danica:Hæfte:Hft.  6,Scrophulariaceae,Veronica fruticans Jacq.,Ærenpris,Maskeblomstfamilien,Klippe-,free
343,floradanica_0343.tif,Gentiana sp. Oed.,1767,G. C. Oeder,Karplanter,Digitale Samlinger: Billeder:Særudgivelser:Flora Danica:Hæfte:Hft.  6,Gentianaceae,Lomatogonium rotatum (L.) Fries ex Fernald,Stjerneensian,Ensianfamilien,Grønlandsk,free
344,floradanica_0344.tif,Gentiana quinquefolia Oed.,1767,G. C. Oeder,Karplanter,Digitale Samlinger: Billeder:Særudgivelser:Flora Danica:Hæfte:Hft.  6,Gentianaceae,Gentianella aurea (L.) H. Smith,Ensian,Ensianfamilien,Bleg,free
345,floradanica_0345.tif,Serapias bulbis fibrosis etc. Oed.,1767,G. C. Oeder,Karplanter,Digitale Samlinger: Billeder:Særudgivelser:Flora Danica:Hæfte:Hft.  6,Orchidaceae,Cephalanthera rubra (L.) L. C. M. Richard,Skovlilje,Gøgeurtfamilien,Rød,free
346,floradanica_0346.tif,Arenaria ciliata L.,1767,G. C. Oeder,Karplanter,Digitale Samlinger: Billeder:Særudgivelser:Flora Danica:Hæfte:Hft.  6,Caryophyllaceae,Arenaria norvegica Gunnerus,Sandarve,Nellikefamilien,Norsk,free
347,floradanica_0347.tif,Epilobium fol. longis dentatis villosis parvo flore Hall.,1767,G. C. Oeder,Karplanter,Digitale Samlinger: Billeder:Særudgivelser:Flora Danica:Hæfte:Hft.  6,Onagraceae,Epilobium parviflorum Schreber,Dueurt,Natlysfamilien,Dunet,free
348,floradanica_0348.tif,Saxifraga hypnoides L.,1767,G. C. Oeder,Karplanter,Digitale Samlinger: Billeder:Særudgivelser:Flora Danica:Hæfte:Hft.  6,Saxifragaceae,Saxifraga hypnoides L.,Stenbræk,Stenbrækfamilien,Mos-,free
349,floradanica_0349.tif,Fucus sangvineus L.,1767,G. C. Oeder,Alger,Digitale Samlinger: Billeder:Særudgivelser:Flora Danica:Hæfte:Hft.  6,,Hydrolapathum sangvineum (L.) Stackh.,,,,free
350,floradanica_0350.tif,Fucus plumosus L.,1767,G. C. Oeder,Alger,Digitale Samlinger: Billeder:Særudgivelser:Flora Danica:Hæfte:Hft.  6,,Ptilota plumosa (L.) Ag.,,,,free
351,floradanica_0351.tif,Fucus linearis Huds.,1767,G. C. Oeder,Alger,Digitale Samlinger: Billeder:Særudgivelser:Flora Danica:Hæfte:Hft.  6,,,,,,free
352,floradanica_0352.tif,Fucus alatus Huds.,1767,G. C. Oeder,Alger,Digitale Samlinger: Billeder:Særudgivelser:Flora Danica:Hæfte:Hft.  6,,Delesseria alata (Huds.) Lmrx.,,,,free
353,floradanica_0353.tif,Fucus ciliatus Huds.,1767,G. C. Oeder,Alger,Digitale Samlinger: Billeder:Særudgivelser:Flora Danica:Hæfte:Hft.  6,,Calliblepharis ciliata (Huds.) Kütz.,,,,free
354,floradanica_0354.tif,Fucus pinnatifidus Oed.,1767,G. C. Oeder,Alger,Digitale Samlinger: Billeder:Særudgivelser:Flora Danica:Hæfte:Hft.  6,,Odonthalia dentata (L.) Lgb.,,,,free
355,floradanica_0355.tif,Fucus aculeatus L.,1767,G. C. Oeder,Alger,Digitale Samlinger: Billeder:Særudgivelser:Flora Danica:Hæfte:Hft.  6,,Desmarestia aculeata (L.) Lmrx.,,,,free
356,floradanica_0356.tif,Ulva sobolifera Oed.,1767,G. C. Oeder,Alger,Digitale Samlinger: Billeder:Særudgivelser:Flora Danica:Hæfte:Hft.  6,,Halosaccion ramentaceum (L.) Kütz.,,,,free
357,floradanica_0357.tif,Conferva squarrosa Oed.,1767,G. C. Oeder,Alger,Digitale Samlinger: Billeder:Særudgivelser:Flora Danica:Hæfte:Hft.  6,,Rhodomela lycopodioides (L.) Ag.,,,,free
358,floradanica_0358.tif,Conferva dichotoma L.,1767,G. C. Oeder,Alger,Digitale Samlinger: Billeder:Særudgivelser:Flora Danica:Hæfte:Hft.  6,,Chordaria flagelliformis Ag.,,,,free
359,floradanica_0359.tif,Jungermannia epiphylla L.,1767,G. C. Oeder,Mosser,Digitale Samlinger: Billeder:Særudgivelser:Flora Danica:Hæfte:Hft.  6,,"Pellia endiviaefolia [beta], epiphylla Ldbg.",,,,free
360,floradanica_0360.tif,Lycoperdon stellatum L.,1767,G. C. Oeder,Svampe,Digitale Samlinger: Billeder:Særudgivelser:Flora Danica:Hæfte:Hft.  6,,Geaster multifidum Pers.,,,,free
361,floradanica_0361.tif,Dentaria bulbifera L.,1768,G. C. Oeder,Karplanter,Digitale Samlinger: Billeder:Særudgivelser:Flora Danica:Hæfte:Hft.  7,Brassicaceae,Dentaria bulbifera L.,Tandrod,Korsblomstfamilien,,free
362,floradanica_0362.tif,Phyteuma spicatum L.,1768,G. C. Oeder,Karplanter,Digitale Samlinger: Billeder:Særudgivelser:Flora Danica:Hæfte:Hft.  7,Campanulaceae,Phyteuma spicatum L.,Rapunsel,Klokkefamilien,Aks-,free
363,floradanica_0363.tif,Gratiola officinalis L.,1768,G. C. Oeder,Karplanter,Digitale Samlinger: Billeder:Særudgivelser:Flora Danica:Hæfte:Hft.  7,Scrophulariaceae,Gratiola officinalis L.,Nådesurt,Maskeblomstfamilien,Læge-,free
364,floradanica_0364.tif,Ruppia maritima L.,1768,G. C. Oeder,Karplanter,Digitale Samlinger: Billeder:Særudgivelser:Flora Danica:Hæfte:Hft.  7,Potamogetonaceae,Ruppia cirrhosa (Petagna) Grande,Havgræs,Vandaksfamilien,Langstilket,free
365,floradanica_0365.tif,Chrysosplenium oppositifolium L.,1768,G. C. Oeder,Karplanter,Digitale Samlinger: Billeder:Særudgivelser:Flora Danica:Hæfte:Hft.  7,Saxifragaceae,Chrysosplenium oppositifolium,Milturt,Stenbrækfamilien,Småbladet,free
366,floradanica_0366.tif,Chrysosplenium alternifolium L.,1768,G. C. Oeder,Karplanter,Digitale Samlinger: Billeder:Særudgivelser:Flora Danica:Hæfte:Hft.  7,Saxifragaceae,Chrysosplenium alternifolium L.,Milturt,Stenbrækfamilien,Almindelig,free
367,floradanica_0367.tif,Gentiana campestris L.,1768,G. C. Oeder,Karplanter,Digitale Samlinger: Billeder:Særudgivelser:Flora Danica:Hæfte:Hft.  7,Gentianaceae,Gentianella campestris (L.) Börner ssp. campestris,Ensian,Ensianfamilien,Bredbægret,free
368,floradanica_0368.tif,Trifolium Melilotus ornithopodioides L.,1768,G. C. Oeder,Karplanter,Digitale Samlinger: Billeder:Særudgivelser:Flora Danica:Hæfte:Hft.  7,Fabaceae,Trifolium ornithopodioides L.,Bukkehorn,Ærteblomstfamilien,Spæd,free
369,floradanica_0369.tif,Carex dioica L.,1768,G. C. Oeder,Karplanter,Digitale Samlinger: Billeder:Særudgivelser:Flora Danica:Hæfte:Hft.  7,Cyperaceae,Carex dioica L.,Star,Halvgræsfamilien,Tvebo,free
370,floradanica_0370.tif,Carex remota L.,1768,G. C. Oeder,Karplanter,Digitale Samlinger: Billeder:Særudgivelser:Flora Danica:Hæfte:Hft.  7,Cyperaceae,Carex remota L.,Star,Halvgræsfamilien,Akselblomstret,free
371,floradanica_0371.tif,Carex divisa Oed.,1768,G. C. Oeder,Karplanter,Digitale Samlinger: Billeder:Særudgivelser:Flora Danica:Hæfte:Hft.  7,Cyperaceae,Carex serotina Mérat ssp. serotina,Star,Halvgræsfamilien,Dværg-,free
372,floradanica_0372.tif,Carex capitata Oed.,1768,G. C. Oeder,Karplanter,Digitale Samlinger: Billeder:Særudgivelser:Flora Danica:Hæfte:Hft.  7,Cyperaceae,Eleocharis sp.,Sumpstrå,Halvgræsfamilien,,free
373,floradanica_0373.tif,Campanula patula L.,1768,G. C. Oeder,Karplanter,Digitale Samlinger: Billeder:Særudgivelser:Flora Danica:Hæfte:Hft.  7,Campanulaceae,Campanula patula L.,Klokke,Klokkefamilien,Eng-,free
374,floradanica_0374.tif,Veronica maritima L.,1768,G. C. Oeder,Karplanter,Digitale Samlinger: Billeder:Særudgivelser:Flora Danica:Hæfte:Hft.  7,Scrophulariaceae,Veronica longifolia L.,Ærenpris,Maskeblomstfamilien,Langbladet,free
375,floradanica_0375.tif,Tulipa silvestris L.,1768,G. C. Oeder,Karplanter,Digitale Samlinger: Billeder:Særudgivelser:Flora Danica:Hæfte:Hft.  7,Liliaceae,Tulipa sylvestris L.,Tulipan,Liljefamilien,Vild,free
376,floradanica_0376.tif,Ranunculus aquatilis d. Oed.,1768,G. C. Oeder,Karplanter,Digitale Samlinger: Billeder:Særudgivelser:Flora Danica:Hæfte:Hft.  7,Ranunculaceae,Ranunculus aquatilis L. ssp. diffusus,Vandranunkel,Ranunkelfamilien,Hårfliget,free
377,floradanica_0377.tif,Convallaria Polygonatum L.,1768,G. C. Oeder,Karplanter,Digitale Samlinger: Billeder:Særudgivelser:Flora Danica:Hæfte:Hft.  7,Liliaceae,Polygonatum odoratum (Miller) Druce,Konval,Liljefamilien,Kantet,free
378,floradanica_0378.tif,Ornithogalum luteum L.,1768,G. C. Oeder,Karplanter,Digitale Samlinger: Billeder:Særudgivelser:Flora Danica:Hæfte:Hft.  7,Liliaceae,Gagea lutea (L.) Ker-Gawler,Guldstjerne,Liljefamilien,Almindelig,free
379,floradanica_0379.tif,Carex hirta Oed.,1768,G. C. Oeder,Karplanter,Digitale Samlinger: Billeder:Særudgivelser:Flora Danica:Hæfte:Hft.  7,Cyperaceae,Carex lasiocarpa Ehrh.,Star,Halvgræsfamilien,Tråd-,free
380,floradanica_0380.tif,Phleum nodosum L.,1768,G. C. Oeder,Karplanter,Digitale Samlinger: Billeder:Særudgivelser:Flora Danica:Hæfte:Hft.  7,Poaceae,Phleum pratense L.  ssp. bertolonii (DC.) Bornm.,Rottehale,Græsfamilien,Knold-,free
381,floradanica_0381.tif,Aira aquatica L.,1768,G. C. Oeder,Karplanter,Digitale Samlinger: Billeder:Særudgivelser:Flora Danica:Hæfte:Hft.  7,Poaceae,Catabrosa aquatica (L.) Beauv.,Tæppegræs,Græsfamilien,,free
382,floradanica_0382.tif,Aira caryophyllaea L.,1768,G. C. Oeder,Karplanter,Digitale Samlinger: Billeder:Særudgivelser:Flora Danica:Hæfte:Hft.  7,Poaceae,Aira caryophyllea L.,Dværgbunke,Græsfamilien,Udspærret,free
383,floradanica_0383.tif,Aira praecox L.,1768,G. C. Oeder,Karplanter,Digitale Samlinger: Billeder:Særudgivelser:Flora Danica:Hæfte:Hft.  7,Poaceae,Aira praecox L.,Dværgbunke,Græsfamilien,Tidlig,free
384,floradanica_0384.tif,Peziza cornucopioides L.,1768,G. C. Oeder,Svampe,Digitale Samlinger: Billeder:Særudgivelser:Flora Danica:Hæfte:Hft.  7,,Craterellus cornucopioides (L.) Fr.,,,,free
385,floradanica_0385.tif,Senecio paludosus L.,1768,G. C. Oeder,Karplanter,Digitale Samlinger: Billeder:Særudgivelser:Flora Danica:Hæfte:Hft.  7,Asteraceae,Senecio paludosus L.,Brandbæger,Kurvblomstfamilien,Kær-,free
386,floradanica_0386.tif,Cardamine patraea L.,1768,G. C. Oeder,Karplanter,Digitale Samlinger: Billeder:Særudgivelser:Flora Danica:Hæfte:Hft.  7,Brassicaceae,Cardaminopsis petraea (L.) Hiitonen,Sandkarse,Korsblomstfamilien,Klippe-,free
387,floradanica_0387.tif,Ophrys spiralis L.,1768,G. C. Oeder,Karplanter,Digitale Samlinger: Billeder:Særudgivelser:Flora Danica:Hæfte:Hft.  7,Orchidaceae,Spiranthes spiralis (L.) Chevallier,Skrueaks,Gøgeurtfamilien,Almindelig,free
388,floradanica_0388.tif,Panicum sangvinale Oed.,1768,G. C. Oeder,Karplanter,Digitale Samlinger: Billeder:Særudgivelser:Flora Danica:Hæfte:Hft.  7,Poaceae,Digitaria ischaemum (Schreber) Mühl.,Fingeraks,Græsfamilien,Liden,free
389,floradanica_0389.tif,Arenaria tenuifolia L.,1768,G. C. Oeder,Karplanter,Digitale Samlinger: Billeder:Særudgivelser:Flora Danica:Hæfte:Hft.  7,Caryophyllaceae,Minuartia viscosa (Schreber) Schinz & Thell.,Norel,Nellikefamilien,Klæbrig,free
390,floradanica_0390.tif,Saxifraga bulbifera? Oed.,1768,G. C. Oeder,Karplanter,Digitale Samlinger: Billeder:Særudgivelser:Flora Danica:Hæfte:Hft.  7,Saxifragaceae,Saxifraga cernua L.,Stenbræk,Stenbrækfamilien,Knop-,free
391,floradanica_0391.tif,Acrostichon ilvense L.,1768,G. C. Oeder,Karplanter,Digitale Samlinger: Billeder:Særudgivelser:Flora Danica:Hæfte:Hft.  7,Athyriaceae,Woodsia ilvensis (L.) R. Br.,Frynsebregne,Fjerbregnefamilien,Almindelig,free
392,floradanica_0392.tif,Fucus digitatus L.,1768,G. C. Oeder,Alger,Digitale Samlinger: Billeder:Særudgivelser:Flora Danica:Hæfte:Hft.  7,,Laminaria hyperborea (Gunn.) Foslie.,,,,free
393,floradanica_0393.tif,Fucus fastigiatus L.,1768,G. C. Oeder,Alger,Digitale Samlinger: Billeder:Særudgivelser:Flora Danica:Hæfte:Hft.  7,,Furcellaria fastigiata (L.) Lmrx.,,,,free
394,floradanica_0394.tif,Fucus gigartinus? Oed.,1768,G. C. Oeder,Alger,Digitale Samlinger: Billeder:Særudgivelser:Flora Danica:Hæfte:Hft.  7,,Euthora cristata J. Ag. (Sphaerococcus Ag.).,,,,free
395,floradanica_0395.tif,Conferva polymorpha Oed.,1768,G. C. Oeder,Alger,Digitale Samlinger: Billeder:Særudgivelser:Flora Danica:Hæfte:Hft.  7,,Polysiphonia fastigiata (Roth) Grev.,,,,free
396,floradanica_0396.tif,Anthoceros punctatus L.,1768,G. C. Oeder,Mosser,Digitale Samlinger: Billeder:Særudgivelser:Flora Danica:Hæfte:Hft.  7,,,,,,free
397,floradanica_0397.tif,Ranunculus lanuginosus L.,1768,G. C. Oeder,Karplanter,Digitale Samlinger: Billeder:Særudgivelser:Flora Danica:Hæfte:Hft.  7,Ranunculaceae,Ranunculus lanuginosus L.,Ranunkel,Ranunkelfamilien,Uldhåret,free
398,floradanica_0398.tif,Rosa spinosissima L.,1768,G. C. Oeder,Karplanter,Digitale Samlinger: Billeder:Særudgivelser:Flora Danica:Hæfte:Hft.  7,Rosaceae,Rosa pimpinellifolia L.,Rose,Rosenfamilien,Klit-,free
399,floradanica_0399.tif,Lathyrus paluster L.,1768,G. C. Oeder,Karplanter,Digitale Samlinger: Billeder:Særudgivelser:Flora Danica:Hæfte:Hft.  7,Fabaceae,Lathyrus palustris L.,Fladbælg,Ærteblomstfamilien,Kær-,free
400,floradanica_0400.tif,Mercurialis perennis L.,1768,G. C. Oeder,Karplanter,Digitale Samlinger: Billeder:Særudgivelser:Flora Danica:Hæfte:Hft.  7,Euphorbiaceae,Mercurialis perennis L.,Bingelurt,Vortemælkfamilien,Almindelig,free
401,floradanica_0401.tif,Polypodium fragile L.,1768,G. C. Oeder,Karplanter,Digitale Samlinger: Billeder:Særudgivelser:Flora Danica:Hæfte:Hft.  7,Woodsiaceae,Cystopteris fragilis (L.) Bernh. ssp. fragilis,Bægerbregne,Fjerbregnefamilien,Skør,free
402,floradanica_0402.tif,Pyrola secunda L.,1768,G. C. Oeder,Karplanter,Digitale Samlinger: Billeder:Særudgivelser:Flora Danica:Hæfte:Hft.  7,Pyrolaceae,Orthilia secunda (L.) House,Vintergrøn,Vintergrønfamilien,Ensidig,free
403,floradanica_0403.tif,Carex spica androgyna etc. Oed.,1768,G. C. Oeder,Karplanter,Digitale Samlinger: Billeder:Særudgivelser:Flora Danica:Hæfte:Hft.  7,Cyperaceae,Carex norvegica Retz. non Willd. ssp. norvegica,Star,Halvgræsfamilien,Norsk,free
404,floradanica_0404.tif,Carex silvatica Huds.,1768,G. C. Oeder,Karplanter,Digitale Samlinger: Billeder:Særudgivelser:Flora Danica:Hæfte:Hft.  7,Cyperaceae,Carex sylvatica Hudson,Star,Halvgræsfamilien,Skov-,free
405,floradanica_0405.tif,Fungus digitatus alveariorum Lös.,1768,G. C. Oeder,Svampe,Digitale Samlinger: Billeder:Særudgivelser:Flora Danica:Hæfte:Hft.  7,,Lentinus lepideus Fr. monstr.,,,,free
406,floradanica_0406.tif,Myosurus minimus L.,1768,G. C. Oeder,Karplanter,Digitale Samlinger: Billeder:Særudgivelser:Flora Danica:Hæfte:Hft.  7,Ranunculaceae,Myosurus minimus L.,Musehale,Ranunkelfamilien,,free
407,floradanica_0407.tif,Veronica peregrina L.,1768,G. C. Oeder,Karplanter,Digitale Samlinger: Billeder:Særudgivelser:Flora Danica:Hæfte:Hft.  7,Scrophulariaceae,Veronica peregrina L.,Ærenpris,Maskeblomstfamilien,Amerikansk,free
408,floradanica_0408.tif,Fucus albus Huds.?,1768,G. C. Oeder,Alger,Digitale Samlinger: Billeder:Særudgivelser:Flora Danica:Hæfte:Hft.  7,,Ahnfeltia plicata Fr. (Gigartina Lmrx.).,,,,free
409,floradanica_0409.tif,Sisymbrium islandicum? Oed.,1768,G. C. Oeder,Karplanter,Digitale Samlinger: Billeder:Særudgivelser:Flora Danica:Hæfte:Hft.  7,Brassicaceae,Rorippa islandica (Oeder) Borbas,Guldkarse,Korsblomstfamilien,Islandsk,free
410,floradanica_0410.tif,Inula dysenterica L.,1768,G. C. Oeder,Karplanter,Digitale Samlinger: Billeder:Særudgivelser:Flora Danica:Hæfte:Hft.  7,Asteraceae,Pulicaria dysenterica (L.) Bernh.,Loppeurt,Kurvblomstfamilien,Strand-,free
411,floradanica_0411.tif,Scrophularia vernalis L.,1768,G. C. Oeder,Karplanter,Digitale Samlinger: Billeder:Særudgivelser:Flora Danica:Hæfte:Hft.  7,Scrophulariaceae,Scrophularia vernalis L.,Brunrod,Maskeblomstfamilien,Vår-,free
412,floradanica_0412.tif,Selinum sylvestre Oed.,1768,G. C. Oeder,Karplanter,Digitale Samlinger: Billeder:Særudgivelser:Flora Danica:Hæfte:Hft.  7,Apiaceae,Peucedanum palustre (L.) Moench,Svovlrod,Skærmblomstfamilien,Kær-,free
413,floradanica_0413.tif,Inula Britanica L.,1768,G. C. Oeder,Karplanter,Digitale Samlinger: Billeder:Særudgivelser:Flora Danica:Hæfte:Hft.  7,Asteraceae,Inula britannica L.,Alant,Kurvblomstfamilien,Soløje-,free
414,floradanica_0414.tif,Stellaria graminea b. Oed.,1768,G. C. Oeder,Karplanter,Digitale Samlinger: Billeder:Særudgivelser:Flora Danica:Hæfte:Hft.  7,Caryophyllaceae,Stellaria sp.,Fladstjerne,Nellikefamilien,,free
415,floradanica_0415.tif,Stellaria graminea c. Oed.,1768,G. C. Oeder,Karplanter,Digitale Samlinger: Billeder:Særudgivelser:Flora Danica:Hæfte:Hft.  7,Caryophyllaceae,Stellaria crassifolia Ehrh.,Fladstjerne,Nellikefamilien,Tykbladet,free
416,floradanica_0416.tif,Fucus saccharinus L.,1768,G. C. Oeder,Alger,Digitale Samlinger: Billeder:Særudgivelser:Flora Danica:Hæfte:Hft.  7,,Laminaria saccharina (L.) Lmrx.,,,,free
417,floradanica_0417.tif,Fucus esculentus L.,1768,G. C. Oeder,Alger,Digitale Samlinger: Billeder:Særudgivelser:Flora Danica:Hæfte:Hft.  7,,Alaria esculenta (L.) Grev. (Laminaria Lgb.).,,,,free
418,floradanica_0418.tif,Koenigia islandica L.,1768,G. C. Oeder,Karplanter,Digitale Samlinger: Billeder:Særudgivelser:Flora Danica:Hæfte:Hft.  7,Polygonaceae,Koenigia islandica L.,Dværgsyre,Skedeknæfamilien,,free
419,floradanica_0419.tif,Fucus furcellatus L.,1768,G. C. Oeder,Alger,Digitale Samlinger: Billeder:Særudgivelser:Flora Danica:Hæfte:Hft.  7,,Furcellaria fastigiata (L.) Lmrx.,,,,free
420,floradanica_0420.tif,Fucus sp. Oed. (F. fungularis Imperati C.B.),1768,G. C. Oeder,Alger,Digitale Samlinger: Billeder:Særudgivelser:Flora Danica:Hæfte:Hft.  7,,Ralfsia deusta (Ag.) J. Ag.,,,,free
421,floradanica_0421.tif,Polygonum Bistorta L.,1769,G. C. Oeder,Karplanter,Digitale Samlinger: Billeder:Særudgivelser:Flora Danica:Hæfte:Hft.  8,Polygonaceae,Bistorta major (L.) S. F. Gray,Slangeurt,Skedeknæfamilien,,free
422,floradanica_0422.tif,Calla palustris L.,1769,G. C. Oeder,Karplanter,Digitale Samlinger: Billeder:Særudgivelser:Flora Danica:Hæfte:Hft.  8,Araceae,Calla palustris L.,Kærmysse,Arumfamilien,,free
423,floradanica_0423.tif,Galium palustre Oed.,1769,G. C. Oeder,Karplanter,Digitale Samlinger: Billeder:Særudgivelser:Flora Danica:Hæfte:Hft.  8,Rubiaceae,Galium palustre L. ssp. elongatum (C. Presl) Lange,Snerre,Krapfamilien,Vand-,free
424,floradanica_0424.tif,Hypochoeris glabra L.,1769,G. C. Oeder,Karplanter,Digitale Samlinger: Billeder:Særudgivelser:Flora Danica:Hæfte:Hft.  8,Asteraceae,Hypochoeris glabra L.,Kongepen,Kurvblomstfamilien,Glat,free
425,floradanica_0425.tif,Carex sp. Oed.,1769,G. C. Oeder,Karplanter,Digitale Samlinger: Billeder:Særudgivelser:Flora Danica:Hæfte:Hft.  8,Cyperaceae,Carex hirta L.,Star,Halvgræsfamilien,Håret,free
426,floradanica_0426.tif,Antirrhinum Elatine L.,1769,G. C. Oeder,Karplanter,Digitale Samlinger: Billeder:Særudgivelser:Flora Danica:Hæfte:Hft.  8,Scrophulariaceae,Kickxia elatine (L.) Dumort.,Torskemund,Maskeblomstfamilien,Spydbladet,free
427,floradanica_0427.tif,Cuscuta europaea epithymum L.,1769,G. C. Oeder,Karplanter,Digitale Samlinger: Billeder:Særudgivelser:Flora Danica:Hæfte:Hft.  8,Cuscutaceae,Cuscuta epithymum (L.) L. ssp. epithymum,Silke,Silkefamilien,Lyng-,free
428,floradanica_0428.tif,Veronica hederaefolia L.,1769,G. C. Oeder,Karplanter,Digitale Samlinger: Billeder:Særudgivelser:Flora Danica:Hæfte:Hft.  8,Scrophulariaceae,Veronica hederifolia L. s.l.,Ærenpris,Maskeblomstfamilien,Vedbend-,free
429,floradanica_0429.tif,Arenaria trinervia L.,1769,G. C. Oeder,Karplanter,Digitale Samlinger: Billeder:Særudgivelser:Flora Danica:Hæfte:Hft.  8,Caryophyllaceae,Moehringia trinervia (L.) Clairv.,Skovarve,Nellikefamilien,,free
430,floradanica_0430.tif,Juncus squarrosus L.,1769,G. C. Oeder,Karplanter,Digitale Samlinger: Billeder:Særudgivelser:Flora Danica:Hæfte:Hft.  8,Juncaceae,Juncus squarrosus L.,Siv,Sivfamilien,Børste-,free
431,floradanica_0431.tif,Juncus bulbosus Oed.,1769,G. C. Oeder,Karplanter,Digitale Samlinger: Billeder:Særudgivelser:Flora Danica:Hæfte:Hft.  8,Juncaceae,Juncus compressus Jacq.,Siv,Sivfamilien,Fladstrået,free
432,floradanica_0432.tif,Carex spica unica subrotunda etc. Hall. 1354?,1769,G. C. Oeder,Karplanter,Digitale Samlinger: Billeder:Særudgivelser:Flora Danica:Hæfte:Hft.  8,Cyperaceae,Carex maritima Gunnerus,Star,Halvgræsfamilien,Krum,free
433,floradanica_0433.tif,Primula veris elatior Oed.,1769,G. C. Oeder,Karplanter,Digitale Samlinger: Billeder:Særudgivelser:Flora Danica:Hæfte:Hft.  8,Primulaceae,Primula veris L.,Kodriver,Kodriverfamilien,Hulkravet,free
434,floradanica_0434.tif,Primula veris officinalis Oed.,1769,G. C. Oeder,Karplanter,Digitale Samlinger: Billeder:Særudgivelser:Flora Danica:Hæfte:Hft.  8,Primulaceae,Primula elatior (L.) Hill,Kodriver,Kodriverfamilien,Fladkravet,free
435,floradanica_0435.tif,Lycopsis arvensis L.,1769,G. C. Oeder,Karplanter,Digitale Samlinger: Billeder:Særudgivelser:Flora Danica:Hæfte:Hft.  8,Boraginaceae,Anchusa arvensis (L.) Bieb.,Krumhals,Rubladfamilien,,free
436,floradanica_0436.tif,Datura Stramonium L.,1769,G. C. Oeder,Karplanter,Digitale Samlinger: Billeder:Særudgivelser:Flora Danica:Hæfte:Hft.  8,Solanaceae,Datura stramonium L. var. stramonium,Pigæble,Natskyggefamilien,Almindelig,free
437,floradanica_0437.tif,Plantago lanceolata L.,1769,G. C. Oeder,Karplanter,Digitale Samlinger: Billeder:Særudgivelser:Flora Danica:Hæfte:Hft.  8,Plantaginaceae,Plantago lanceolata L.,Vejbred,Vejbredfamilien,Lancet-,free
438,floradanica_0438.tif,Alsine media decastemon L.,1769,G. C. Oeder,Karplanter,Digitale Samlinger: Billeder:Særudgivelser:Flora Danica:Hæfte:Hft.  8,Caryophyllaceae,Stellaria neglecta Weihe,Fuglegræs,Nellikefamilien,Skov-,free
439,floradanica_0439.tif,Sherardia arvensis L.,1769,G. C. Oeder,Karplanter,Digitale Samlinger: Billeder:Særudgivelser:Flora Danica:Hæfte:Hft.  8,Rubiaceae,Sherardia arvensis L.,Blåstjerne,Krapfamilien,,free
440,floradanica_0440.tif,Bromus triflorus L.,1769,G. C. Oeder,Karplanter,Digitale Samlinger: Billeder:Særudgivelser:Flora Danica:Hæfte:Hft.  8,Poaceae,Festuca gigantea (L.) Vill.,Svingel,Græsfamilien,Kæmpe-,free
441,floradanica_0441.tif,Juncus pilosus d. L.,1769,G. C. Oeder,Karplanter,Digitale Samlinger: Billeder:Særudgivelser:Flora Danica:Hæfte:Hft.  8,Juncaceae,Luzula sylvatica (Hudson) Gaudin,Frytle,Sivfamilien,Stor,free
442,floradanica_0442.tif,Carex (Hall. Nr. 1374?) Oed.,1769,G. C. Oeder,Karplanter,Digitale Samlinger: Billeder:Særudgivelser:Flora Danica:Hæfte:Hft.  8,Cyperaceae,Carex pallescens L.,Star,Halvgræsfamilien,Bleg,free
443,floradanica_0443.tif,Carex globularis Oed.,1769,G. C. Oeder,Karplanter,Digitale Samlinger: Billeder:Særudgivelser:Flora Danica:Hæfte:Hft.  8,Cyperaceae,Carex panicea L.,Star,Halvgræsfamilien,Hirse-,free
444,floradanica_0444.tif,Carex montana? Oed.,1769,G. C. Oeder,Karplanter,Digitale Samlinger: Billeder:Særudgivelser:Flora Danica:Hæfte:Hft.  8,Cyperaceae,Carex sp.,Star,Halvgræsfamilien,,free
445,floradanica_0445.tif,Echium vulgare L.,1769,G. C. Oeder,Karplanter,Digitale Samlinger: Billeder:Særudgivelser:Flora Danica:Hæfte:Hft.  8,Boraginaceae,Echium vulgare L.,Slangehoved,Rubladfamilien,,free
446,floradanica_0446.tif,Oenothera biennis L.,1769,G. C. Oeder,Karplanter,Digitale Samlinger: Billeder:Særudgivelser:Flora Danica:Hæfte:Hft.  8,Onagraceae,Oenothera biennis L.,Natlys,Natlysfamilien,Toårig,free
447,floradanica_0447.tif,Scabiosa arvensis L.,1769,G. C. Oeder,Karplanter,Digitale Samlinger: Billeder:Særudgivelser:Flora Danica:Hæfte:Hft.  8,Dipsacaceae,Knautia arvensis (L.) Coulter,Blåhat,Kartebollefamilien,,free
448,floradanica_0448.tif,Veronica Chamaedrys L.,1769,G. C. Oeder,Karplanter,Digitale Samlinger: Billeder:Særudgivelser:Flora Danica:Hæfte:Hft.  8,Scrophulariaceae,Veronica chamaedrys L.,Ærenpris,Maskeblomstfamilien,Tveskægget,free
449,floradanica_0449.tif,Veronica agrestis Oed.,1769,G. C. Oeder,Karplanter,Digitale Samlinger: Billeder:Særudgivelser:Flora Danica:Hæfte:Hft.  8,Scrophulariaceae,Veronica polita Fries,Ærenpris,Maskeblomstfamilien,Blank,free
450,floradanica_0450.tif,(Hydnum quartum Schäff.) Oed.,1769,G. C. Oeder,Svampe,Digitale Samlinger: Billeder:Særudgivelser:Flora Danica:Hæfte:Hft.  8,,Hydnum coralloides Scop.,,,,free
451,floradanica_0451.tif,Ophrys Corallorhiza L.,1769,G. C. Oeder,Karplanter,Digitale Samlinger: Billeder:Særudgivelser:Flora Danica:Hæfte:Hft.  8,Orchidaceae,Corallorhiza trifida Chât. ssp. virescens (Drejer) B. Løjtnant,Koralrod,Gøgeurtfamilien,Grønlig,free
452,floradanica_0452.tif,Ophrys alpina L.,1769,G. C. Oeder,Karplanter,Digitale Samlinger: Billeder:Særudgivelser:Flora Danica:Hæfte:Hft.  8,Orchidaceae,Chamorchis alpina (L.) L. C. M. Richard,Dværggøgeurt,Gøgeurtfamilien,,free
453,floradanica_0453.tif,Pinguicula alpina L.,1769,G. C. Oeder,Karplanter,Digitale Samlinger: Billeder:Særudgivelser:Flora Danica:Hæfte:Hft.  8,Lentibulariaceae,Pinguicula alpina L.,Vibefedt,Blærerodfamilien,Alpe-,free
454,floradanica_0454.tif,Scirpus Holoschoenus Oed.,1769,G. C. Oeder,Karplanter,Digitale Samlinger: Billeder:Særudgivelser:Flora Danica:Hæfte:Hft.  8,Cyperaceae,Schoenoplectus tabernaemontani (C. C. Gmelin) Palla,Kogleaks,Halvgræsfamilien,Blågrøn,free
455,floradanica_0455.tif,Galium Mollugo L.,1769,G. C. Oeder,Karplanter,Digitale Samlinger: Billeder:Særudgivelser:Flora Danica:Hæfte:Hft.  8,Rubiaceae,Galium mollugo L. s.l.,Snerre,Krapfamilien,Hvid,free
456,floradanica_0456.tif,Lithospermum arvense L.,1769,G. C. Oeder,Karplanter,Digitale Samlinger: Billeder:Særudgivelser:Flora Danica:Hæfte:Hft.  8,Boraginaceae,Buglossoides arvensis (L.) I. M. Johnston,Stenfrø,Rubladfamilien,Ager-,free
457,floradanica_0457.tif,Orchis mascula L.,1769,G. C. Oeder,Karplanter,Digitale Samlinger: Billeder:Særudgivelser:Flora Danica:Hæfte:Hft.  8,Orchidaceae,Orchis mascula (L.) L.,Gøgeurt,Gøgeurtfamilien,Tyndakset,free
458,floradanica_0458.tif,Convolvulus sepium L.,1769,G. C. Oeder,Karplanter,Digitale Samlinger: Billeder:Særudgivelser:Flora Danica:Hæfte:Hft.  8,Convolvulaceae,Calystegia sepium (L.) R. Br. ssp. sepium,Snerle,Snerlefamilien,Gærde-,free
459,floradanica_0459.tif,Convolvulus arvensis L.,1769,G. C. Oeder,Karplanter,Digitale Samlinger: Billeder:Særudgivelser:Flora Danica:Hæfte:Hft.  8,Convolvulaceae,Convolvulus arvensis L.,Snerle,Snerlefamilien,Ager-,free
460,floradanica_0460.tif,Solanum nigrum L.,1769,G. C. Oeder,Karplanter,Digitale Samlinger: Billeder:Særudgivelser:Flora Danica:Hæfte:Hft.  8,Solanaceae,Solanum nigrum L. ssp. nigrum,Natskygge,Natskyggefamilien,Sort,free
461,floradanica_0461.tif,Plantago major L.,1769,G. C. Oeder,Karplanter,Digitale Samlinger: Billeder:Særudgivelser:Flora Danica:Hæfte:Hft.  8,Plantaginaceae,Plantago major L. ssp. major,Vejbred,Vejbredfamilien,Glat,free
462,floradanica_0462.tif,Lichenoides gelatinosum etc. Oed. / Lichen fascicularis L.,1769,G. C. Oeder,Laver,Digitale Samlinger: Billeder:Særudgivelser:Flora Danica:Hæfte:Hft.  8,,Collema furvum Ach.?,,,,free
463,floradanica_0463.tif,Lichen gelatinosus etc. Oed. / Lichen gyrosus Oed.,1769,G. C. Oeder,Laver,Digitale Samlinger: Billeder:Særudgivelser:Flora Danica:Hæfte:Hft.  8,,Collema nigrescens Ach.?,,,,free
464,floradanica_0464.tif,Peziza polymorpha Oed.,1769,G. C. Oeder,Svampe,Digitale Samlinger: Billeder:Særudgivelser:Flora Danica:Hæfte:Hft.  8,,Bulgaria inquinans Fr.,,,,free
465,floradanica_0465.tif,Hydnum parasiticum Oed.,1769,G. C. Oeder,Svampe,Digitale Samlinger: Billeder:Særudgivelser:Flora Danica:Hæfte:Hft.  8,,Thelephora hirsuta Willd. (status senilis).,,,,free
466,floradanica_0466.tif,Lichen groenlandicus Oed.,1769,G. C. Oeder,Laver,Digitale Samlinger: Billeder:Særudgivelser:Flora Danica:Hæfte:Hft.  8,,Nephroma arcticum (L.) Schär. (thallus sterilis).,,,,free
467,floradanica_0467.tif,Mucor sp. Oed. / Mucor sp. / Mucor Mucedo L.,1769,G. C. Oeder,Svampe,Digitale Samlinger: Billeder:Særudgivelser:Flora Danica:Hæfte:Hft.  8,,Trichia fallax Pers.?,,,,free
468,floradanica_0468.tif,Lichen geographicus L. / Lichen leprosus etc. Oed. / Lichen leprosus albicans etc. Oed.,1769,G. C. Oeder,Laver,Digitale Samlinger: Billeder:Særudgivelser:Flora Danica:Hæfte:Hft.  8,,Rhizocarpon geographicum (L.) DC. (fig. mala).,,,,free
469,floradanica_0469.tif,Peziza lentifera L. / Peziza radiata Oed. / Peziza cupularis Oed.,1769,G. C. Oeder,Svampe,Digitale Samlinger: Billeder:Særudgivelser:Flora Danica:Hæfte:Hft.  8,,Cyathus campanulatus Sibth.,,,,free
470,floradanica_0470.tif,Lichen leprosus ruber etc. Oed. / Lichen Heclae Oed. (L. gelidus L.?) / Lichen gelatinosus etc. Oed.,1769,G. C. Oeder,Laver,Digitale Samlinger: Billeder:Særudgivelser:Flora Danica:Hæfte:Hft.  8,,Rhizocarpum Oederi Körb.,,,,free
471,floradanica_0471.tif,Lichenoides corneum etc. Oed / Lichenoides atrum etc. Oed.,1769,G. C. Oeder,Laver,Digitale Samlinger: Billeder:Særudgivelser:Flora Danica:Hæfte:Hft.  8,,Gyrophora cylindrica (L.) Ach.,,,,free
472,floradanica_0472.tif,Lichen ventosus L. / L. ventosus var.? Oed. / L. leprosus etc. Oed. / L. ericetorum Oed.,1769,G. C. Oeder,Laver,Digitale Samlinger: Billeder:Særudgivelser:Flora Danica:Hæfte:Hft.  8,,"Haematomma coccineum [alfa], ochroleucum Th.Fr.",,,,free
473,floradanica_0473.tif,Hypnum bryoides L. / Hypnum taxifolium L.,1769,G. C. Oeder,Mosser,Digitale Samlinger: Billeder:Særudgivelser:Flora Danica:Hæfte:Hft.  8,,Fissidens viridulus (Sw.) Bland.,,,,free
474,floradanica_0474.tif,Sphagnum palustre L.,1769,G. C. Oeder,Mosser,Digitale Samlinger: Billeder:Særudgivelser:Flora Danica:Hæfte:Hft.  8,,Sphagnum cymbifolium Ehrh.,,,,free
475,floradanica_0475.tif,Hypnum velutinum Oed.,1769,G. C. Oeder,Mosser,Digitale Samlinger: Billeder:Særudgivelser:Flora Danica:Hæfte:Hft.  8,,Rhynchostegium confertum (Dicks.) Br. et Sch.,,,,free
476,floradanica_0476.tif,Bryum hypnoides d Oed.,1769,G. C. Oeder,Mosser,Digitale Samlinger: Billeder:Særudgivelser:Flora Danica:Hæfte:Hft.  8,,Rhacomitrium microcarpum (Gmel.) Brid.,,,,free
477,floradanica_0477.tif,Bryum undulatum L.,1769,G. C. Oeder,Mosser,Digitale Samlinger: Billeder:Særudgivelser:Flora Danica:Hæfte:Hft.  8,,Catharinea undulata (L.) Web. et M.,,,,free
478,floradanica_0478.tif,Bryum fol. striatis etc. Oed.,1769,G. C. Oeder,Mosser,Digitale Samlinger: Billeder:Særudgivelser:Flora Danica:Hæfte:Hft.  8,,Bertramia Oederi (Gunn.) Sw.,,,,free
479,floradanica_0479.tif,Bryum heteromallum L.,1769,G. C. Oeder,Mosser,Digitale Samlinger: Billeder:Særudgivelser:Flora Danica:Hæfte:Hft.  8,,Dicranella heteromalla (L.) Schimp.,,,,free
480,floradanica_0480.tif,Bryum apocarpum L.,1769,G. C. Oeder,Mosser,Digitale Samlinger: Billeder:Særudgivelser:Flora Danica:Hæfte:Hft.  8,,Grimmia apocarpa (L.) Hedw.,,,,free
481,floradanica_0481.tif,Cornus sangvinea L.,1770,G. C. Oeder,Karplanter,Digitale Samlinger: Billeder:Særudgivelser:Flora Danica:Hæfte:Hft.  9,Cornaceae,Cornus sanguinea L.,Kornel,Kornelfamilien,Rød,free
482,floradanica_0482.tif,Pulmonaria officinalis L.,1770,G. C. Oeder,Karplanter,Digitale Samlinger: Billeder:Særudgivelser:Flora Danica:Hæfte:Hft.  9,Boraginaceae,Pulmonaria officinalis L.,Lungeurt,Rubladfamilien,Hvidplettet,free
483,floradanica_0483.tif,Pulmonaria augustifolia Oed.,1770,G. C. Oeder,Karplanter,Digitale Samlinger: Billeder:Særudgivelser:Flora Danica:Hæfte:Hft.  9,Boraginaceae,Pulmonaria obscura Dumort,Lungeurt,Rubladfamilien,Almindelig,free
484,floradanica_0484.tif,Mentha silvestris Oed.,1770,G. C. Oeder,Karplanter,Digitale Samlinger: Billeder:Særudgivelser:Flora Danica:Hæfte:Hft.  9,Brassicaceae,Mentha sp.,Mynte,Korsblomstfamilien,,free
485,floradanica_0485.tif,Teucrium Scorodonia L.,1770,G. C. Oeder,Karplanter,Digitale Samlinger: Billeder:Særudgivelser:Flora Danica:Hæfte:Hft.  9,Lamiaceae,Teucrium scorodonia L.,Kortlæbe,Læbeblomstfamilien,Klase-,free
486,floradanica_0486.tif,Aster annuus L.,1770,G. C. Oeder,Karplanter,Digitale Samlinger: Billeder:Særudgivelser:Flora Danica:Hæfte:Hft.  9,Asteraceae,Erigeron annuus (L.) Pers.,Smalstråle,Kurvblomstfamilien,,free
487,floradanica_0487.tif,Hottonia palustris L.,1770,G. C. Oeder,Karplanter,Digitale Samlinger: Billeder:Særudgivelser:Flora Danica:Hæfte:Hft.  9,Primulaceae,Hottonia palustris L.,Vandrøllike,Kodriverfamilien,,free
488,floradanica_0488.tif,Rubus arcticus L.,1770,G. C. Oeder,Karplanter,Digitale Samlinger: Billeder:Særudgivelser:Flora Danica:Hæfte:Hft.  9,Rosaceae,Rubus arcticus L.,Bjørnebær,Rosenfamilien,,free
489,floradanica_0489.tif,Chenopodium maritimum L.,1770,G. C. Oeder,Karplanter,Digitale Samlinger: Billeder:Særudgivelser:Flora Danica:Hæfte:Hft.  9,Juncaginaceae,Suaeda maritima (L.) Dumort.,Strandgåsefod,Trehagefamilien,,free
490,floradanica_0490.tif,Triglochin palustre L.,1770,G. C. Oeder,Karplanter,Digitale Samlinger: Billeder:Særudgivelser:Flora Danica:Hæfte:Hft.  9,Juncaginaceae,Triglochin palustris L.,Trehage,Trehagefamilien,Kær-,free
491,floradanica_0491.tif,Amanita petiolo annulato etc. Oed.,1770,G. C. Oeder,Svampe,Digitale Samlinger: Billeder:Særudgivelser:Flora Danica:Hæfte:Hft.  9,,Agaricus (Pholiota) squarrosus Pers.,,,,free
492,floradanica_0492.tif,Veronica serpyllifolia L.,1770,G. C. Oeder,Karplanter,Digitale Samlinger: Billeder:Særudgivelser:Flora Danica:Hæfte:Hft.  9,Scrophulariaceae,Veronica serpyllifolia L. ssp. serpyllifolia,Ærenpris,Maskeblomstfamilien,Glat,free
493,floradanica_0493.tif,Lysimachia nummularia L.,1770,G. C. Oeder,Karplanter,Digitale Samlinger: Billeder:Særudgivelser:Flora Danica:Hæfte:Hft.  9,Primulaceae,Lysimachia nummularia L.,Fredløs,Kodriverfamilien,Pengebladet,free
494,floradanica_0494.tif,Iris Pseudacorus L.,1770,G. C. Oeder,Karplanter,Digitale Samlinger: Billeder:Særudgivelser:Flora Danica:Hæfte:Hft.  9,Iridaceae,Iris pseudacorus L.,Iris,Irisfamilien,Gul,free
495,floradanica_0495.tif,Galium Aparine L.,1770,G. C. Oeder,Karplanter,Digitale Samlinger: Billeder:Særudgivelser:Flora Danica:Hæfte:Hft.  9,Rubiaceae,Galium aparine L.,Snerre,Krapfamilien,Burre-,free
496,floradanica_0496.tif,Osmunda crispa L.,1770,G. C. Oeder,Karplanter,Digitale Samlinger: Billeder:Særudgivelser:Flora Danica:Hæfte:Hft.  9,Adiantaceae,Cryptogramma crispa (L.) R. Br. ex Hooker,Persillebregne,Persillebregnefamilien,,free
497,floradanica_0497.tif,Polypodium Lonchitis L.,1770,G. C. Oeder,Karplanter,Digitale Samlinger: Billeder:Særudgivelser:Flora Danica:Hæfte:Hft.  9,Dryopteridaceae,Polystichum lonchitis (L.) Roth,Skjoldbregne,Mangeløvfamilien,Krumfinnet,free
498,floradanica_0498.tif,Actaea spicata L.,1770,G. C. Oeder,Karplanter,Digitale Samlinger: Billeder:Særudgivelser:Flora Danica:Hæfte:Hft.  9,Ranunculaceae,Actaea spicata L.,Druemunke,Ranunkelfamilien,Almindelig,free
499,floradanica_0499.tif,Ranunculus Ficaria L.,1770,G. C. Oeder,Karplanter,Digitale Samlinger: Billeder:Særudgivelser:Flora Danica:Hæfte:Hft.  9,Ranunculaceae,Ranunculus ficaria L.,Vorterod,Ranunkelfamilien,,free
500,floradanica_0500.tif,Lapsana communis L.,1770,G. C. Oeder,Karplanter,Digitale Samlinger: Billeder:Særudgivelser:Flora Danica:Hæfte:Hft.  9,Asteraceae,Lapsana communis L.,Haremad,Kurvblomstfamilien,,free
501,floradanica_0501.tif,Leontodon autumnale Oed.,1770,G. C. Oeder,Karplanter,Digitale Samlinger: Billeder:Særudgivelser:Flora Danica:Hæfte:Hft.  9,Asteraceae,Crepis tectorum L.,Høgeskæg,Kurvblomstfamilien,Tag-,free
502,floradanica_0502.tif,Antirrhinum minus L.,1770,G. C. Oeder,Karplanter,Digitale Samlinger: Billeder:Særudgivelser:Flora Danica:Hæfte:Hft.  9,Scrophulariaceae,Chaenorrhinum minus (L.) Lange,Torskemund,Maskeblomstfamilien,Liden,free
503,floradanica_0503.tif,Bellis perennis L.,1770,G. C. Oeder,Karplanter,Digitale Samlinger: Billeder:Særudgivelser:Flora Danica:Hæfte:Hft.  9,Asteraceae,Bellis perennis L.,Tusindfryd,Kurvblomstfamilien,Almindelig,free
504,floradanica_0504.tif,Scleranthus annuus L.,1770,G. C. Oeder,Karplanter,Digitale Samlinger: Billeder:Særudgivelser:Flora Danica:Hæfte:Hft.  9,Caryophyllaceae,Scleranthus annuus L. ssp. annuus,Knavel,Nellikefamilien,Enårig,free
505,floradanica_0505.tif,Arum maculatum L.,1770,G. C. Oeder,Karplanter,Digitale Samlinger: Billeder:Særudgivelser:Flora Danica:Hæfte:Hft.  9,Araceae,Arum maculatum L.,Ingefær,Arumfamilien,Plettet,free
506,floradanica_0506.tif,Serapias grandiflora Oed.,1770,G. C. Oeder,Karplanter,Digitale Samlinger: Billeder:Særudgivelser:Flora Danica:Hæfte:Hft.  9,Orchidaceae,Cephalanthera longifolia (L.) Fritsch,Skovlilje,Gøgeurtfamilien,Sværd-,free
507,floradanica_0507.tif,Scrophularia aquatica L. 29),1770,G. C. Oeder,Karplanter,Digitale Samlinger: Billeder:Særudgivelser:Flora Danica:Hæfte:Hft.  9,Scrophulariaceae,Scrophularia umbrosa Dumort,Brunrod,Maskeblomstfamilien,Vand-,free
508,floradanica_0508.tif,Ilex Aquifolium L.,1770,G. C. Oeder,Karplanter,Digitale Samlinger: Billeder:Særudgivelser:Flora Danica:Hæfte:Hft.  9,Aquifoliaceae,Ilex aquifolium L.,Kristtorn,Kristtornfamilien,,free
509,floradanica_0509.tif,Prenanthes muralis L.,1770,G. C. Oeder,Karplanter,Digitale Samlinger: Billeder:Særudgivelser:Flora Danica:Hæfte:Hft.  9,Asteraceae,Mycelis muralis (L.) Dumort.,Skovsalat,Kurvblomstfamilien,,free
510,floradanica_0510.tif,Ceratophyllum submersum L.,1770,G. C. Oeder,Karplanter,Digitale Samlinger: Billeder:Særudgivelser:Flora Danica:Hæfte:Hft.  9,Ceratophyllaceae,Ceratophyllum submersum L.,Hornblad,Hornbladfamilien,Tornløs,free
511,floradanica_0511.tif,Veronica Beccabunga L.,1770,G. C. Oeder,Karplanter,Digitale Samlinger: Billeder:Særudgivelser:Flora Danica:Hæfte:Hft.  9,Scrophulariaceae,Veronica beccabunga L.,Ærenpris,Maskeblomstfamilien,Tykbladet,free
512,floradanica_0512.tif,Mentha arvensis L.,1770,G. C. Oeder,Karplanter,Digitale Samlinger: Billeder:Særudgivelser:Flora Danica:Hæfte:Hft.  9,Lamiaceae,Mentha arvensis L.,Mynte,Læbeblomstfamilien,Ager-,free
513,floradanica_0513.tif,Senecio vulgaris L.,1770,G. C. Oeder,Karplanter,Digitale Samlinger: Billeder:Særudgivelser:Flora Danica:Hæfte:Hft.  9,Asteraceae,Senecio vulgaris L.,Brandbæger,Kurvblomstfamilien,Almindelig,free
514,floradanica_0514.tif,Saxifraga granulata L.,1770,G. C. Oeder,Karplanter,Digitale Samlinger: Billeder:Særudgivelser:Flora Danica:Hæfte:Hft.  9,Saxifragaceae,Saxifraga granulata L.,Stenbræk,Stenbrækfamilien,Kornet,free
515,floradanica_0515.tif,Veronica arvensis L.,1770,G. C. Oeder,Karplanter,Digitale Samlinger: Billeder:Særudgivelser:Flora Danica:Hæfte:Hft.  9,Scrophulariaceae,Veronica arvensis L.,Ærenpris,Maskeblomstfamilien,Mark-,free
516,floradanica_0516.tif,Polygala vulgare (vulgaris L.),1770,G. C. Oeder,Karplanter,Digitale Samlinger: Billeder:Særudgivelser:Flora Danica:Hæfte:Hft.  9,Polygalaceae,Polygala vulgaris L.,Mælkeurt,Mælkeurtfamilien,Almindelig,free
517,floradanica_0517.tif,Lysimachia thyrsiflora L.,1770,G. C. Oeder,Karplanter,Digitale Samlinger: Billeder:Særudgivelser:Flora Danica:Hæfte:Hft.  9,Primulaceae,Lysimachia thyrsiflora L,Fredløs,Kodriverfamilien,Dusk-,free
518,floradanica_0518.tif,Cucubalus Otites L.,1770,G. C. Oeder,Karplanter,Digitale Samlinger: Billeder:Særudgivelser:Flora Danica:Hæfte:Hft.  9,Caryophyllaceae,Silene otites (L.) Wibel,Limurt,Nellikefamilien,Klit-,free
519,floradanica_0519.tif,Centaurea Jacea L.,1770,G. C. Oeder,Karplanter,Digitale Samlinger: Billeder:Særudgivelser:Flora Danica:Hæfte:Hft.  9,Asteraceae,Centaurea jacea L.,Knopurt,Kurvblomstfamilien,Almindelig,free
520,floradanica_0520.tif,Centaurea phrygia L.,1770,G. C. Oeder,Karplanter,Digitale Samlinger: Billeder:Særudgivelser:Flora Danica:Hæfte:Hft.  9,Asteraceae,Centaurea phrygia L. ssp. pseudophrygia (C. A. Meyer) Gugler,Knopurt,Kurvblomstfamilien,Fjer-,free
521,floradanica_0521.tif,Parietaria officinalis L.,1770,G. C. Oeder,Karplanter,Digitale Samlinger: Billeder:Særudgivelser:Flora Danica:Hæfte:Hft.  9,Urticaceae,Parietaria officinalis L.,Springknap,Nældefamilien,,free
522,floradanica_0522.tif,Vicia sativa L.,1770,G. C. Oeder,Karplanter,Digitale Samlinger: Billeder:Særudgivelser:Flora Danica:Hæfte:Hft.  9,Fabaceae,Vicia sativa L.,Vikke,Ærteblomstfamilien,Foder-,free
523,floradanica_0523.tif,Lamium purpureum L.,1770,G. C. Oeder,Karplanter,Digitale Samlinger: Billeder:Særudgivelser:Flora Danica:Hæfte:Hft.  9,Lamiaceae,Lamium purpureum L.,Tvetand,Læbeblomstfamilien,Rød,free
524,floradanica_0524.tif,Tussilago alba L.,1770,G. C. Oeder,Karplanter,Digitale Samlinger: Billeder:Særudgivelser:Flora Danica:Hæfte:Hft.  9,Asteraceae,Petasites albus (L.) Gaertner,Hestehov,Kurvblomstfamilien,Hvid,free
525,floradanica_0525.tif,Alsine media L.,1770,G. C. Oeder,Karplanter,Digitale Samlinger: Billeder:Særudgivelser:Flora Danica:Hæfte:Hft.  9,Caryophyllaceae,Stellaria media (L.) Vill.,Fuglegræs,Nellikefamilien,Almindelig,free
526,floradanica_0526.tif,Genista tinctoria L.,1770,G. C. Oeder,Karplanter,Digitale Samlinger: Billeder:Særudgivelser:Flora Danica:Hæfte:Hft.  9,Fabaceae,Genista tinctoria L.,Visse,Ærteblomstfamilien,Farve-,free
527,floradanica_0527.tif,Lathyrus pratensis L.,1770,G. C. Oeder,Karplanter,Digitale Samlinger: Billeder:Særudgivelser:Flora Danica:Hæfte:Hft.  9,Fabaceae,Lathyrus pratensis L.,Fladbælg,Ærteblomstfamilien,Gul,free
528,floradanica_0528.tif,Sisymbrium Sophia L.,1770,G. C. Oeder,Karplanter,Digitale Samlinger: Billeder:Særudgivelser:Flora Danica:Hæfte:Hft.  9,Brassicaceae,Descurainia sophia (L.) Webb ex Prantl,Vejsennep,Korsblomstfamilien,Finbladet,free
529,floradanica_0529.tif,Herniaria glabra L.,1770,G. C. Oeder,Karplanter,Digitale Samlinger: Billeder:Særudgivelser:Flora Danica:Hæfte:Hft.  9,Caryophyllaceae,Herniaria glabra L.,Brudurt,Nellikefamilien,,free
530,floradanica_0530.tif,Althaea officinalis L.,1770,G. C. Oeder,Karplanter,Digitale Samlinger: Billeder:Særudgivelser:Flora Danica:Hæfte:Hft.  9,Malvaceae,Althaea officinalis L.,Stokrose,Katostfamilien,Læge-,free
531,floradanica_0531.tif,Phalaris phleoides L.,1770,G. C. Oeder,Karplanter,Digitale Samlinger: Billeder:Særudgivelser:Flora Danica:Hæfte:Hft.  9,Poaceae,Phleum phleoides (L.) Karsten,Rottehale,Græsfamilien,Glat,free
532,floradanica_0532.tif,Lichen miniatus L. / Lichen saccatus L.,1770,G. C. Oeder,Laver,Digitale Samlinger: Billeder:Særudgivelser:Flora Danica:Hæfte:Hft.  9,,Dermatocarpum miniatum (L.) Eschw. (Endocarpon Ach.).,,,,free
533,floradanica_0533.tif,Lichen horizontalis L.,1770,G. C. Oeder,Laver,Digitale Samlinger: Billeder:Særudgivelser:Flora Danica:Hæfte:Hft.  9,,Peltigera horizontalis (L.) Fr.,,,,free
534,floradanica_0534.tif,Elvela atra (Kön.) Oed. / Elvela aeruginosa (Kön.) Oed. / Hydnum tomentosum Oed. / Stereum purpureum Fr. (Thelephora Pers.).,1770,G. C. Oeder,Svampe,Digitale Samlinger: Billeder:Særudgivelser:Flora Danica:Hæfte:Hft.  9,,Helvella atra (Kön.) Fr.,,,,free
535,floradanica_0535.tif,Hypnum squarrosum L. / Hypnum cupressiforme Oed.,1770,G. C. Oeder,Mosser,Digitale Samlinger: Billeder:Særudgivelser:Flora Danica:Hæfte:Hft.  9,,Hylocomium squarrosum (L.) Br. et Sch.,,,,free
536,floradanica_0536.tif,Embolus obvelatus Oed.,1770,G. C. Oeder,Slimsvampe,Digitale Samlinger: Billeder:Særudgivelser:Flora Danica:Hæfte:Hft.  9,,Arcyria nutans Fr.(?),,,,free
537,floradanica_0537.tif,Bryum pyriforme L. / Bryum truncatulum Oed. / Bryum striatum Oed.,1770,G. C. Oeder,Mosser,Digitale Samlinger: Billeder:Særudgivelser:Flora Danica:Hæfte:Hft.  9,,Physcomitrium pyriforme (L.) Brid.,,,,free
538,floradanica_0538.tif,Bryum sp. Oed. / Bryum sp. Oed. / Bryum sp. Oed. (cf. Hall. Enum. 1128). / Mnium cirrhatum L.,1770,G. C. Oeder,Mosser,Digitale Samlinger: Billeder:Særudgivelser:Flora Danica:Hæfte:Hft.  9,,Dicranoweissia crispula (Hedw.) Lindb. (fig. mala).,,,,free
539,floradanica_0539.tif,Lichen rangiferinus sylvestris Oed.,1770,G. C. Oeder,Laver,Digitale Samlinger: Billeder:Særudgivelser:Flora Danica:Hæfte:Hft.  9,,Gladonia rangiferina (L.) Hoffm.,,,,free
540,floradanica_0540.tif,Fungus sp. Oed.,1770,G. C. Oeder,Svampe,Digitale Samlinger: Billeder:Særudgivelser:Flora Danica:Hæfte:Hft.  9,,Cordyceps capitata Holmskj. (Sphaeria Pers.).,,,,free
541,floradanica_0541.tif,Menyanthes trifoliata L.,1771,G. C. Oeder,Karplanter,Digitale Samlinger: Billeder:Særudgivelser:Flora Danica:Hæfte:Hft. 10,Menyanthaceae,Menyanthes trifoliata L.,Bukkeblad,Bukkebladfamilien,,free
542,floradanica_0542.tif,Chelidonium majus L.,1771,G. C. Oeder,Karplanter,Digitale Samlinger: Billeder:Særudgivelser:Flora Danica:Hæfte:Hft. 10,Papaveraceae,Chelidonium majus L. var majus,Svaleurt,Valmuefamilien,Almindelig,free
543,floradanica_0543.tif,Saponaria officinalis L.,1771,G. C. Oeder,Karplanter,Digitale Samlinger: Billeder:Særudgivelser:Flora Danica:Hæfte:Hft. 10,Caryophyllaceae,Saponaria officinalis L.,Sæbeurt,Nellikefamilien,,free
544,floradanica_0544.tif,Potentilla anserina L.,1771,G. C. Oeder,Karplanter,Digitale Samlinger: Billeder:Særudgivelser:Flora Danica:Hæfte:Hft. 10,Rosaceae,Potentilla anserina L. ssp. anserina,Potentil,Rosenfamilien,Gåse-,free
545,floradanica_0545.tif,Sambucus nigra L.,1771,G. C. Oeder,Karplanter,Digitale Samlinger: Billeder:Særudgivelser:Flora Danica:Hæfte:Hft. 10,Caprifoliaceae,Sambucus nigra L.,Hyld,Gedebladfamilien,Almindelig,free
546,floradanica_0546.tif,Ribis Uva crispa L.,1771,G. C. Oeder,Karplanter,Digitale Samlinger: Billeder:Særudgivelser:Flora Danica:Hæfte:Hft. 10,Grossulariaceae,Ribes uva-crispa L.,Stikkelsbær,Ribsfamilien,,free
547,floradanica_0547.tif,Spiraea Ulmaria L.,1771,G. C. Oeder,Karplanter,Digitale Samlinger: Billeder:Særudgivelser:Flora Danica:Hæfte:Hft. 10,Rosaceae,Filipendula ulmaria (L.) Maxim.,Mjødurt,Rosenfamilien,Almindelig,free
548,floradanica_0548.tif,Glaux maritima L.,1771,G. C. Oeder,Karplanter,Digitale Samlinger: Billeder:Særudgivelser:Flora Danica:Hæfte:Hft. 10,Primulaceae,Glaux maritima L.,Sandkryb,Kodriverfamilien,,free
549,floradanica_0549.tif,Anemone nemorosa L.,1771,G. C. Oeder,Karplanter,Digitale Samlinger: Billeder:Særudgivelser:Flora Danica:Hæfte:Hft. 10,Ranunculaceae,Anemone nemorosa L.,Anemone,Ranunkelfamilien,Hvid,free
550,floradanica_0550.tif,Brassica campestris Oed.,1771,G. C. Oeder,Karplanter,Digitale Samlinger: Billeder:Særudgivelser:Flora Danica:Hæfte:Hft. 10,Brassicaceae,Arabis glabra (L.) Bernh.,Tårnurt,Korsblomstfamilien,,free
551,floradanica_0551.tif,Ranunculus bulbosus L.,1771,G. C. Oeder,Karplanter,Digitale Samlinger: Billeder:Særudgivelser:Flora Danica:Hæfte:Hft. 10,Ranunculaceae,Ranunculus bulbosus L.,Ranunkel,Ranunkelfamilien,Knold-,free
552,floradanica_0552.tif,Asperugo procumbens L.,1771,G. C. Oeder,Karplanter,Digitale Samlinger: Billeder:Særudgivelser:Flora Danica:Hæfte:Hft. 10,Boraginaceae,Asperugo procumbens L.,River,Rubladfamilien,,free
553,floradanica_0553.tif,Tilia europaea L.,1771,G. C. Oeder,Karplanter,Digitale Samlinger: Billeder:Særudgivelser:Flora Danica:Hæfte:Hft. 10,Tiliaceae,Tilia cordata Miller,Lind,Lindefamilien,Småbladet,free
554,floradanica_0554.tif,Eryngium campestre L.,1771,G. C. Oeder,Karplanter,Digitale Samlinger: Billeder:Særudgivelser:Flora Danica:Hæfte:Hft. 10,Apiaceae,Eryngium campestre L.,Mandstro,Skærmblomstfamilien,Bjerg-,free
555,floradanica_0555.tif,Rosa canina L.,1771,G. C. Oeder,Karplanter,Digitale Samlinger: Billeder:Særudgivelser:Flora Danica:Hæfte:Hft. 10,Rosaceae,Rosa sp.,Rose,Rosenfamilien,,free
556,floradanica_0556.tif,Ribes nigrum L.,1771,G. C. Oeder,Karplanter,Digitale Samlinger: Billeder:Særudgivelser:Flora Danica:Hæfte:Hft. 10,Grossulariaceae,Ribes nigrum L.,Solbær,Ribsfamilien,,free
557,floradanica_0557.tif,Lepidium latifolium L.,1771,G. C. Oeder,Karplanter,Digitale Samlinger: Billeder:Særudgivelser:Flora Danica:Hæfte:Hft. 10,Brassicaceae,Lepidium latifolium L.,Karse,Korsblomstfamilien,Strand-,free
558,floradanica_0558.tif,Trifolium agrarium L.,1771,G. C. Oeder,Karplanter,Digitale Samlinger: Billeder:Særudgivelser:Flora Danica:Hæfte:Hft. 10,Fabaceae,Trifolium aureum Pollich,Kløver,Ærteblomstfamilien,Humle-,free
559,floradanica_0559.tif,Silene Armeria L.,1771,G. C. Oeder,Karplanter,Digitale Samlinger: Billeder:Særudgivelser:Flora Danica:Hæfte:Hft. 10,Caryophyllaceae,Silene armeria L.,Limurt,Nellikefamilien,Knippe-,free
560,floradanica_0560.tif,Erysimum officinale L.,1771,G. C. Oeder,Karplanter,Digitale Samlinger: Billeder:Særudgivelser:Flora Danica:Hæfte:Hft. 10,Brassicaceae,Sisymbrium officinale (L.) Scop,Vejsennep,Korsblomstfamilien,Rank,free
561,floradanica_0561.tif,Alisma Plantago aquatica L.,1771,G. C. Oeder,Karplanter,Digitale Samlinger: Billeder:Særudgivelser:Flora Danica:Hæfte:Hft. 10,Alismataceae,Alisma plantago-aquatica L.,Skeblad,Skebladfamilien,Vejbred-,free
562,floradanica_0562.tif,Asperula odorata L.,1771,G. C. Oeder,Karplanter,Digitale Samlinger: Billeder:Særudgivelser:Flora Danica:Hæfte:Hft. 10,Rubiaceae,Galium odoratum (L.) Scop.,Skovmærke,Krapfamilien,,free
563,floradanica_0563.tif,Scleranthus perennis L.,1771,G. C. Oeder,Karplanter,Digitale Samlinger: Billeder:Særudgivelser:Flora Danica:Hæfte:Hft. 10,Caryophyllaceae,Scleranthus perennis L.,Knavel,Nellikefamilien,Flerårig,free
564,floradanica_0564.tif,Agrostis stolonifera Oed.,1771,G. C. Oeder,Karplanter,Digitale Samlinger: Billeder:Særudgivelser:Flora Danica:Hæfte:Hft. 10,Poaceae,Agrostis stolonifera L. var. maritima (Lam.) Koch,Hvene,Græsfamilien,Klit-,free
565,floradanica_0565.tif,Epilobium latifolium L.,1771,G. C. Oeder,Karplanter,Digitale Samlinger: Billeder:Særudgivelser:Flora Danica:Hæfte:Hft. 10,Onagraceae,Epilobium latifolium L.,Gederams,Natlysfamilien,Storblomstret,free
566,floradanica_0566.tif,Anemone groenlandica Oed.,1771,G. C. Oeder,Karplanter,Digitale Samlinger: Billeder:Særudgivelser:Flora Danica:Hæfte:Hft. 10,Ranunculaceae,Coptis trifolia (L.) Salisb.,Gyldentråd,Ranunkelfamilien,,free
567,floradanica_0567.tif,Ledum groenlandicum Oed.,1771,G. C. Oeder,Karplanter,Digitale Samlinger: Billeder:Særudgivelser:Flora Danica:Hæfte:Hft. 10,Ericaceae,Ledum palustre L. ssp. groenlandicum (Oeder) Hultén,Post,Lyngfamilien,Grønlandsk,free
568,floradanica_0568.tif,Scilla bifolia Oed.,1771,G. C. Oeder,Karplanter,Digitale Samlinger: Billeder:Særudgivelser:Flora Danica:Hæfte:Hft. 10,Liliaceae,Scilla verna Huds.,Skilla,Liljefamilien,Vår-,free
569,floradanica_0569.tif,Lepidium alpinum Oed.,1771,G. C. Oeder,Karplanter,Digitale Samlinger: Billeder:Særudgivelser:Flora Danica:Hæfte:Hft. 10,Brassicaceae,Arabis sp.,Kalkkarse,Korsblomstfamilien,,free
570,floradanica_0570.tif,Valeriana officinalis L.,1771,G. C. Oeder,Karplanter,Digitale Samlinger: Billeder:Særudgivelser:Flora Danica:Hæfte:Hft. 10,Valerianaceae,Valeriana oficinalis L.,Baldrian,Baldrianfamilien,Læge-,free
571,floradanica_0571.tif,Ranunculus sceleratus L.,1771,G. C. Oeder,Karplanter,Digitale Samlinger: Billeder:Særudgivelser:Flora Danica:Hæfte:Hft. 10,Ranunculaceae,Ranunculus sceleratus L. ssp. sceleratus,Ranunkel,Ranunkelfamilien,Tigger-,free
572,floradanica_0572.tif,Anchusa officinalis L.,1771,G. C. Oeder,Karplanter,Digitale Samlinger: Billeder:Særudgivelser:Flora Danica:Hæfte:Hft. 10,Boraginaceae,Anchusa officinalis L.,Oksetunge,Rubladfamilien,Læge-,free
573,floradanica_0573.tif,Cineraria palustris L.,1771,G. C. Oeder,Karplanter,Digitale Samlinger: Billeder:Særudgivelser:Flora Danica:Hæfte:Hft. 10,Asteraceae,Cineraria palustris (L.) L. ssp. congesta (R. Br.) Nyman,Fnokurt,Kurvblomstfamilien,Kær-,free
574,floradanica_0574.tif,Leontodon Taraxacum L.,1771,G. C. Oeder,Karplanter,Digitale Samlinger: Billeder:Særudgivelser:Flora Danica:Hæfte:Hft. 10,Asteraceae,Taraxacum sp.,Mælkebøtte,Kurvblomstfamilien,,free
575,floradanica_0575.tif,Ranunculus Flammula L.,1771,G. C. Oeder,Karplanter,Digitale Samlinger: Billeder:Særudgivelser:Flora Danica:Hæfte:Hft. 10,Ranunculaceae,Ranunculus flammula L.,Ranunkel,Ranunkelfamilien,Kær-,free
576,floradanica_0576.tif,Agrostemma Githago L.,1771,G. C. Oeder,Karplanter,Digitale Samlinger: Billeder:Særudgivelser:Flora Danica:Hæfte:Hft. 10,Caryophyllaceae,Agrostemma githago L.,Klinte,Nellikefamilien,,free
577,floradanica_0577.tif,Dianthus deltoides L.,1771,G. C. Oeder,Karplanter,Digitale Samlinger: Billeder:Særudgivelser:Flora Danica:Hæfte:Hft. 10,Caryophyllaceae,Dianthus deltoides L.,Nellike,Nellikefamilien,Bakke-,free
578,floradanica_0578.tif,Dianthus superbus L.,1771,G. C. Oeder,Karplanter,Digitale Samlinger: Billeder:Særudgivelser:Flora Danica:Hæfte:Hft. 10,Caryophyllaceae,Dianthus superbus L.,Nellike,Nellikefamilien,Strand-,free
579,floradanica_0579.tif,Chenopodium Bonus Henricus L.,1771,G. C. Oeder,Karplanter,Digitale Samlinger: Billeder:Særudgivelser:Flora Danica:Hæfte:Hft. 10,Chenopodiaceae,Chenopodium bonus-henricus L.,Gåsefod,Salturtfamilien,Stolthenriks-,free
580,floradanica_0580.tif,Nepeta Cataria L.,1771,G. C. Oeder,Karplanter,Digitale Samlinger: Billeder:Særudgivelser:Flora Danica:Hæfte:Hft. 10,Lamiaceae,Nepeta cataria L.,Katteurt,Læbeblomstfamilien,Almindelig,free
581,floradanica_0581.tif,Plantago media L.,1771,G. C. Oeder,Karplanter,Digitale Samlinger: Billeder:Særudgivelser:Flora Danica:Hæfte:Hft. 10,Plantaginaceae,Plantago media L.,Vejbred,Vejbredfamilien,Dunet,free
582,floradanica_0582.tif,Impatiens Noli tangere L.,1771,G. C. Oeder,Karplanter,Digitale Samlinger: Billeder:Særudgivelser:Flora Danica:Hæfte:Hft. 10,Balsaminaceae,Impatiens noli-tangere L.,Balsamin,Balsaminfamilien,Spring-,free
583,floradanica_0583.tif,Myosotis scorpioides Oed. / Myosotis scorpioides Oed.,1771,G. C. Oeder,Karplanter,Digitale Samlinger: Billeder:Særudgivelser:Flora Danica:Hæfte:Hft. 10,Boraginaceae,Myosotis sylvatica Hoffm.,Forglemmigej,Rubladfamilien,Skov-,free
584,floradanica_0584.tif,Parnassia palustris L.,1771,G. C. Oeder,Karplanter,Digitale Samlinger: Billeder:Særudgivelser:Flora Danica:Hæfte:Hft. 10,Parnassiaceae,Parnassia palustris L.,Leverurt,Leverurtfamilien,Almindelig,free
585,floradanica_0585.tif,Chelidonium Glaucium L.,1771,G. C. Oeder,Karplanter,Digitale Samlinger: Billeder:Særudgivelser:Flora Danica:Hæfte:Hft. 10,Papaveraceae,Glaucium flavum Crantz,Hornskulpe,Valmuefamilien,Strand-,free
586,floradanica_0586.tif,Verbascum Lychnitis L.,1771,G. C. Oeder,Karplanter,Digitale Samlinger: Billeder:Særudgivelser:Flora Danica:Hæfte:Hft. 10,Scrophulariaceae,Verbascum lychnitis L.,Kongelys,Maskeblomstfamilien,Bleg,free
587,floradanica_0587.tif,Stachys arvensis L.,1771,G. C. Oeder,Karplanter,Digitale Samlinger: Billeder:Særudgivelser:Flora Danica:Hæfte:Hft. 10,Lamiaceae,Stachys arvensis (L.) L.,Galtetand,Læbeblomstfamilien,Ager-,free
588,floradanica_0588.tif,Agrimonia Eupatoria L.,1771,G. C. Oeder,Karplanter,Digitale Samlinger: Billeder:Særudgivelser:Flora Danica:Hæfte:Hft. 10,Rosaceae,Agrimonia eupatoria L.,Agermåne,Rosenfamilien,Almindelig,free
589,floradanica_0589.tif,Tormentilla erecta L.,1771,G. C. Oeder,Karplanter,Digitale Samlinger: Billeder:Særudgivelser:Flora Danica:Hæfte:Hft. 10,Rosaceae,Potentilla erecta (L.) Räuschel,Tormentil,Rosenfamilien,,free
590,floradanica_0590.tif,Lychnis Flos cuculi L.,1771,G. C. Oeder,Karplanter,Digitale Samlinger: Billeder:Særudgivelser:Flora Danica:Hæfte:Hft. 10,Caryophyllaceae,Lychnis flos-cuculi L.,Trævlekrone,Nellikefamilien,,free
591,floradanica_0591.tif,Fucus granulatus L.,1771,G. C. Oeder,Alger,Digitale Samlinger: Billeder:Særudgivelser:Flora Danica:Hæfte:Hft. 10,,Cystoseira granulata (L.) Ag.,,,,free
592,floradanica_0592.tif,Euphorbia exigua L.,1771,G. C. Oeder,Karplanter,Digitale Samlinger: Billeder:Særudgivelser:Flora Danica:Hæfte:Hft. 10,Euphorbiaceae,Euphorbia exigua L.,Vortemælk,Vortemælkfamilien,Liden,free
593,floradanica_0593.tif,Teucrium Scordium L.,1771,G. C. Oeder,Karplanter,Digitale Samlinger: Billeder:Særudgivelser:Flora Danica:Hæfte:Hft. 10,Lamiaceae,Teucrium scordium L.,Løgurt,Læbeblomstfamilien,,free
594,floradanica_0594.tif,Lamium album L.,1771,G. C. Oeder,Karplanter,Digitale Samlinger: Billeder:Særudgivelser:Flora Danica:Hæfte:Hft. 10,Lamiaceae,Lamium album L.,Døvnælde,Læbeblomstfamilien,,free
595,floradanica_0595.tif,Tussilago Farfara L.,1771,G. C. Oeder,Karplanter,Digitale Samlinger: Billeder:Særudgivelser:Flora Danica:Hæfte:Hft. 10,Asteraceae,Tussilago farfara L.,Følfod,Kurvblomstfamilien,,free
596,floradanica_0596.tif,Geranium palustre L.,1771,G. C. Oeder,Karplanter,Digitale Samlinger: Billeder:Særudgivelser:Flora Danica:Hæfte:Hft. 10,Geraniaceae,Geranium palustre L.,Storkenæb,Storkenæbfamilien,Kær-,free
597,floradanica_0597.tif,Lichen polyrrhizos Oed. / Lichen pustulatus L.,1771,G. C. Oeder,Laver,Digitale Samlinger: Billeder:Særudgivelser:Flora Danica:Hæfte:Hft. 10,,Gyrophora hirsuta Ach.,,,,free
598,floradanica_0598.tif,"Lichen glaucus [alfa], tuberculosus Oed. / Lichen glaucus [beta], fimbriatus Oed.",1771,G. C. Oeder,Laver,Digitale Samlinger: Billeder:Særudgivelser:Flora Danica:Hæfte:Hft. 10,,Platysma glaucum (Ach.) Nyl.,,,,free
599,floradanica_0599.tif,Amanita glutinosa flava etc. Hall.,1771,G. C. Oeder,Svampe,Digitale Samlinger: Billeder:Særudgivelser:Flora Danica:Hæfte:Hft. 10,,"Hygrophorus conicus (Scop.) [beta], citrinus Fr.",,,,free
600,floradanica_0600.tif,Agaricus caulescens albicans etc. Oed.,1771,G. C. Oeder,Svampe,Digitale Samlinger: Billeder:Særudgivelser:Flora Danica:Hæfte:Hft. 10,,Agaricus (Armillaria) fracidus Fr.,,,,free
601,floradanica_0601.tif,Sempervivum tectorum L.,1775,O. F. Müller,Karplanter,Digitale Samlinger: Billeder:Særudgivelser:Flora Danica:Hæfte:Hft. 11,Crassulaceae,Sempervivum tectorum L.,Husløg,Stenurtfamilien,,free
602,floradanica_0602.tif,Nymphaea alba L.,1775,O. F. Müller,Karplanter,Digitale Samlinger: Billeder:Særudgivelser:Flora Danica:Hæfte:Hft. 11,Nymphaeaceae,Nymphaea alba L.,Nøkkerose,Åkandefamilien,Hvid,free
603,floradanica_0603.tif,Nymphaea lutea L.,1775,O. F. Müller,Karplanter,Digitale Samlinger: Billeder:Særudgivelser:Flora Danica:Hæfte:Hft. 11,Nymphaeaceae,Nuphar lutea Smith,Åkande,Åkandefamilien,Gul,free
604,floradanica_0604.tif,Butomus umbellatus L.,1775,O. F. Müller,Karplanter,Digitale Samlinger: Billeder:Særudgivelser:Flora Danica:Hæfte:Hft. 11,Butomaceae,Butomus umbellatus L.,Brudelys,Brudelysfamilien,,free
605,floradanica_0605.tif,Fumaria bulbosa L.,1775,O. F. Müller,Karplanter,Digitale Samlinger: Billeder:Særudgivelser:Flora Danica:Hæfte:Hft. 11,Fumariaceae,Corydalis cava (L.) Schweigg. & Koerte,Lærkespore,Jordrøgfamilien,Hulrodet,free
606,floradanica_0606.tif,Sonchus arvensis Müll.,1775,O. F. Müller,Karplanter,Digitale Samlinger: Billeder:Særudgivelser:Flora Danica:Hæfte:Hft. 11,Asteraceae,Sonchus arvensis L.,Svinemælk,Kurvblomstfamilien,Almindelig Ager-,free
607,floradanica_0607.tif,Solanum Dulcamara L.,1775,O. F. Müller,Karplanter,Digitale Samlinger: Billeder:Særudgivelser:Flora Danica:Hæfte:Hft. 11,Solanaceae,Solanum dulcamara L. var. dulcamara,Natskygge,Natskyggefamilien,Bittersød,free
608,floradanica_0608.tif,Ulex europaeus L.,1775,O. F. Müller,Karplanter,Digitale Samlinger: Billeder:Særudgivelser:Flora Danica:Hæfte:Hft. 11,Fabaceae,Ulex europaeus L.,Tornblad,Ærteblomstfamilien,,free
609,floradanica_0609.tif,Galium glaucum Müll.,1775,O. F. Müller,Karplanter,Digitale Samlinger: Billeder:Særudgivelser:Flora Danica:Hæfte:Hft. 11,Rubiaceae,Galium sylvaticum L.,Snerre,Krapfamilien,Skov-,free
610,floradanica_0610.tif,Anemone Hepatica L.,1775,O. F. Müller,Karplanter,Digitale Samlinger: Billeder:Særudgivelser:Flora Danica:Hæfte:Hft. 11,Ranunculaceae,Hepatica nobilis Schreber,Anemone,Ranunkelfamilien,Blå,free
611,floradanica_0611.tif,Anemone pratensis L.,1775,O. F. Müller,Karplanter,Digitale Samlinger: Billeder:Særudgivelser:Flora Danica:Hæfte:Hft. 11,Ranunculaceae,Pulsatilla pratensis (L.) Miller,Kobjælde,Ranunkelfamilien,Nikkende,free
612,floradanica_0612.tif,Ornithogalum minimum Müll.,1775,O. F. Müller,Karplanter,Digitale Samlinger: Billeder:Særudgivelser:Flora Danica:Hæfte:Hft. 11,Liliaceae,Gagea spathacea (Hayne) Salisb.,Guldstjerne,Liljefamilien,Hylster-,free
613,floradanica_0613.tif,Inula pulicaria L.,1775,O. F. Müller,Karplanter,Digitale Samlinger: Billeder:Særudgivelser:Flora Danica:Hæfte:Hft. 11,Asteraceae,Pulicaria vulgaris Gaertner,Loppeurt,Kurvblomstfamilien,Almindelig,free
614,floradanica_0614.tif,Astragalus arenarius Müll.,1775,O. F. Müller,Karplanter,Digitale Samlinger: Billeder:Særudgivelser:Flora Danica:Hæfte:Hft. 11,Fabaceae,Astragalus danicus Retz.,Astragel,Ærteblomstfamilien,Dansk,free
615,floradanica_0615.tif,Aster Tripolium L.,1775,O. F. Müller,Karplanter,Digitale Samlinger: Billeder:Særudgivelser:Flora Danica:Hæfte:Hft. 11,Asteraceae,Aster tripolium L.,Asters,Kurvblomstfamilien,Strand-,free
616,floradanica_0616.tif,Anthericum Liliago L.,1775,O. F. Müller,Karplanter,Digitale Samlinger: Billeder:Særudgivelser:Flora Danica:Hæfte:Hft. 11,Liliaceae,Anthericum liliago L.,Edderkopurt,Liljefamilien,Ugrenet,free
617,floradanica_0617.tif,Gentiana Centaurium L.,1775,O. F. Müller,Karplanter,Digitale Samlinger: Billeder:Særudgivelser:Flora Danica:Hæfte:Hft. 11,Gentianaceae,Centaurium erythraea Rafn ssp. erythraea,Tusindgylden,Ensianfamilien,Mark-,free
618,floradanica_0618.tif,Viola hirta L.,1775,O. F. Müller,Karplanter,Digitale Samlinger: Billeder:Særudgivelser:Flora Danica:Hæfte:Hft. 11,Violaceae,Viola hirta L.,Viol,Violfamilien,Håret,free
619,floradanica_0619.tif,Genista anglica L.,1775,O. F. Müller,Karplanter,Digitale Samlinger: Billeder:Særudgivelser:Flora Danica:Hæfte:Hft. 11,Fabaceae,Genista anglica L.,Visse,Ærteblomstfamilien,Engelsk,free
620,floradanica_0620.tif,Eriophorum alpinum L.,1775,O. F. Müller,Karplanter,Digitale Samlinger: Billeder:Særudgivelser:Flora Danica:Hæfte:Hft. 11,Cyperaceae,Trichophorum alpinum (L.) Pers.,Kæruld,Halvgræsfamilien,Liden,free
621,floradanica_0621.tif,Carduus crispus L.,1775,O. F. Müller,Karplanter,Digitale Samlinger: Billeder:Særudgivelser:Flora Danica:Hæfte:Hft. 11,Asteraceae,Carduus crispus L.,Tidsel,Kurvblomstfamilien,Kruset,free
622,floradanica_0622.tif,Conyza squarrosa L.,1775,O. F. Müller,Karplanter,Digitale Samlinger: Billeder:Særudgivelser:Flora Danica:Hæfte:Hft. 11,Asteraceae,Inula conyza DC.,Alant,Kurvblomstfamilien,Trekløft-,free
623,floradanica_0623.tif,Viola tricolor L.,1775,O. F. Müller,Karplanter,Digitale Samlinger: Billeder:Særudgivelser:Flora Danica:Hæfte:Hft. 11,Violaceae,Viola tricolor L. ssp. tricolor,Stedmoderblomst,Violfamilien,Almindelig,free
624,floradanica_0624.tif,Arenaria peploides L.,1775,O. F. Müller,Karplanter,Digitale Samlinger: Billeder:Særudgivelser:Flora Danica:Hæfte:Hft. 11,Caryophyllaceae,Honckenya peploides (L.) Ehrh. var. peploides,Strandarve,Nellikefamilien,Almindelig,free
625,floradanica_0625.tif,Euphrasia Odontites L.,1775,O. F. Müller,Karplanter,Digitale Samlinger: Billeder:Særudgivelser:Flora Danica:Hæfte:Hft. 11,Scrophulariaceae,Odontites verna (Bellardi) Dumort. s.l.,Rødtop,Maskeblomstfamilien,Mark-,free
626,floradanica_0626.tif,Cerastium arvense L.,1775,O. F. Müller,Karplanter,Digitale Samlinger: Billeder:Særudgivelser:Flora Danica:Hæfte:Hft. 11,Caryophyllaceae,Cerastium arvense L.,Hønsetarm,Nellikefamilien,Storblomstret,free
627,floradanica_0627.tif,Veronica triphyllos L.,1775,O. F. Müller,Karplanter,Digitale Samlinger: Billeder:Særudgivelser:Flora Danica:Hæfte:Hft. 11,Scrophulariaceae,Veronica triphyllos L.,Ærenpris,Maskeblomstfamilien,Trefliget,free
628,floradanica_0628.tif,Verbena officinalis L.,1775,O. F. Müller,Karplanter,Digitale Samlinger: Billeder:Særudgivelser:Flora Danica:Hæfte:Hft. 11,Verbenaceae,Verbena officinalis L.,Jernurt,Jernurtfamilien,,free
629,floradanica_0629.tif,Hordeum murinum L.,1775,O. F. Müller,Karplanter,Digitale Samlinger: Billeder:Særudgivelser:Flora Danica:Hæfte:Hft. 11,Poaceae,Hordeum murinum L.,Byg,Græsfamilien,Gold,free
630,floradanica_0630.tif,Hordeum maritimum Müll.,1775,O. F. Müller,Karplanter,Digitale Samlinger: Billeder:Særudgivelser:Flora Danica:Hæfte:Hft. 11,Poaceae,Hordeum secalinum Schreber,Byg,Græsfamilien,Eng-,free
631,floradanica_0631.tif,Verbascum Thapsus L.,1775,O. F. Müller,Karplanter,Digitale Samlinger: Billeder:Særudgivelser:Flora Danica:Hæfte:Hft. 11,Scrophulariaceae,Verbascum thapsus L.,Kongelys,Maskeblomstfamilien,Filtbladet,free
632,floradanica_0632.tif,Ulmus campestris L. 35),1775,O. F. Müller,Karplanter,Digitale Samlinger: Billeder:Særudgivelser:Flora Danica:Hæfte:Hft. 11,Ulmaceae,Ulmus glabra Hudson emend. Moss ssp. glabra,Elm,Elmefamilien,Skov-,free
633,floradanica_0633.tif,Asarum europaeum L.,1775,O. F. Müller,Karplanter,Digitale Samlinger: Billeder:Særudgivelser:Flora Danica:Hæfte:Hft. 11,Aristolochiaceae,Asarum europaeum L.,Hasselurt,Slangerodfamilien,,free
634,floradanica_0634.tif,Crataegus Oxyacantha L.,1775,O. F. Müller,Karplanter,Digitale Samlinger: Billeder:Særudgivelser:Flora Danica:Hæfte:Hft. 11,Rosaceae,Crataegus laevigata (Poiret) DC.,Hvidtjørn,Rosenfamilien,Almindelig,free
635,floradanica_0635.tif,Spiraea Filipendula L.,1775,O. F. Müller,Karplanter,Digitale Samlinger: Billeder:Særudgivelser:Flora Danica:Hæfte:Hft. 11,Rosaceae,Filipendula vulgaris Moench,Mjødurt,Rosenfamilien,Knoldet,free
636,floradanica_0636.tif,Comarum palustre L.,1775,O. F. Müller,Karplanter,Digitale Samlinger: Billeder:Særudgivelser:Flora Danica:Hæfte:Hft. 11,Rosaceae,Potentilla palustris (L.) Scop.,Kragefod,Rosenfamilien,,free
637,floradanica_0637.tif,Scutellaria galericulata L.,1775,O. F. Müller,Karplanter,Digitale Samlinger: Billeder:Særudgivelser:Flora Danica:Hæfte:Hft. 11,Lamiaceae,Scutellaria galericulata L.,Skjolddrager,Læbeblomstfamilien,Almindelig,free
638,floradanica_0638.tif,Mentha aquatica L.,1775,O. F. Müller,Karplanter,Digitale Samlinger: Billeder:Særudgivelser:Flora Danica:Hæfte:Hft. 11,Lamiaceae,Mentha aquatica L. s.l.,Mynte,Læbeblomstfamilien,Vand-,free
639,floradanica_0639.tif,Ervum hirsutum L.,1775,O. F. Müller,Karplanter,Digitale Samlinger: Billeder:Særudgivelser:Flora Danica:Hæfte:Hft. 11,Fabaceae,Vicia hirsuta (L.) S. F. Gray,Vikke,Ærteblomstfamilien,Tofrøet,free
640,floradanica_0640.tif,Hypericum quadrangulum Müll.,1775,O. F. Müller,Karplanter,Digitale Samlinger: Billeder:Særudgivelser:Flora Danica:Hæfte:Hft. 11,Clusiaceae,Hypericum tetrapterum Fr.,Perikon,Perikonfamilien,Vinget,free
641,floradanica_0641.tif,Gnaphalium arenarium L.,1775,O. F. Müller,Karplanter,Digitale Samlinger: Billeder:Særudgivelser:Flora Danica:Hæfte:Hft. 11,Asteraceae,Helichrysum arenarium (L.) Moench,Evighedsblomst,Kurvblomstfamilien,Gul,free
642,floradanica_0642.tif,Arctium Lappa Müll.,1775,O. F. Müller,Karplanter,Digitale Samlinger: Billeder:Særudgivelser:Flora Danica:Hæfte:Hft. 11,Asteraceae,Arctium tomentosum Miller,Burre,Kurvblomstfamilien,Filtet,free
643,floradanica_0643.tif,Achillea Ptarmica L.,1775,O. F. Müller,Karplanter,Digitale Samlinger: Billeder:Særudgivelser:Flora Danica:Hæfte:Hft. 11,Asteraceae,Achillea ptarmica L.,Røllike,Kurvblomstfamilien,Nyse-,free
644,floradanica_0644.tif,Serratula arvensis L.,1775,O. F. Müller,Karplanter,Digitale Samlinger: Billeder:Særudgivelser:Flora Danica:Hæfte:Hft. 11,Asteraceae,Cirsium arvense (L.) Scop.,Tidsel,Kurvblomstfamilien,Ager-,free
645,floradanica_0645.tif,Typha latifolia L.,1775,O. F. Müller,Karplanter,Digitale Samlinger: Billeder:Særudgivelser:Flora Danica:Hæfte:Hft. 11,Typhaceae,Typha latifolia L.,Dunhammer,Dunhammerfamilien,Bredbladet,free
646,floradanica_0646.tif,Carex limosa L.,1775,O. F. Müller,Karplanter,Digitale Samlinger: Billeder:Særudgivelser:Flora Danica:Hæfte:Hft. 11,Cyperaceae,Carex limosa L.,Star,Halvgræsfamilien,Dynd-,free
647,floradanica_0647.tif,Carex vesicaria L.,1775,O. F. Müller,Karplanter,Digitale Samlinger: Billeder:Særudgivelser:Flora Danica:Hæfte:Hft. 11,Cyperaceae,Carex vesicaria L.,Star,Halvgræsfamilien,Blære-,free
648,floradanica_0648.tif,Polytrichum arboreum Müll. / Mnium hygrometricum L. / Hypnum squarrosum Müll.,1775,O. F. Müller,Mosser,Digitale Samlinger: Billeder:Særudgivelser:Flora Danica:Hæfte:Hft. 11,,Ulota crispula Hornsch.? (Fig mala).,,,,free
649,floradanica_0649.tif,Hypnum riparium Müll. / Hypnum ornithopodioides Müll.,1775,O. F. Müller,Mosser,Digitale Samlinger: Billeder:Særudgivelser:Flora Danica:Hæfte:Hft. 11,,Brachythecium glareosum Br. et Sch. (Fig. mala),,,,free
650,floradanica_0650.tif,Fucus flagelliformis Müll.,1775,O. F. Müller,Alger,Digitale Samlinger: Billeder:Særudgivelser:Flora Danica:Hæfte:Hft. 11,,Chordaria flagelliformis Ag.,,,,free
651,floradanica_0651.tif,Conferva sericea Müll. / Conferva glomerata L. / Conferva fontinalis Müll.,1775,O. F. Müller,Alger,Digitale Samlinger: Billeder:Særudgivelser:Flora Danica:Hæfte:Hft. 11,,Cladophora glomerata (L.) Kütz. var.?,,,,free
652,floradanica_0652.tif,Fucus roseus Müll.,1775,O. F. Müller,Alger,Digitale Samlinger: Billeder:Særudgivelser:Flora Danica:Hæfte:Hft. 11,,Delesseria sinuosa (Good. et Woodw.) Lmrx.,,,,free
653,floradanica_0653.tif,Ulva incrassata Müll.,1775,O. F. Müller,Alger,Digitale Samlinger: Billeder:Særudgivelser:Flora Danica:Hæfte:Hft. 11,,Dumontia filiformis Grev. (Gastridium Lgb.).,,,,free
654,floradanica_0654.tif,Phallus marcidus Müll. / Phallus conicus Müll.,1775,O. F. Müller,Svampe,Digitale Samlinger: Billeder:Særudgivelser:Flora Danica:Hæfte:Hft. 11,,Cudonia marcida (Müll.) Fr. (Leotia marcida Pers.).,,,,free
655,floradanica_0655.tif,Trichia gregaria cinerea etc. Hall. / Peziza scabra Müll. / Merulius violaceus Hall.,1775,O. F. Müller,Svampe,Digitale Samlinger: Billeder:Særudgivelser:Flora Danica:Hæfte:Hft. 11,,Arcyria fusca Fr. (?),,,,free
656,floradanica_0656.tif,Peziza sessilis hemisphaerica etc. Hall. / Fungoides coccineum etc. Müll.,1775,O. F. Müller,Svampe,Digitale Samlinger: Billeder:Særudgivelser:Flora Danica:Hæfte:Hft. 11,,Peziza hemisphaerica Web.,,,,free
657,floradanica_0657.tif,Clavaria militaris L. / Peziza cava etc. Müll.,1775,O. F. Müller,Svampe,Digitale Samlinger: Billeder:Særudgivelser:Flora Danica:Hæfte:Hft. 11,,Cordyceps militaris (L.) Fr.,,,,free
658,floradanica_0658.tif,Clavaria Spathula Müll.,1775,O. F. Müller,Svampe,Digitale Samlinger: Billeder:Særudgivelser:Flora Danica:Hæfte:Hft. 11,,Spathularia flavida Pers.,,,,free
659,floradanica_0659.tif,Tubulifera Cremor Müll. / Tubulifera Ceratum Müll.,1775,O. F. Müller,Slimsvampe,Digitale Samlinger: Billeder:Særudgivelser:Flora Danica:Hæfte:Hft. 11,,Stemonitis tubulina Alb. Schw.,,,,free
660,floradanica_0660.tif,Conferva stellaris / Conferva Pisum Müll.,1775,O. F. Müller,Alger,Digitale Samlinger: Billeder:Særudgivelser:Flora Danica:Hæfte:Hft. 11,,Stigeoclonium sp.,,,,free
661,floradanica_0661.tif,Viburnum Opulus L.,1777,O. F. Müller,Karplanter,Digitale Samlinger: Billeder:Særudgivelser:Flora Danica:Hæfte:Hft. 12,Caprifoliaceae,Viburnum opulus L.,Kvalkved,Gedebladfamilien,Almindelig,free
662,floradanica_0662.tif,Trifolium alpestre Müll.,1777,O. F. Müller,Karplanter,Digitale Samlinger: Billeder:Særudgivelser:Flora Danica:Hæfte:Hft. 12,Fabaceae,Trifolium medium L.,Kløver,Ærteblomstfamilien,Bugtet,free
663,floradanica_0663.tif,Solidago Virga aurea L.,1777,O. F. Müller,Karplanter,Digitale Samlinger: Billeder:Særudgivelser:Flora Danica:Hæfte:Hft. 12,Asteraceae,Solidago virgaurea L. ssp. virgaurea,Gyldenris,Kurvblomstfamilien,Almindelig,free
664,floradanica_0664.tif,Symphytum officinale L.,1777,O. F. Müller,Karplanter,Digitale Samlinger: Billeder:Særudgivelser:Flora Danica:Hæfte:Hft. 12,Boraginaceae,Symphytum officinale L.,Kulsukker,Rubladfamilien,Læge-,free
665,floradanica_0665.tif,Ranunculus auricomus L.,1777,O. F. Müller,Karplanter,Digitale Samlinger: Billeder:Særudgivelser:Flora Danica:Hæfte:Hft. 12,Ranunculaceae,Ranunculus auricomus L.,Ranunkel,Ranunkelfamilien,Nyrebladet,free
666,floradanica_0666.tif,Anthoxanthum odoratum L.,1777,O. F. Müller,Karplanter,Digitale Samlinger: Billeder:Særudgivelser:Flora Danica:Hæfte:Hft. 12,Poaceae,Anthoxanthum odoratum L. ssp. odoratum,Gulaks,Græsfamilien,Vellugtende,free
667,floradanica_0667.tif,Selinum Carvifolia L.,1777,O. F. Müller,Karplanter,Digitale Samlinger: Billeder:Særudgivelser:Flora Danica:Hæfte:Hft. 12,Apiaceae,Selinum carvifolia (L.) L.,Seline,Skærmblomstfamilien,,free
668,floradanica_0668.tif,Caltha palustris L.,1777,O. F. Müller,Karplanter,Digitale Samlinger: Billeder:Særudgivelser:Flora Danica:Hæfte:Hft. 12,Ranunculaceae,Caltha palustris L. ssp. palustris,Kabbeleje,Ranunkelfamilien,Eng-,free
669,floradanica_0669.tif,Pimpinella Saxifraga L.,1777,O. F. Müller,Karplanter,Digitale Samlinger: Billeder:Særudgivelser:Flora Danica:Hæfte:Hft. 12,Apiaceae,Pimpinella saxifraga L. ssp. saxifraga,Pimpinelle,Skærmblomstfamilien,Almindelig,free
670,floradanica_0670.tif,Aegopodium Podagraria L.,1777,O. F. Müller,Karplanter,Digitale Samlinger: Billeder:Særudgivelser:Flora Danica:Hæfte:Hft. 12,Apiaceae,Aegopodium podagraria L.,Skvalderkål,Skærmblomstfamilien,,free
671,floradanica_0671.tif,Lythrum Salicaria L.,1777,O. F. Müller,Karplanter,Digitale Samlinger: Billeder:Særudgivelser:Flora Danica:Hæfte:Hft. 12,Lythraceae,Lythrum salicaria L.,Kattehale,Kattehalefamilien,,free
672,floradanica_0672.tif,Geum urbanum L.,1777,O. F. Müller,Karplanter,Digitale Samlinger: Billeder:Særudgivelser:Flora Danica:Hæfte:Hft. 12,Rosaceae,Geum urbanum L.,Nellikerod,Rosenfamilien,Feber-,free
673,floradanica_0673.tif,Mentha aquatica Müll.,1777,O. F. Müller,Karplanter,Digitale Samlinger: Billeder:Særudgivelser:Flora Danica:Hæfte:Hft. 12,Lamiaceae,Mentha sp.,Mynte,Læbeblomstfamilien,,free
674,floradanica_0674.tif,Matricaria Parthenium L.,1777,O. F. Müller,Karplanter,Digitale Samlinger: Billeder:Særudgivelser:Flora Danica:Hæfte:Hft. 12,Asteraceae,Tanacetum parthenium (L.) Schultz Bip.,Matrem,Kurvblomstfamilien,,free
675,floradanica_0675.tif,Carduus nutans L.,1777,O. F. Müller,Karplanter,Digitale Samlinger: Billeder:Særudgivelser:Flora Danica:Hæfte:Hft. 12,Asteraceae,Carduus nutans L.,Tidsel,Kurvblomstfamilien,Nikkende,free
676,floradanica_0676.tif,"Chelidonium majus [beta], L.",1777,O. F. Müller,Karplanter,Digitale Samlinger: Billeder:Særudgivelser:Flora Danica:Hæfte:Hft. 12,Papaveraceae,Chelidonium majus L. var. laciniatum (Miller) Syme,Svaleurt,Valmuefamilien,Fliget,free
677,floradanica_0677.tif,Erica vulgaris L.,1777,O. F. Müller,Karplanter,Digitale Samlinger: Billeder:Særudgivelser:Flora Danica:Hæfte:Hft. 12,Ericaceae,Calluna vulgaris (L.) Hull,Hedelyng,Lyngfamilien,,free
678,floradanica_0678.tif,Sinapis arvensis Müll.,1777,O. F. Müller,Karplanter,Digitale Samlinger: Billeder:Særudgivelser:Flora Danica:Hæfte:Hft. 12,Brassicaceae,Raphanus raphanistrum L.,Kiddike,Korsblomstfamilien,,free
679,floradanica_0679.tif,Geranium molle L.,1777,O. F. Müller,Karplanter,Digitale Samlinger: Billeder:Særudgivelser:Flora Danica:Hæfte:Hft. 12,Geraniaceae,Geranium molle L.,Storkenæb,Storkenæbfamilien,Blød,free
680,floradanica_0680.tif,Hieracium umbellatum L.,1777,O. F. Müller,Karplanter,Digitale Samlinger: Billeder:Særudgivelser:Flora Danica:Hæfte:Hft. 12,Asteraceae,Hieracium umbellatum L.,Høgeurt,Kurvblomstfamilien,Smalbladet,free
681,floradanica_0681.tif,Myriophyllum spicatum L.,1777,O. F. Müller,Karplanter,Digitale Samlinger: Billeder:Særudgivelser:Flora Danica:Hæfte:Hft. 12,Haloragaceae,Myriophyllum spicatum L.,Tusindblad,Tusindbladfamilien,Aks-,free
682,floradanica_0682.tif,Sonchus oleraceus L.,1777,O. F. Müller,Karplanter,Digitale Samlinger: Billeder:Særudgivelser:Flora Danica:Hæfte:Hft. 12,Asteraceae,Sonchus oleraceus L.,Svinemælk,Kurvblomstfamilien,Almindelig,free
683,floradanica_0683.tif,Delphinium Consolida L.,1777,O. F. Müller,Karplanter,Digitale Samlinger: Billeder:Særudgivelser:Flora Danica:Hæfte:Hft. 12,Ranunculaceae,Consolida regalis S.F.Gray,Ridderspore,Ranunkelfamilien,Korn-,free
684,floradanica_0684.tif,Stachys germanica L. 37),1777,O. F. Müller,Karplanter,Digitale Samlinger: Billeder:Særudgivelser:Flora Danica:Hæfte:Hft. 12,Lamiaceae,Stachys germanica L.,Galtetand,Læbeblomstfamilien,Filtet,free
685,floradanica_0685.tif,Anthemis tomentosa? Müll.,1777,O. F. Müller,Karplanter,Digitale Samlinger: Billeder:Særudgivelser:Flora Danica:Hæfte:Hft. 12,Asteraceae,Anthemis arvensis L.,Gåseurt,Kurvblomstfamilien,Ager-,free
686,floradanica_0686.tif,"Sedum Telephium [gamma], purpureum L.",1777,O. F. Müller,Karplanter,Digitale Samlinger: Billeder:Særudgivelser:Flora Danica:Hæfte:Hft. 12,Crassulaceae,Sedum telephium L. ssp. telephium,"""Sct. Hansurt; Sankthansurt; Sankt Hans' Urt""",Stenurtfamilien,Rød,free
687,floradanica_0687.tif,Valeriana dioeca L.,1777,O. F. Müller,Karplanter,Digitale Samlinger: Billeder:Særudgivelser:Flora Danica:Hæfte:Hft. 12,Valerianaceae,Valeriana dioica L.,Baldrian,Baldrianfamilien,Tvebo,free
688,floradanica_0688.tif,Rosa mutica Müll. 39),1777,O. F. Müller,Karplanter,Digitale Samlinger: Billeder:Særudgivelser:Flora Danica:Hæfte:Hft. 12,Rosaceae,Rosa sp.,Rose,Rosenfamilien,,free
689,floradanica_0689.tif,Lysimachia vulgaris L.,1777,O. F. Müller,Karplanter,Digitale Samlinger: Billeder:Særudgivelser:Flora Danica:Hæfte:Hft. 12,Primulaceae,Lysimachia vulgaris L.,Fredløs,Kodriverfamilien,Almindelig,free
690,floradanica_0690.tif,Sisymbrium Nasturtium L.,1777,O. F. Müller,Karplanter,Digitale Samlinger: Billeder:Særudgivelser:Flora Danica:Hæfte:Hft. 12,Brassicaceae,Rorippa microphylla (Boenn) Hyl.,Brøndkarse,Korsblomstfamilien,Tyndskylpet,free
691,floradanica_0691.tif,Plantago squamata Müll.,1777,O. F. Müller,Karplanter,Digitale Samlinger: Billeder:Særudgivelser:Flora Danica:Hæfte:Hft. 12,Plantaginaceae,Plantago maritima L.,Vejbred,Vejbredfamilien,Strand-,free
692,floradanica_0692.tif,Myosotis Lappula L.,1777,O. F. Müller,Karplanter,Digitale Samlinger: Billeder:Særudgivelser:Flora Danica:Hæfte:Hft. 12,Boraginaceae,Lappula squarrosa (Retz.) Dumort.,Pigfrø,Rubladfamilien,Småhaget,free
693,floradanica_0693.tif,Alchemilla vulgaris L.,1777,O. F. Müller,Karplanter,Digitale Samlinger: Billeder:Særudgivelser:Flora Danica:Hæfte:Hft. 12,Rosaceae,Alchemilla vulgaris L. s.l.,Løvefod,Rosenfamilien,Almindelig,free
694,floradanica_0694.tif,Geranium robertianum L.,1777,O. F. Müller,Karplanter,Digitale Samlinger: Billeder:Særudgivelser:Flora Danica:Hæfte:Hft. 12,Geraniaceae,Geranium robertianum L. var. rubricaule Hornem.,Storkenæb,Storkenæbfamilien,Strand-,free
695,floradanica_0695.tif,Aquilegia vulgaris L.,1777,O. F. Müller,Karplanter,Digitale Samlinger: Billeder:Særudgivelser:Flora Danica:Hæfte:Hft. 12,Ranunculaceae,Aquilegia vulgaris L.,Akeleje,Ranunkelfamilien,Almindelig,free
696,floradanica_0696.tif,Chrysanthemum inodorum L.,1777,O. F. Müller,Karplanter,Digitale Samlinger: Billeder:Særudgivelser:Flora Danica:Hæfte:Hft. 12,Asteraceae,Matricaria perforata Mérat,Kamille,Kurvblomstfamilien,Lugtløs,free
697,floradanica_0697.tif,Alopecurus agretis L.,1777,O. F. Müller,Karplanter,Digitale Samlinger: Billeder:Særudgivelser:Flora Danica:Hæfte:Hft. 12,Poaceae,Alopecurus myosuroides Hudson,Rævehale,Græsfamilien,Ager-,free
698,floradanica_0698.tif,Stellaria holostea Müll.,1777,O. F. Müller,Karplanter,Digitale Samlinger: Billeder:Særudgivelser:Flora Danica:Hæfte:Hft. 12,Caryophyllaceae,Stellaria sp.,Fladstjerne,Nellikefamilien,,free
699,floradanica_0699.tif,Vicia sepium L.,1777,O. F. Müller,Karplanter,Digitale Samlinger: Billeder:Særudgivelser:Flora Danica:Hæfte:Hft. 12,Fabaceae,Vicia sepium L. var. sepium,Vikke,Ærteblomstfamilien,Almindelig Gærde-,free
700,floradanica_0700.tif,Festuca dumetorum Müll.,1777,O. F. Müller,Karplanter,Digitale Samlinger: Billeder:Særudgivelser:Flora Danica:Hæfte:Hft. 12,Poaceae,Festuca rubra L. ssp. arenaria (Osbeck) Syme,Svingel,Græsfamilien,Klit-,free
701,floradanica_0701.tif,Agrostis sylvestris Müll.,1777,O. F. Müller,Karplanter,Digitale Samlinger: Billeder:Særudgivelser:Flora Danica:Hæfte:Hft. 12,Poaceae,Agrostis sp.,Hvene,Græsfamilien,,free
702,floradanica_0702.tif,Polygonum Persicaria L.,1777,O. F. Müller,Karplanter,Digitale Samlinger: Billeder:Særudgivelser:Flora Danica:Hæfte:Hft. 12,Polygonaceae,Persicaria maculosa S. F. Gray,Pileurt,Skedeknæfamilien,Fersken-,free
703,floradanica_0703.tif,Carex maritima Müll.,1777,O. F. Müller,Karplanter,Digitale Samlinger: Billeder:Særudgivelser:Flora Danica:Hæfte:Hft. 12,Cyperaceae,Carex paleacea Schreber ex Wahlenb.,Star,Halvgræsfamilien,Strand-,free
704,floradanica_0704.tif,Lycoperdon cancellatum Müll.,1777,O. F. Müller,Svampe,Digitale Samlinger: Billeder:Særudgivelser:Flora Danica:Hæfte:Hft. 12,,Roestelia cancellata (Müll.) Rebent. 51),,,,free
705,floradanica_0705.tif,Ulva granulata Müll. (U. radicata Retz.).,1777,O. F. Müller,Alger,Digitale Samlinger: Billeder:Særudgivelser:Flora Danica:Hæfte:Hft. 12,,Botrydium granulatum (L.) Rostaf. et Woron.,,,,free
706,floradanica_0706.tif,Hypnum illecebrum Müll. / Hypnum purum L.,1777,O. F. Müller,Mosser,Digitale Samlinger: Billeder:Særudgivelser:Flora Danica:Hæfte:Hft. 12,,Hypnum purum L.,,,,free
707,floradanica_0707.tif,Polypodium spinulosum Müll.,1777,O. F. Müller,Karplanter,Digitale Samlinger: Billeder:Særudgivelser:Flora Danica:Hæfte:Hft. 12,Dryopteridaceae,Dryopteris carthusiana (Vill.) H. P. Fuchs,Mangeløv,Mangeløvfamilien,Smalbladet,free
708,floradanica_0708.tif,Fucus epiphyllus Müll.,1777,O. F. Müller,Alger,Digitale Samlinger: Billeder:Særudgivelser:Flora Danica:Hæfte:Hft. 12,,Phyllophora rubens Good. et Woodw. (Sphaerococcus Ag.).,,,,free
709,floradanica_0709.tif,Fucus corallinus Müll.,1777,O. F. Müller,Alger,Digitale Samlinger: Billeder:Særudgivelser:Flora Danica:Hæfte:Hft. 12,,Cystoclonium purpurascens (Huds.) Kütz.,,,,free
710,floradanica_0710.tif,Fucus loreus L.,1777,O. F. Müller,Alger,Digitale Samlinger: Billeder:Særudgivelser:Flora Danica:Hæfte:Hft. 12,,Himanthalia lorea (L.) Lgb.,,,,free
711,floradanica_0711.tif,Lichen ciliaris L.,1777,O. F. Müller,Laver,Digitale Samlinger: Billeder:Særudgivelser:Flora Danica:Hæfte:Hft. 12,,Physcia ciliaria (L.) DC. (Borrera ciliar.Ach.).,,,,free
712,floradanica_0712.tif,Lichen saxorum Müll. / Lichen scopulorum Müll.,1777,O. F. Müller,Laver,Digitale Samlinger: Billeder:Særudgivelser:Flora Danica:Hæfte:Hft. 12,,Lecanora tartarea (L.) Ach.,,,,free
713,floradanica_0713.tif,Agaricum nigrum etc. Müll.,1777,O. F. Müller,Svampe,Digitale Samlinger: Billeder:Særudgivelser:Flora Danica:Hæfte:Hft. 12,,Mycelium Agarici mellei Vahl (Rhizomorpha subcorticalis Pers.).,,,,free
714,floradanica_0714.tif,Agaricus campestris L.,1777,O. F. Müller,Svampe,Digitale Samlinger: Billeder:Særudgivelser:Flora Danica:Hæfte:Hft. 12,,,,,,free
715,floradanica_0715.tif,Agaricus Kermesinus Müll.,1777,O. F. Müller,Svampe,Digitale Samlinger: Billeder:Særudgivelser:Flora Danica:Hæfte:Hft. 12,,Hygrophorus coccineus (Schäff.) Fr.,,,,free
716,floradanica_0716.tif,Boletus cellulosus Müll. / Merulius crispatus Müll.,1777,O. F. Müller,Svampe,Digitale Samlinger: Billeder:Særudgivelser:Flora Danica:Hæfte:Hft. 12,,Polyporus vulgaris Fr. (Figura mala).,,,,free
717,floradanica_0717.tif,Hydnum crystallinum Müll.,1777,O. F. Müller,Svampe,Digitale Samlinger: Billeder:Særudgivelser:Flora Danica:Hæfte:Hft. 12,,Tremellodon gelatinosum (Scop.) Fr.,,,,free
718,floradanica_0718.tif,Byssus aurea L. / Byssus fruticulosa Müll.,1777,O. F. Müller,Slimsvampe,Digitale Samlinger: Billeder:Særudgivelser:Flora Danica:Hæfte:Hft. 12,,Trentepohlia aurea (L.) Mart.?,,,,free
719,floradanica_0719.tif,Phallus lubricus Müll.,1777,O. F. Müller,Svampe,Digitale Samlinger: Billeder:Særudgivelser:Flora Danica:Hæfte:Hft. 12,,Leotia lubrica (Scop.) Hill.,,,,free
720,floradanica_0720.tif,Lycoperdon Epidendron L.,1777,O. F. Müller,Svampe,Digitale Samlinger: Billeder:Særudgivelser:Flora Danica:Hæfte:Hft. 12,,Lycogala Epidendrum (L.) Fr.,,,,free
721,floradanica_0721.tif,Malva rotundifolia L.,1778,O. F. Müller,Karplanter,Digitale Samlinger: Billeder:Særudgivelser:Flora Danica:Hæfte:Hft. 13,Malvaceae,Malva neglecta Wallr.,Katost,Katostfamilien,Rundbladet,free
722,floradanica_0722.tif,Geum rivale L.,1778,O. F. Müller,Karplanter,Digitale Samlinger: Billeder:Særudgivelser:Flora Danica:Hæfte:Hft. 13,Rosaceae,Geum rivale L.,Nellikerod,Rosenfamilien,Eng-,free
723,floradanica_0723.tif,Daucus Carota L.,1778,O. F. Müller,Karplanter,Digitale Samlinger: Billeder:Særudgivelser:Flora Danica:Hæfte:Hft. 13,Apiaceae,Daucus carota L. ssp. carota,Gulerod,Skærmblomstfamilien,Vild,free
724,floradanica_0724.tif,Trifolium arvense L.,1778,O. F. Müller,Karplanter,Digitale Samlinger: Billeder:Særudgivelser:Flora Danica:Hæfte:Hft. 13,Fabaceae,Trifolium arvense L.,Kløver,Ærteblomstfamilien,Hare-,free
725,floradanica_0725.tif,Euphorbia helioscopia L.,1778,O. F. Müller,Karplanter,Digitale Samlinger: Billeder:Særudgivelser:Flora Danica:Hæfte:Hft. 13,Euphorbiaceae,Euphorbia helioscopia L.,Vortemælk,Vortemælkfamilien,Skærm-,free
726,floradanica_0726.tif,Betonica officinalis L.,1778,O. F. Müller,Karplanter,Digitale Samlinger: Billeder:Særudgivelser:Flora Danica:Hæfte:Hft. 13,Lamiaceae,Stachys officinalis (L.) Trevisan,Betonie,Læbeblomstfamilien,Almindelig,free
727,floradanica_0727.tif,Leonurus Cardiaca L.,1778,O. F. Müller,Karplanter,Digitale Samlinger: Billeder:Særudgivelser:Flora Danica:Hæfte:Hft. 13,Lamiaceae,Leonurus cardiaca L. ssp. cardiaca,Hjertespand,Læbeblomstfamilien,Almindelig,free
728,floradanica_0728.tif,Inula Helenium L.,1778,O. F. Müller,Karplanter,Digitale Samlinger: Billeder:Særudgivelser:Flora Danica:Hæfte:Hft. 13,Asteraceae,Inula helenium L.,Alant,Kurvblomstfamilien,Læge-,free
729,floradanica_0729.tif,Thlaspi Bursa pastoris L.,1778,O. F. Müller,Karplanter,Digitale Samlinger: Billeder:Særudgivelser:Flora Danica:Hæfte:Hft. 13,Brassicaceae,Capsella bursa-pastoris (L.) Medicus,Hyrdetaske,Korsblomstfamilien,,free
730,floradanica_0730.tif,Ornithopus perpusillus L.,1778,O. F. Müller,Karplanter,Digitale Samlinger: Billeder:Særudgivelser:Flora Danica:Hæfte:Hft. 13,Fabaceae,Ornithopus perpusillus L.,Fugleklo,Ærteblomstfamilien,Liden,free
731,floradanica_0731.tif,Erysimum cheiranthoides L. 42),1778,O. F. Müller,Karplanter,Digitale Samlinger: Billeder:Særudgivelser:Flora Danica:Hæfte:Hft. 13,Brassicaceae,Erysimum cheiranthoides L. ssp. cheiranthoides,Hjørneklap,Korsblomstfamilien,Gyldenlak-,free
732,floradanica_0732.tif,Thalictrum minus L.,1778,O. F. Müller,Karplanter,Digitale Samlinger: Billeder:Særudgivelser:Flora Danica:Hæfte:Hft. 13,Ranunculaceae,Thalictrum minus L. ssp. minus,Frøstjerne,Ranunkelfamilien,Sand-,free
733,floradanica_0733.tif,Teucrium Chamaepitys L.,1778,O. F. Müller,Karplanter,Digitale Samlinger: Billeder:Særudgivelser:Flora Danica:Hæfte:Hft. 13,Lamiaceae,Ajuga chamaepitys (L.) Schreber,Læbeløs,Læbeblomstfamilien,Gul,free
734,floradanica_0734.tif,Iris spuria L.,1778,O. F. Müller,Karplanter,Digitale Samlinger: Billeder:Særudgivelser:Flora Danica:Hæfte:Hft. 13,Iridaceae,Iris spuria L.,Iris,Irisfamilien,Blå,free
735,floradanica_0735.tif,Cardamine impatiens Müll.,1778,O. F. Müller,Karplanter,Digitale Samlinger: Billeder:Særudgivelser:Flora Danica:Hæfte:Hft. 13,Brassicaceae,Cardamine flexuosa With.,Springklap,Korsblomstfamilien,Skov-,free
736,floradanica_0736.tif,Mentha gentilis Müll.,1778,O. F. Müller,Karplanter,Digitale Samlinger: Billeder:Særudgivelser:Flora Danica:Hæfte:Hft. 13,Lamiaceae,Mentha sp.,Mynte,Læbeblomstfamilien,,free
737,floradanica_0737.tif,Achillea Millefolium L.,1778,O. F. Müller,Karplanter,Digitale Samlinger: Billeder:Særudgivelser:Flora Danica:Hæfte:Hft. 13,Asteraceae,Achillea millefolium L.,Røllike,Kurvblomstfamilien,Almindelig,free
738,floradanica_0738.tif,Valeriana Locusta olitoria Müll.,1778,O. F. Müller,Karplanter,Digitale Samlinger: Billeder:Særudgivelser:Flora Danica:Hæfte:Hft. 13,Valerianaceae,Valerianella dentata (L.) Pollich,Vårsalat,Baldrianfamilien,Tandbægret,free
739,floradanica_0739.tif,Urtica urens L.,1778,O. F. Müller,Karplanter,Digitale Samlinger: Billeder:Særudgivelser:Flora Danica:Hæfte:Hft. 13,Urticaceae,Urtica urens L.,Nælde,Nældefamilien,Liden,free
740,floradanica_0740.tif,Arenaria rubra marina Müll.,1778,O. F. Müller,Karplanter,Digitale Samlinger: Billeder:Særudgivelser:Flora Danica:Hæfte:Hft. 13,Caryophyllaceae,Spergularia maritima (All.) Chiov.,Hindeknæ,Nellikefamilien,Vingefrøet,free
741,floradanica_0741.tif,Anthemis tinctoria L.,1778,O. F. Müller,Karplanter,Digitale Samlinger: Billeder:Særudgivelser:Flora Danica:Hæfte:Hft. 13,Asteraceae,Anthemis tinctoria L.,Gåseurt,Kurvblomstfamilien,Farve-,free
742,floradanica_0742.tif,Poa compressa L.,1778,O. F. Müller,Karplanter,Digitale Samlinger: Billeder:Særudgivelser:Flora Danica:Hæfte:Hft. 13,Poaceae,Poa compressa L.,Rapgræs,Græsfamilien,Fladstrået,free
743,floradanica_0743.tif,Dactylis glomerata L.,1778,O. F. Müller,Karplanter,Digitale Samlinger: Billeder:Særudgivelser:Flora Danica:Hæfte:Hft. 13,Poaceae,Dactylis glomerata L. ssp. glomerata,Hundegræs,Græsfamilien,Almindelig,free
744,floradanica_0744.tif,Polygonum Convolvulus L.,1778,O. F. Müller,Karplanter,Digitale Samlinger: Billeder:Særudgivelser:Flora Danica:Hæfte:Hft. 13,Polygonaceae,Fallopia convolvulus (L.) Á. Löve,Pileurt,Skedeknæfamilien,Snerle-,free
745,floradanica_0745.tif,Eupatorium cannabinum L.,1778,O. F. Müller,Karplanter,Digitale Samlinger: Billeder:Særudgivelser:Flora Danica:Hæfte:Hft. 13,Asteraceae,Eupatorium cannabinum L.,Hjortetrøst,Kurvblomstfamilien,,free
746,floradanica_0746.tif,Urtica dioica L.,1778,O. F. Müller,Karplanter,Digitale Samlinger: Billeder:Særudgivelser:Flora Danica:Hæfte:Hft. 13,Urticaceae,Urtica dioica L. ssp. dioica,Nælde,Nældefamilien,Stor,free
747,floradanica_0747.tif,Lolium perenne L.,1778,O. F. Müller,Karplanter,Digitale Samlinger: Billeder:Særudgivelser:Flora Danica:Hæfte:Hft. 13,Poaceae,Lolium perenne L.,Rajgræs,Græsfamilien,Almindelig,free
748,floradanica_0748.tif,Triticum repens L.,1778,O. F. Müller,Karplanter,Digitale Samlinger: Billeder:Særudgivelser:Flora Danica:Hæfte:Hft. 13,Poaceae,Elytrigia repens (L.) Nevski,Kvik,Græsfamilien,Almindelig,free
749,floradanica_0749.tif,Poa nemoralis L.,1778,O. F. Müller,Karplanter,Digitale Samlinger: Billeder:Særudgivelser:Flora Danica:Hæfte:Hft. 13,Poaceae,Poa nemoralis L.,Rapgræs,Græsfamilien,Lund-,free
750,floradanica_0750.tif,Poa palustris Müll.,1778,O. F. Müller,Karplanter,Digitale Samlinger: Billeder:Særudgivelser:Flora Danica:Hæfte:Hft. 13,Poaceae,Poa palustris L.,Rapgræs,Græsfamilien,Stortoppet,free
751,floradanica_0751.tif,Agrostis flava Müll.,1778,O. F. Müller,Karplanter,Digitale Samlinger: Billeder:Særudgivelser:Flora Danica:Hæfte:Hft. 13,Poaceae,Agrostis gigantea Roth,Hvene,Græsfamilien,Stortoppet,free
752,floradanica_0752.tif,Lamium amplexicaule L.,1778,O. F. Müller,Karplanter,Digitale Samlinger: Billeder:Særudgivelser:Flora Danica:Hæfte:Hft. 13,Lamiaceae,Lamium amplexicaule L.,Tvetand,Læbeblomstfamilien,Liden,free
753,floradanica_0753.tif,Sinapis arvensis L.,1778,O. F. Müller,Karplanter,Digitale Samlinger: Billeder:Særudgivelser:Flora Danica:Hæfte:Hft. 13,Brassicaceae,Sinapis arvensis L.,Sennep,Korsblomstfamilien,Ager-,free
754,floradanica_0754.tif,Athamantha Libanotis L.,1778,O. F. Müller,Karplanter,Digitale Samlinger: Billeder:Særudgivelser:Flora Danica:Hæfte:Hft. 13,Apiaceae,Seseli libanotis (L.) Koch,Hjorterod,Skærmblomstfamilien,,free
755,floradanica_0755.tif,Ranunculus Lingua L.,1778,O. F. Müller,Karplanter,Digitale Samlinger: Billeder:Særudgivelser:Flora Danica:Hæfte:Hft. 13,Ranunculaceae,Ranunculus lingua L.,Ranunkel,Ranunkelfamilien,Langbladet,free
756,floradanica_0756.tif,Polygonum dumetorum L.,1778,O. F. Müller,Karplanter,Digitale Samlinger: Billeder:Særudgivelser:Flora Danica:Hæfte:Hft. 13,Polygonaceae,Fallopia dumetorum (L.) Holub,Pileurt,Skedeknæfamilien,Vinge-,free
757,floradanica_0757.tif,Allium ursinum L.,1778,O. F. Müller,Karplanter,Digitale Samlinger: Billeder:Særudgivelser:Flora Danica:Hæfte:Hft. 13,Liliaceae,Allium ursinum L.,Løg,Liljefamilien,Rams-,free
758,floradanica_0758.tif,Atropa Belladonna L.,1778,O. F. Müller,Karplanter,Digitale Samlinger: Billeder:Særudgivelser:Flora Danica:Hæfte:Hft. 13,Solanaceae,Atropa bella-donna L.,Galnebær,Natskyggefamilien,,free
759,floradanica_0759.tif,Polypodium Dryopteris Müll.,1778,O. F. Müller,Karplanter,Digitale Samlinger: Billeder:Særudgivelser:Flora Danica:Hæfte:Hft. 13,Dryopteridaceae,Dryopteris dilatata (Hoffm.) A. Gray,Mangeløv,Mangeløvfamilien,Bredbladet,free
760,floradanica_0760.tif,Polypodium Thelypteris L.,1778,O. F. Müller,Karplanter,Digitale Samlinger: Billeder:Særudgivelser:Flora Danica:Hæfte:Hft. 13,Thelypteridaceae,Thelypteris palustris Schott,Dunbregne,Dunbregnefamilien,Kær-,free
761,floradanica_0761.tif,Conferva nidifica Müll.,1778,O. F. Müller,Alger,Digitale Samlinger: Billeder:Særudgivelser:Flora Danica:Hæfte:Hft. 13,,Nitella nidifica (Müll.) Ag. (N.Stenhammariana Wallm.).,,,,free
762,floradanica_0762.tif,Marchantia hemisphaerica L.,1778,O. F. Müller,Mosser,Digitale Samlinger: Billeder:Særudgivelser:Flora Danica:Hæfte:Hft. 13,,Preissia commutata Lindenb. (Fig. mala).,,,,free
763,floradanica_0763.tif,Ulva prolifera Müll. / Ulva spongiformis Müll.,1778,O. F. Müller,Alger,Digitale Samlinger: Billeder:Særudgivelser:Flora Danica:Hæfte:Hft. 13,,"Enteromorpha compressa (L.) [beta], prolifera (Müll.) Ag.",,,,free
764,floradanica_0764.tif,Lichen resupinatus L.,1778,O. F. Müller,Laver,Digitale Samlinger: Billeder:Særudgivelser:Flora Danica:Hæfte:Hft. 13,,Nephroma resupinatum (L.) Ach. (?) 45),,,,free
765,floradanica_0765.tif,Lichen horizontalis Müll.,1778,O. F. Müller,Laver,Digitale Samlinger: Billeder:Særudgivelser:Flora Danica:Hæfte:Hft. 13,,Nephroma tomentosum (Hffm.) Körb.,,,,free
766,floradanica_0766.tif,Lichen pertusus L.,1778,O. F. Müller,Laver,Digitale Samlinger: Billeder:Særudgivelser:Flora Danica:Hæfte:Hft. 13,,Pertusaria communis DC.,,,,free
767,floradanica_0767.tif,Lichen aphthosus L. / Lichen caninus L.,1778,O. F. Müller,Laver,Digitale Samlinger: Billeder:Særudgivelser:Flora Danica:Hæfte:Hft. 13,,Peltigera aphthosa (L.) Fr.,,,,free
768,floradanica_0768.tif,Fucus Fascia Müll.,1778,O. F. Müller,Alger,Digitale Samlinger: Billeder:Særudgivelser:Flora Danica:Hæfte:Hft. 13,,Phyllitis Fascia (Müll.) Kütz.,,,,free
769,floradanica_0769.tif,Fucus miniatus Müll.,1778,O. F. Müller,Alger,Digitale Samlinger: Billeder:Særudgivelser:Flora Danica:Hæfte:Hft. 13,,Calophyllis laciniata (Huds.) Kütz.?,,,,free
770,floradanica_0770.tif,Fucus bullatus Müll.,1778,O. F. Müller,Alger,Digitale Samlinger: Billeder:Særudgivelser:Flora Danica:Hæfte:Hft. 13,,Rhodymenia palmata (L.) Grev.,,,,free
771,floradanica_0771.tif,Conferva uncialis Müll. / Conferva Linum Müll.,1778,O. F. Müller,Alger,Digitale Samlinger: Billeder:Særudgivelser:Flora Danica:Hæfte:Hft. 13,,Spongomorpha lanosa (Roth.) f. uncialis (Müll.) Kjellm.,,,,free
772,floradanica_0772.tif,Agaricus procerus Müll.,1778,O. F. Müller,Svampe,Digitale Samlinger: Billeder:Særudgivelser:Flora Danica:Hæfte:Hft. 13,,Agaricus (Lepiota) procerus (Scop.) Fr.,,,,free
773,floradanica_0773.tif,Agaricus nitidus Müll.,1778,O. F. Müller,Svampe,Digitale Samlinger: Billeder:Særudgivelser:Flora Danica:Hæfte:Hft. 13,,Agaricus (Armillaria) mucidus Schrad.,,,,free
774,floradanica_0774.tif,Agaricus mutabilis Müll.,1778,O. F. Müller,Svampe,Digitale Samlinger: Billeder:Særudgivelser:Flora Danica:Hæfte:Hft. 13,,Agaricus (Hypholoma) Candolleanus Fr.,,,,free
775,floradanica_0775.tif,Clavaria polymorpha rufa Müll. / Clavaria vermiculata etc. Müll. / Clavaria muscoides L.,1778,O. F. Müller,Svampe,Digitale Samlinger: Billeder:Særudgivelser:Flora Danica:Hæfte:Hft. 13,,Clavaria rufa (Müll.) Fr.,,,,free
776,floradanica_0776.tif,Agaricus betulinus Müll. / Trichia nivea Hall.,1778,O. F. Müller,Svampe,Digitale Samlinger: Billeder:Særudgivelser:Flora Danica:Hæfte:Hft. 13,,Merulius tremellosus Schrad. 46),,,,free
777,floradanica_0777.tif,Botrytis spicata grisea etc. Mich. / Mucor glaucus L.,1778,O. F. Müller,Svampe,Digitale Samlinger: Billeder:Særudgivelser:Flora Danica:Hæfte:Hft. 13,,Botrytis vera Fr.,,,,free
778,floradanica_0778.tif,Mucor septicus L.,1778,O. F. Müller,Slimsvampe,Digitale Samlinger: Billeder:Særudgivelser:Flora Danica:Hæfte:Hft. 13,,Aethalium septicum (L.) Fr.,,,,free
779,floradanica_0779.tif,Elvela pusilla Müll. / Elvela minuta Müll. / Elvela equina Müll.,1778,O. F. Müller,Svampe,Digitale Samlinger: Billeder:Særudgivelser:Flora Danica:Hæfte:Hft. 13,,Peziza pusilla (Müll.) Fr.,,,,free
780,floradanica_0780.tif,Peziza sericea Müll. / Peziza scutellaris Müll.,1778,O. F. Müller,Svampe,Digitale Samlinger: Billeder:Særudgivelser:Flora Danica:Hæfte:Hft. 13,,Cyathus campanulatus Sibth.,,,,free
781,floradanica_0781.tif,Orobus tuberosus L.,1780,O. F. Müller,Karplanter,Digitale Samlinger: Billeder:Særudgivelser:Flora Danica:Hæfte:Hft. 14,Fabaceae,Lathyrus linifolius (Reichard) Bässler,Fladbælg,Ærteblomstfamilien,Krat-,free
782,floradanica_0782.tif,Campanula latifolia L.,1780,O. F. Müller,Karplanter,Digitale Samlinger: Billeder:Særudgivelser:Flora Danica:Hæfte:Hft. 14,Campanulaceae,Campanula latifolia L.,Klokke,Klokkefamilien,Bredbladet,free
783,floradanica_0783.tif,Ononis spinosa Müll.,1780,O. F. Müller,Karplanter,Digitale Samlinger: Billeder:Særudgivelser:Flora Danica:Hæfte:Hft. 14,Fabaceae,Ononis repens L.,Krageklo,Ærteblomstfamilien,Mark-,free
784,floradanica_0784.tif,Senecio aquaticus Huds.,1780,O. F. Müller,Karplanter,Digitale Samlinger: Billeder:Særudgivelser:Flora Danica:Hæfte:Hft. 14,Asteraceae,Senecio aquaticus Hill. ssp. aquaticus,Brandbæger,Kurvblomstfamilien,Vand-,free
785,floradanica_0785.tif,Lathyrus silvestris var.? Müll.,1780,O. F. Müller,Karplanter,Digitale Samlinger: Billeder:Særudgivelser:Flora Danica:Hæfte:Hft. 14,Fabaceae,Lathyrus sylvestris L.,Fladbælg,Ærteblomstfamilien,Skov-,free
786,floradanica_0786.tif,Inula salicina L.,1780,O. F. Müller,Karplanter,Digitale Samlinger: Billeder:Særudgivelser:Flora Danica:Hæfte:Hft. 14,Asteraceae,Inula salicina L.,Alant,Kurvblomstfamilien,Pile-,free
787,floradanica_0787.tif,Campanula Cervicaria L.,1780,O. F. Müller,Karplanter,Digitale Samlinger: Billeder:Særudgivelser:Flora Danica:Hæfte:Hft. 14,Campanulaceae,Campanula cervicaria L.,Klokke,Klokkefamilien,Hvas,free
788,floradanica_0788.tif,Rubus idaeus L.,1780,O. F. Müller,Karplanter,Digitale Samlinger: Billeder:Særudgivelser:Flora Danica:Hæfte:Hft. 14,Rosaceae,Rubus idaeus L.,Hindbær,Rosenfamilien,,free
789,floradanica_0789.tif,Glecoma hederacea L.,1780,O. F. Müller,Karplanter,Digitale Samlinger: Billeder:Særudgivelser:Flora Danica:Hæfte:Hft. 14,Lamiaceae,Glechoma hederacea L.,Korsknap,Læbeblomstfamilien,,free
790,floradanica_0790.tif,Apium graveolens L.,1780,O. F. Müller,Karplanter,Digitale Samlinger: Billeder:Særudgivelser:Flora Danica:Hæfte:Hft. 14,Apiaceae,Apium graveolens L.,Selleri,Skærmblomstfamilien,Vild,free
791,floradanica_0791.tif,Senecio denticulatus Müll.,1780,O. F. Müller,Karplanter,Digitale Samlinger: Billeder:Særudgivelser:Flora Danica:Hæfte:Hft. 14,Asteraceae,Senecio vulgaris L. ssp. denticulatus (O. F. Müller) P. D. Sell,Brandbæger,Kurvblomstfamilien,Klit-,free
792,floradanica_0792.tif,Lychnis dioica L. alba,1780,O. F. Müller,Karplanter,Digitale Samlinger: Billeder:Særudgivelser:Flora Danica:Hæfte:Hft. 14,Caryophyllaceae,Silene latifolia Poiret ssp. alba (Miller) Greuter & Burdet,Pragtstjerne,Nellikefamilien,Aften-,free
793,floradanica_0793.tif,Thlaspi arvense L.,1780,O. F. Müller,Karplanter,Digitale Samlinger: Billeder:Særudgivelser:Flora Danica:Hæfte:Hft. 14,Brassicaceae,Thlaspi arvense L.,Pengeurt,Korsblomstfamilien,Almindelig,free
794,floradanica_0794.tif,Mentha sativa Müll.,1780,O. F. Müller,Karplanter,Digitale Samlinger: Billeder:Særudgivelser:Flora Danica:Hæfte:Hft. 14,Lamiaceae,Mentha aquatica x arvensis,Mynte,Læbeblomstfamilien,Krans-,free
795,floradanica_0795.tif,Ranunculus repens L.,1780,O. F. Müller,Karplanter,Digitale Samlinger: Billeder:Særudgivelser:Flora Danica:Hæfte:Hft. 14,Ranunculaceae,Ranunculus repens L.,Ranunkel,Ranunkelfamilien,Lav,free
796,floradanica_0796.tif,Trifolium procumbens L.,1780,O. F. Müller,Karplanter,Digitale Samlinger: Billeder:Særudgivelser:Flora Danica:Hæfte:Hft. 14,Fabaceae,Trifolium campestre Schreber,Kløver,Ærteblomstfamilien,Gul,free
797,floradanica_0797.tif,Tragopogon porrifolius L.,1780,O. F. Müller,Karplanter,Digitale Samlinger: Billeder:Særudgivelser:Flora Danica:Hæfte:Hft. 14,Asteraceae,Tragopogon porrifolius L.,Havrerod,Kurvblomstfamilien,,free
798,floradanica_0798.tif,Crataegus torminalis L.,1780,O. F. Müller,Karplanter,Digitale Samlinger: Billeder:Særudgivelser:Flora Danica:Hæfte:Hft. 14,Rosaceae,Sorbus torminalis (L.) Crantz,Røn,Rosenfamilien,Tarmvrid-,free
799,floradanica_0799.tif,Potentilla retusa Müll. 49),1780,O. F. Müller,Karplanter,Digitale Samlinger: Billeder:Særudgivelser:Flora Danica:Hæfte:Hft. 14,Rosaceae,Potentilla sp.,Potentil,Rosenfamilien,,free
800,floradanica_0800.tif,Lotus maritimus L.,1780,O. F. Müller,Karplanter,Digitale Samlinger: Billeder:Særudgivelser:Flora Danica:Hæfte:Hft. 14,Fabaceae,Tetragonolobus maritimus (L.) Roth,Kantbælg,Ærteblomstfamilien,,free
801,floradanica_0801.tif,Artemisia rupestris Müll.,1780,O. F. Müller,Karplanter,Digitale Samlinger: Billeder:Særudgivelser:Flora Danica:Hæfte:Hft. 14,Asteraceae,Artemisia norvegica Fries,Bynke,Kurvblomstfamilien,Dovre-,free
802,floradanica_0802.tif,Hypericum hirsutum L.,1780,O. F. Müller,Karplanter,Digitale Samlinger: Billeder:Særudgivelser:Flora Danica:Hæfte:Hft. 14,Clusiaceae,Hypericum hirsutum L.,Perikon,Perikonfamilien,Lådden,free
803,floradanica_0803.tif,Polygonum aviculare L. (brevifolium),1780,O. F. Müller,Karplanter,Digitale Samlinger: Billeder:Særudgivelser:Flora Danica:Hæfte:Hft. 14,Polygonaceae,Polygonum aviculare L. ssp. arenastrum (Boreau),Pileurt,Skedeknæfamilien,Liggende,free
804,floradanica_0804.tif,Vicia Cracca L.,1780,O. F. Müller,Karplanter,Digitale Samlinger: Billeder:Særudgivelser:Flora Danica:Hæfte:Hft. 14,Fabaceae,Vicia cracca L.,Vikke,Ærteblomstfamilien,Muse-,free
805,floradanica_0805.tif,Asparagus officinalis L.,1780,O. F. Müller,Karplanter,Digitale Samlinger: Billeder:Særudgivelser:Flora Danica:Hæfte:Hft. 14,Liliaceae,Asparagus officinalis L.,Asparges,Liljefamilien,,free
806,floradanica_0806.tif,Lychnis apetala L.,1780,O. F. Müller,Karplanter,Digitale Samlinger: Billeder:Særudgivelser:Flora Danica:Hæfte:Hft. 14,Caryophyllaceae,Silene uralensis (Rupr.) Bocquet ssp. apetala (L.) Bocquet,Pragtstjerne,Nellikefamilien,Lygte-,free
807,floradanica_0807.tif,Poa alpina L. var. vivipara.,1780,O. F. Müller,Karplanter,Digitale Samlinger: Billeder:Særudgivelser:Flora Danica:Hæfte:Hft. 14,Poaceae,Poa alpina L. var. vivipara,Rapgræs,Græsfamilien,Topspirende Fjeld-,free
808,floradanica_0808.tif,Lonicera Xylosteum L.,1780,O. F. Müller,Karplanter,Digitale Samlinger: Billeder:Særudgivelser:Flora Danica:Hæfte:Hft. 14,Caprifoliaceae,Lonicera xylosteum L.,Gedeblad,Gedebladfamilien,Dunet,free
809,floradanica_0809.tif,Turritis glabra L.,1780,O. F. Müller,Karplanter,Digitale Samlinger: Billeder:Særudgivelser:Flora Danica:Hæfte:Hft. 14,Brassicaceae,Arabis glabra (L.) Bernh.,Tårnurt,Korsblomstfamilien,,free
810,floradanica_0810.tif,Hieracium cymosum Müll.,1780,O. F. Müller,Karplanter,Digitale Samlinger: Billeder:Særudgivelser:Flora Danica:Hæfte:Hft. 14,Asteraceae,Hieracium sp.,Høgeurt,Kurvblomstfamilien,,free
811,floradanica_0811.tif,Serapias latifolia Müll.,1780,O. F. Müller,Karplanter,Digitale Samlinger: Billeder:Særudgivelser:Flora Danica:Hæfte:Hft. 14,Orchidaceae,Epipactis phyllanthes G. E. Smith ssp. confusa (D. P. Young) B. Løjtnant,Hullæbe,Gøgeurtfamilien,Glat,free
812,floradanica_0812.tif,Satyrium repens L.,1780,O. F. Müller,Karplanter,Digitale Samlinger: Billeder:Særudgivelser:Flora Danica:Hæfte:Hft. 14,Orchidaceae,Goodyera repens (L.) R.Br. in Aiton,Knærod,Gøgeurtfamilien,,free
813,floradanica_0813.tif,Bryonia alba L.,1780,O. F. Müller,Karplanter,Digitale Samlinger: Billeder:Særudgivelser:Flora Danica:Hæfte:Hft. 14,Cucurbitaceae,Bryonia alba L.,Galdebær,Græskarfamilien,Enbo,free
814,floradanica_0814.tif,Thymus Acinos L.,1780,O. F. Müller,Karplanter,Digitale Samlinger: Billeder:Særudgivelser:Flora Danica:Hæfte:Hft. 14,Lamiaceae,Satureja acinos (L.) Scheele,Voldtimian,Læbeblomstfamilien,,free
815,floradanica_0815.tif,Typha angustifolia L.,1780,O. F. Müller,Karplanter,Digitale Samlinger: Billeder:Særudgivelser:Flora Danica:Hæfte:Hft. 14,Typhaceae,Typha angustifolia L.,Dunhammer,Dunhammerfamilien,Smalbladet,free
816,floradanica_0816.tif,Scorzonera humilis L.,1780,O. F. Müller,Karplanter,Digitale Samlinger: Billeder:Særudgivelser:Flora Danica:Hæfte:Hft. 14,Asteraceae,Scorzonera humilis L.,Skorsoner,Kurvblomstfamilien,Lav,free
817,floradanica_0817.tif,Juncus bulbosus var. etc. Müll.,1780,O. F. Müller,Karplanter,Digitale Samlinger: Billeder:Særudgivelser:Flora Danica:Hæfte:Hft. 14,Juncaceae,Juncus bulbosus L.,Siv,Sivfamilien,Liden,free
818,floradanica_0818.tif,Salsola Kali L.,1780,O. F. Müller,Karplanter,Digitale Samlinger: Billeder:Særudgivelser:Flora Danica:Hæfte:Hft. 14,Chenopodiaceae,Salsola kali L. ssp. kali,Sodaurt,Salturtfamilien,Almindelig,free
819,floradanica_0819.tif,Conferva nitida Müll.,1780,O. F. Müller,Alger,Digitale Samlinger: Billeder:Særudgivelser:Flora Danica:Hæfte:Hft. 14,,Spirogyra maxima (Hassall) Wittr.,,,,free
820,floradanica_0820.tif,Conferva distorta Müll.,1780,O. F. Müller,Alger,Digitale Samlinger: Billeder:Særudgivelser:Flora Danica:Hæfte:Hft. 14,,Tolypothrix distorta (Müll.) Kütz.,,,,free
821,floradanica_0821.tif,Fucus Filum L.,1780,O. F. Müller,Alger,Digitale Samlinger: Billeder:Særudgivelser:Flora Danica:Hæfte:Hft. 14,,Chorda Filum (L.) Stackh.,,,,free
822,floradanica_0822.tif,Splachnum ampullaceum L.,1780,O. F. Müller,Mosser,Digitale Samlinger: Billeder:Særudgivelser:Flora Danica:Hæfte:Hft. 14,,,,,,free
823,floradanica_0823.tif,Bryum pendulum Müll. / Hypnum dendroides L.,1780,O. F. Müller,Mosser,Digitale Samlinger: Billeder:Særudgivelser:Flora Danica:Hæfte:Hft. 14,,Bartramia Halleriana Hedw.,,,,free
824,floradanica_0824.tif,Bryum scoparium L. / Hypnum rutabulum Müll. / Bryum glaucum Dill.?,1780,O. F. Müller,Mosser,Digitale Samlinger: Billeder:Særudgivelser:Flora Danica:Hæfte:Hft. 14,,Dicranum scoparium (L.) Hedw. (Fig. mala).,,,,free
825,floradanica_0825.tif,Lichen rosaceus Müll. / Lichen rufescens Müll.,1780,O. F. Müller,Laver,Digitale Samlinger: Billeder:Særudgivelser:Flora Danica:Hæfte:Hft. 14,,Valsa nivea (Hffm.) Fr.,,,,free
826,floradanica_0826.tif,Fucus crispatus Müll.,1780,O. F. Müller,Alger,Digitale Samlinger: Billeder:Særudgivelser:Flora Danica:Hæfte:Hft. 14,,Phyllophora Brodiaei (Turn.) J. Ag.,,,,free
827,floradanica_0827.tif,Fucus rubens Müll.,1780,O. F. Müller,Alger,Digitale Samlinger: Billeder:Særudgivelser:Flora Danica:Hæfte:Hft. 14,,Phyll. membranifolia (Good. et Woodw.) J.Ag.,,,,free
828,floradanica_0828.tif,Conferva floccosa Müll. / Conferva hypnoides Müll.,1780,O. F. Müller,Alger,Digitale Samlinger: Billeder:Særudgivelser:Flora Danica:Hæfte:Hft. 14,,Callithamnium floccosum (Müll.) Ag.,,,,free
829,floradanica_0829.tif,Ulva plicata Müll.,1780,O. F. Müller,Alger,Digitale Samlinger: Billeder:Særudgivelser:Flora Danica:Hæfte:Hft. 14,,Monostroma v. Ulva sp.,,,,free
830,floradanica_0830.tif,Agaricus praealtus Müll. / Agaricus praecox Müll.,1780,O. F. Müller,Svampe,Digitale Samlinger: Billeder:Særudgivelser:Flora Danica:Hæfte:Hft. 14,,Hygrophorus virgineus (Wulf) Fr. var.,,,,free
831,floradanica_0831.tif,Agaricus scaber Müll. / Agaricus crassipes Müll.,1780,O. F. Müller,Svampe,Digitale Samlinger: Billeder:Særudgivelser:Flora Danica:Hæfte:Hft. 14,,Agaricus (Pholiota) Mülleri Fr.,,,,free
832,floradanica_0832.tif,Agaricus gramineus Müll. / Agaricus crenulatus Müll. / Agaricus scaber Müll.,1780,O. F. Müller,Svampe,Digitale Samlinger: Billeder:Særudgivelser:Flora Danica:Hæfte:Hft. 14,,Panus stypticus (Bull.) Fr.,,,,free
833,floradanica_0833.tif,Agaricus conicus Müll. / Polyporus carne secedente etc. Müll.,1780,O. F. Müller,Svampe,Digitale Samlinger: Billeder:Særudgivelser:Flora Danica:Hæfte:Hft. 14,,Hygrophorus puniceus Fr.,,,,free
834,floradanica_0834.tif,Agaricus comatus Müll.,1780,O. F. Müller,Svampe,Digitale Samlinger: Billeder:Særudgivelser:Flora Danica:Hæfte:Hft. 14,,Coprinus comatus (Batt.) Fr.,,,,free
835,floradanica_0835.tif,Phallus triceps Müll.,1780,O. F. Müller,Svampe,Digitale Samlinger: Billeder:Særudgivelser:Flora Danica:Hæfte:Hft. 14,,Helvella Infula Schäff.,,,,free
836,floradanica_0836.tif,Clavaria inaequalis Müll. / Clavaria muscoides var. Müll.,1780,O. F. Müller,Svampe,Digitale Samlinger: Billeder:Særudgivelser:Flora Danica:Hæfte:Hft. 14,,Clavaria fastigiata L.,,,,free
837,floradanica_0837.tif,Clavaria minor etc. Müll. / Clavaria purpurea Müll. / Clavaria ascendens Müll.,1780,O. F. Müller,Svampe,Digitale Samlinger: Billeder:Særudgivelser:Flora Danica:Hæfte:Hft. 14,,Clavaria Ligula Fr.,,,,free
838,floradanica_0838.tif,Lycoperdon corniferum Müll.,1780,O. F. Müller,Svampe,Digitale Samlinger: Billeder:Særudgivelser:Flora Danica:Hæfte:Hft. 14,,Roestelia cornifera (Müll.) Rebent.,,,,free
839,floradanica_0839.tif,Lycoperdon penicillatum Müll.,1780,O. F. Müller,Svampe,Digitale Samlinger: Billeder:Særudgivelser:Flora Danica:Hæfte:Hft. 14,,Roestelia penicillata (Müll.) Rebent.,,,,free
840,floradanica_0840.tif,Agaricum Lichenis facie Müll. / Lichen agaricus caespit. etc. Müll. / Mucor glaucus L. / Byssum lactea L.,1780,O. F. Müller,Svampe,Digitale Samlinger: Billeder:Særudgivelser:Flora Danica:Hæfte:Hft. 14,,Corticium evolvens Fr.,,,,free
841,floradanica_0841.tif,Bidens cernua L.,1782,O. F. Müller,Karplanter,Digitale Samlinger: Billeder:Særudgivelser:Flora Danica:Hæfte:Hft. 15,Asteraceae,Bidens cernua L.,Brøndsel,Kurvblomstfamilien,Nikkende,free
842,floradanica_0842.tif,Tussilago Petasites L.,1782,O. F. Müller,Karplanter,Digitale Samlinger: Billeder:Særudgivelser:Flora Danica:Hæfte:Hft. 15,Asteraceae,"Petasites hybridus (L.) P. Gaertner, B. Meyer & Scherb.",Hestehov,Kurvblomstfamilien,Rød,free
843,floradanica_0843.tif,Sonchus asper Vill.,1782,O. F. Müller,Karplanter,Digitale Samlinger: Billeder:Særudgivelser:Flora Danica:Hæfte:Hft. 15,Asteraceae,Sonchus asper (L.) Hill,Svinemælk,Kurvblomstfamilien,Ru,free
844,floradanica_0844.tif,Scandix Pecten L.,1782,O. F. Müller,Karplanter,Digitale Samlinger: Billeder:Særudgivelser:Flora Danica:Hæfte:Hft. 15,Apiaceae,Scandix pecten-veneris L.,Jomfrukam,Skærmblomstfamilien,,free
845,floradanica_0845.tif,Sagina erecta Müll.,1782,O. F. Müller,Karplanter,Digitale Samlinger: Billeder:Særudgivelser:Flora Danica:Hæfte:Hft. 15,Caryophyllaceae,Sagina maritima G. Don,Firling,Nellikefamilien,Strand-,free
846,floradanica_0846.tif,Oenanthe fistulosa L.,1782,O. F. Müller,Karplanter,Digitale Samlinger: Billeder:Særudgivelser:Flora Danica:Hæfte:Hft. 15,Apiaceae,Oenanthe fistulosa L.,Klaseskærm,Skærmblomstfamilien,Vand-,free
847,floradanica_0847.tif,Elymus arenarius L.,1782,O. F. Müller,Karplanter,Digitale Samlinger: Billeder:Særudgivelser:Flora Danica:Hæfte:Hft. 15,Poaceae,Leymus arenarius (L.) Hochst.,Marehalm,Græsfamilien,Almindelig,free
848,floradanica_0848.tif,Festuca duriuscula Müll.,1782,O. F. Müller,Karplanter,Digitale Samlinger: Billeder:Særudgivelser:Flora Danica:Hæfte:Hft. 15,Poaceae,Festuca rubra L. ssp. rubra,Svingel,Græsfamilien,Rød,free
849,floradanica_0849.tif,Asclepias Vincetoxicum L.,1782,O. F. Müller,Karplanter,Digitale Samlinger: Billeder:Særudgivelser:Flora Danica:Hæfte:Hft. 15,Asclepiadaceae,Vincetoxicum hirundinaria Medicus,Svalerod,Svalerodfamilien,,free
850,floradanica_0850.tif,Rhamnus catharticus L.,1782,O. F. Müller,Karplanter,Digitale Samlinger: Billeder:Særudgivelser:Flora Danica:Hæfte:Hft. 15,Rhamnaceae,Rhamnus cathartica L.,Vrietorn,Vrietornfamilien,,free
851,floradanica_0851.tif,Linum cartharticum L.,1782,O. F. Müller,Karplanter,Digitale Samlinger: Billeder:Særudgivelser:Flora Danica:Hæfte:Hft. 15,Linaceae,Linum catharticum L.,Hør,Hørfamilien,Vild,free
852,floradanica_0852.tif,Panicum Crus galli Müll.,1782,O. F. Müller,Karplanter,Digitale Samlinger: Billeder:Særudgivelser:Flora Danica:Hæfte:Hft. 15,Poaceae,Setaria viridis (L.) Beauv.,Skærmaks,Græsfamilien,Grøn,free
853,floradanica_0853.tif,Agrostis Spica venti L.,1782,O. F. Müller,Karplanter,Digitale Samlinger: Billeder:Særudgivelser:Flora Danica:Hæfte:Hft. 15,Poaceae,Apera spica-venti (L.) Beauv.,Vindaks,Græsfamilien,Almindelig,free
854,floradanica_0854.tif,Convallaria majalis L.,1782,O. F. Müller,Karplanter,Digitale Samlinger: Billeder:Særudgivelser:Flora Danica:Hæfte:Hft. 15,Liliaceae,Convallaria majalis L.,Liljekonval,Liljefamilien,,free
855,floradanica_0855.tif,Campanula Rapunculus Müll.,1782,O. F. Müller,Karplanter,Digitale Samlinger: Billeder:Særudgivelser:Flora Danica:Hæfte:Hft. 15,Campanulaceae,Campanula rotundifolia L. ssp. rotundifolia,Klokke,Klokkefamilien,Liden,free
856,floradanica_0856.tif,Phaca alpina Müll.,1782,O. F. Müller,Karplanter,Digitale Samlinger: Billeder:Særudgivelser:Flora Danica:Hæfte:Hft. 15,Fabaceae,Astragalus frigidus (L.) A.Gray,Astragel,Ærteblomstfamilien,Gul,free
857,floradanica_0857.tif,Cucubalus Behen L. (repens),1782,O. F. Müller,Karplanter,Digitale Samlinger: Billeder:Særudgivelser:Flora Danica:Hæfte:Hft. 15,Caryophyllaceae,Silene uniflora Roth ssp. uniflora,Limurt,Nellikefamilien,Strand-,free
858,floradanica_0858.tif,Spergula laricina Müll.,1782,O. F. Müller,Karplanter,Digitale Samlinger: Billeder:Særudgivelser:Flora Danica:Hæfte:Hft. 15,Caryophyllaceae,Sagina subulata (Swartz) C. Presl,Firling,Nellikefamilien,Syl-,free
859,floradanica_0859.tif,Gnaphalium uliginosum L.,1782,O. F. Müller,Karplanter,Digitale Samlinger: Billeder:Særudgivelser:Flora Danica:Hæfte:Hft. 15,Asteraceae,Gnaphalium uliginosum L.,Evighedsblomst,Kurvblomstfamilien,Sump-,free
860,floradanica_0860.tif,Cnicus oleraceus L.,1782,O. F. Müller,Karplanter,Digitale Samlinger: Billeder:Særudgivelser:Flora Danica:Hæfte:Hft. 15,Asteraceae,Cirsium oleraceum (L.) Scop.,Tidsel,Kurvblomstfamilien,Kål-,free
861,floradanica_0861.tif,Alopecurus paniceus Müll.,1782,O. F. Müller,Karplanter,Digitale Samlinger: Billeder:Særudgivelser:Flora Danica:Hæfte:Hft. 15,Poaceae,Alopecurus geniculatus L.,Rævehale,Græsfamilien,Knæbøjet,free
862,floradanica_0862.tif,Leontodon hispidum L.,1782,O. F. Müller,Karplanter,Digitale Samlinger: Billeder:Særudgivelser:Flora Danica:Hæfte:Hft. 15,Asteraceae,Leontodon hispidus L.,Borst,Kurvblomstfamilien,Stivhåret,free
863,floradanica_0863.tif,Caucalis scandicina Web.,1782,O. F. Müller,Karplanter,Digitale Samlinger: Billeder:Særudgivelser:Flora Danica:Hæfte:Hft. 15,Apiaceae,Anthriscus caucalis Bieb.,Kørvel,Skærmblomstfamilien,Gærde-,free
864,floradanica_0864.tif,Reseda luteola L.,1782,O. F. Müller,Karplanter,Digitale Samlinger: Billeder:Særudgivelser:Flora Danica:Hæfte:Hft. 15,Resedaceae,Reseda luteola L.,Reseda,Resedafamilien,Farve-,free
865,floradanica_0865.tif,Potentilla argentea L.,1782,O. F. Müller,Karplanter,Digitale Samlinger: Billeder:Særudgivelser:Flora Danica:Hæfte:Hft. 15,Rosaceae,Potentilla argentea L.,Potentil,Rosenfamilien,Sølv-,free
866,floradanica_0866.tif,Euphorbia palustris L.,1782,O. F. Müller,Karplanter,Digitale Samlinger: Billeder:Særudgivelser:Flora Danica:Hæfte:Hft. 15,Euphorbiaceae,Euphorbia palustris L.,Vortemælk,Vortemælkfamilien,Strand-,free
867,floradanica_0867.tif,Papaver Argemone L.,1782,O. F. Müller,Karplanter,Digitale Samlinger: Billeder:Særudgivelser:Flora Danica:Hæfte:Hft. 15,Papaveraceae,Papaver argemone L.,Valmue,Valmuefamilien,Kølle-,free
868,floradanica_0868.tif,Rosa fluvialis Müll.,1782,O. F. Müller,Karplanter,Digitale Samlinger: Billeder:Særudgivelser:Flora Danica:Hæfte:Hft. 15,Rosaceae,Rosa sp.,Rose,Rosenfamilien,,free
869,floradanica_0869.tif,Senecio silvaticus L.,1782,O. F. Müller,Karplanter,Digitale Samlinger: Billeder:Særudgivelser:Flora Danica:Hæfte:Hft. 15,Asteraceae,Senecio sylvaticus L.,Brandbæger,Kurvblomstfamilien,Skov-,free
870,floradanica_0870.tif,Rosa suavifolia Lightf.,1782,O. F. Müller,Karplanter,Digitale Samlinger: Billeder:Særudgivelser:Flora Danica:Hæfte:Hft. 15,Rosaceae,Rosa rubiginosa L.,Rose,Rosenfamilien,Almindelig Æble-,free
871,floradanica_0871.tif,Tanacetum vulgare L.,1782,O. F. Müller,Karplanter,Digitale Samlinger: Billeder:Særudgivelser:Flora Danica:Hæfte:Hft. 15,Asteraceae,Tanacetum vulgare L.,Rejnfan,Kurvblomstfamilien,,free
872,floradanica_0872.tif,Hieracium sabaudum Müll.,1782,O. F. Müller,Karplanter,Digitale Samlinger: Billeder:Særudgivelser:Flora Danica:Hæfte:Hft. 15,Asteraceae,Hieracium umbellatum L.,Høgeurt,Kurvblomstfamilien,Smalbladet,free
873,floradanica_0873.tif,Oxalis corniculata Müll.,1782,O. F. Müller,Karplanter,Digitale Samlinger: Billeder:Særudgivelser:Flora Danica:Hæfte:Hft. 15,Oxalidaceae,Oxalis dillenii Jacq.,Surkløver,Surkløverfamilien,Stiv,free
874,floradanica_0874.tif,Erigeron Droebachiense Müll.,1782,O. F. Müller,Karplanter,Digitale Samlinger: Billeder:Særudgivelser:Flora Danica:Hæfte:Hft. 15,Asteraceae,Erigeron acer L. ssp. droebachiensis (O. F. Mueller) Arcangeli,Bakkestjerne,Kurvblomstfamilien,Glat,free
875,floradanica_0875.tif,Eryngium maritimum L.,1782,O. F. Müller,Karplanter,Digitale Samlinger: Billeder:Særudgivelser:Flora Danica:Hæfte:Hft. 15,Apiaceae,Eryngium maritimum L.,Mandstro,Skærmblomstfamilien,Strand-,free
876,floradanica_0876.tif,Orchis cruenta Müll.,1782,O. F. Müller,Karplanter,Digitale Samlinger: Billeder:Særudgivelser:Flora Danica:Hæfte:Hft. 15,Orchidaceae,Dactylorhiza incarnata (L.) Soó ssp. cruenta (O. F. Müller) P. D. Sell,Gøgeurt,Gøgeurtfamilien,Blodplettet,free
877,floradanica_0877.tif,Ophrys paludosa Müll.,1782,O. F. Müller,Karplanter,Digitale Samlinger: Billeder:Særudgivelser:Flora Danica:Hæfte:Hft. 15,Orchidaceae,Liparis loeselii (L.) L. C. M. Richard,Mygblomst,Gøgeurtfamilien,,free
878,floradanica_0878.tif,Hydrocharis Morsus ranae L.,1782,O. F. Müller,Karplanter,Digitale Samlinger: Billeder:Særudgivelser:Flora Danica:Hæfte:Hft. 15,Hydrocharitaceae,Hydrocharis morsus-ranae L.,Frøbid,Frøbidfamilien,,free
879,floradanica_0879.tif,Lichen terminalis Müll. / Lichen confinis Müll.,1782,O. F. Müller,Laver,Digitale Samlinger: Billeder:Særudgivelser:Flora Danica:Hæfte:Hft. 15,,Verrucaria maura Ach.,,,,free
880,floradanica_0880.tif,Bryum argenteum L. / Bryum tortuosum L.,1782,O. F. Müller,Mosser,Digitale Samlinger: Billeder:Særudgivelser:Flora Danica:Hæfte:Hft. 15,,Barbula tortuosa (L.) Web. et Mohr.}Numeri figurarum commutati.,,,,free
881,floradanica_0881.tif,Conferva rivularis Müll.,1782,O. F. Müller,Alger,Digitale Samlinger: Billeder:Særudgivelser:Flora Danica:Hæfte:Hft. 15,,Vaucheria sp. (part.).,,,,free
882,floradanica_0882.tif,Conferva flexuosa Müll.,1782,O. F. Müller,Alger,Digitale Samlinger: Billeder:Særudgivelser:Flora Danica:Hæfte:Hft. 15,,Cladophora flexuosa (Müll.) Harv.?,,,,free
883,floradanica_0883.tif,Conferva jugalis Müll.,1782,O. F. Müller,Alger,Digitale Samlinger: Billeder:Særudgivelser:Flora Danica:Hæfte:Hft. 15,,Spirogyra maxima (Hass.) Wittr.,,,,free
884,floradanica_0884.tif,Tremella atra Müll.,1782,O. F. Müller,Svampe,Digitale Samlinger: Billeder:Særudgivelser:Flora Danica:Hæfte:Hft. 15,,Exidia glandulosa Fr.,,,,free
885,floradanica_0885.tif,Tremella Nostoc L. / Tremella intestinalis Müll. / Tremella Sagarum Müll.,1782,O. F. Müller,Svampe,Digitale Samlinger: Billeder:Særudgivelser:Flora Danica:Hæfte:Hft. 15,,Nostoc commune Vauch.?,,,,free
886,floradanica_0886.tif,Fucus viridis Müll.,1782,O. F. Müller,Alger,Digitale Samlinger: Billeder:Særudgivelser:Flora Danica:Hæfte:Hft. 15,,Dichloria viridis Grev.,,,,free
887,floradanica_0887.tif,Fucus scorpioides Oed.,1782,O. F. Müller,Alger,Digitale Samlinger: Billeder:Særudgivelser:Flora Danica:Hæfte:Hft. 15,,Gracilaria confervoides Grev.,,,,free
888,floradanica_0888.tif,Jungermannia fol. imbric. etc. Müll. / Jungermannia bicornis Müll.,1782,O. F. Müller,Mosser,Digitale Samlinger: Billeder:Særudgivelser:Flora Danica:Hæfte:Hft. 15,,Lophocolea minor N. E. (?) sterilis.,,,,free
889,floradanica_0889.tif,Ulva Linza Müll.,1782,O. F. Müller,Alger,Digitale Samlinger: Billeder:Særudgivelser:Flora Danica:Hæfte:Hft. 15,,Enteromorpha Linza (L.) J. Ag.,,,,free
890,floradanica_0890.tif,Agaricus auratus Müll.,1782,O. F. Müller,Svampe,Digitale Samlinger: Billeder:Særudgivelser:Flora Danica:Hæfte:Hft. 15,,Agaricus (Hypholoma) sublateritius Schäff.,,,,free
891,floradanica_0891.tif,Agaricus fimbriatus Müll.,1782,O. F. Müller,Svampe,Digitale Samlinger: Billeder:Særudgivelser:Flora Danica:Hæfte:Hft. 15,,Agaricus (Pleurotus) spodoleucus Fr.,,,,free
892,floradanica_0892.tif,Agaricus nigricans Müll.,1782,O. F. Müller,Svampe,Digitale Samlinger: Billeder:Særudgivelser:Flora Danica:Hæfte:Hft. 15,,Agaricus (Pleurotus) ostreatus Jacq.,,,,free
893,floradanica_0893.tif,Boletus Favus L. ?,1782,O. F. Müller,Svampe,Digitale Samlinger: Billeder:Særudgivelser:Flora Danica:Hæfte:Hft. 15,,Polyporus squamosus (Huds.) Fr. var.,,,,free
894,floradanica_0894.tif,Boletus resupinus Müll.,1782,O. F. Müller,Svampe,Digitale Samlinger: Billeder:Særudgivelser:Flora Danica:Hæfte:Hft. 15,,Polyporus lucidus Fr. var.,,,,free
895,floradanica_0895.tif,Lycoperdon Carpobolus L.,1782,O. F. Müller,Svampe,Digitale Samlinger: Billeder:Særudgivelser:Flora Danica:Hæfte:Hft. 15,,Sphaerobolus stellatus Tod.,,,,free
896,floradanica_0896.tif,Byssus aquatica Müll.,1782,O. F. Müller,Svampe,Digitale Samlinger: Billeder:Særudgivelser:Flora Danica:Hæfte:Hft. 15,,Saprolegnia sp.,,,,free
897,floradanica_0897.tif,Byssus scoparia Müll. / Byssus conoidea Müll.,1782,O. F. Müller,Svampe,Digitale Samlinger: Billeder:Særudgivelser:Flora Danica:Hæfte:Hft. 15,,Penicillium glaucum Link.,,,,free
898,floradanica_0898.tif,Riccia glauca Müll. / Riccia arachnoidea Müll. / Riccia fruticulosa Müll.,1782,O. F. Müller,Mosser,Digitale Samlinger: Billeder:Særudgivelser:Flora Danica:Hæfte:Hft. 15,,Riccia bifurca Hoffm. (ster.)?,,,,free
899,floradanica_0899.tif,Byssus Jolithus L. / Byssus candelaris Müll. / Byssus botryoides Müll.,1782,O. F. Müller,Ukendt,Digitale Samlinger: Billeder:Særudgivelser:Flora Danica:Hæfte:Hft. 15,,Trentepohlia Jolithus (L.) Wittr.(?),,,,free
900,floradanica_0900.tif,Sphaeria digitata Müll.,1782,O. F. Müller,Svampe,Digitale Samlinger: Billeder:Særudgivelser:Flora Danica:Hæfte:Hft. 15,,Xylaria polymorpha (Pers.) Schrank.,,,,free
901,floradanica_0901.tif,Leontodon hirtum Müll.,1787,M. Vahl,Karplanter,Digitale Samlinger: Billeder:Særudgivelser:Flora Danica:Hæfte:Hft. 16,Asteraceae,Hypochoeris maculata L.,Kongepen,Kurvblomstfamilien,Plettet,free
902,floradanica_0902.tif,Papaver dubium L.,1787,M. Vahl,Karplanter,Digitale Samlinger: Billeder:Særudgivelser:Flora Danica:Hæfte:Hft. 16,Papaveraceae,Papaver dubium L. ssp. dubium,Valmue,Valmuefamilien,Almindelig Gærde-,free
903,floradanica_0903.tif,Veronica Anagallis L.,1787,M. Vahl,Karplanter,Digitale Samlinger: Billeder:Særudgivelser:Flora Danica:Hæfte:Hft. 16,Scrophulariaceae,Veronica anagallis-aquatica L.,Ærenpris,Maskeblomstfamilien,Lancetbladet,free
904,floradanica_0904.tif,Berberis vulgaris L.,1787,M. Vahl,Karplanter,Digitale Samlinger: Billeder:Særudgivelser:Flora Danica:Hæfte:Hft. 16,Berberidaceae,Berberis vulgaris L.,Berberis,Berberisfamilien,Almindelig,free
905,floradanica_0905.tif,Malva moschata L.,1787,M. Vahl,Karplanter,Digitale Samlinger: Billeder:Særudgivelser:Flora Danica:Hæfte:Hft. 16,Malvaceae,Malva moschata L.,Katost,Katostfamilien,Moskus-,free
906,floradanica_0906.tif,Tragopogon partense L.,1787,M. Vahl,Karplanter,Digitale Samlinger: Billeder:Særudgivelser:Flora Danica:Hæfte:Hft. 16,Asteraceae,Tragopogon pratensis L. ssp. pratensis,Gedeskæg,Kurvblomstfamilien,Eng-,free
907,floradanica_0907.tif,Cichorium Intybus L.,1787,M. Vahl,Karplanter,Digitale Samlinger: Billeder:Særudgivelser:Flora Danica:Hæfte:Hft. 16,Asteraceae,Cichorium intybus L.,Cikorie,Kurvblomstfamilien,,free
908,floradanica_0908.tif,Lonicera Periclymenum L.,1787,M. Vahl,Karplanter,Digitale Samlinger: Billeder:Særudgivelser:Flora Danica:Hæfte:Hft. 16,Caprifoliaceae,Lonicera periclymenum L.,Gedeblad,Gedebladfamilien,Almindelig,free
909,floradanica_0909.tif,Onopordon Acanthium L.,1787,M. Vahl,Karplanter,Digitale Samlinger: Billeder:Særudgivelser:Flora Danica:Hæfte:Hft. 16,Asteraceae,Onopordum acanthium L.,Æselfoder,Kurvblomstfamilien,,free
910,floradanica_0910.tif,Brunella (Prunella) vulgaris L.,1787,M. Vahl,Karplanter,Digitale Samlinger: Billeder:Særudgivelser:Flora Danica:Hæfte:Hft. 16,Lamiaceae,Prunella vulgaris L.,Brunelle,Læbeblomstfamilien,Almindelig,free
911,floradanica_0911.tif,Melampyrum arvense L.,1787,M. Vahl,Karplanter,Digitale Samlinger: Billeder:Særudgivelser:Flora Danica:Hæfte:Hft. 16,Scrophulariaceae,Melampyrum arvense L.,Kohvede,Maskeblomstfamilien,Ager-,free
912,floradanica_0912.tif,Ornithogalum nutans L.,1787,M. Vahl,Karplanter,Digitale Samlinger: Billeder:Særudgivelser:Flora Danica:Hæfte:Hft. 16,Liliaceae,Ornithogalum nutans L.,Fuglemælk,Liljefamilien,Nikkende,free
913,floradanica_0913.tif,Antirrhinum spurium L.,1787,M. Vahl,Karplanter,Digitale Samlinger: Billeder:Særudgivelser:Flora Danica:Hæfte:Hft. 16,Scrophulariaceae,Kickxia spuria (L.) Dumort.,Torskemund,Maskeblomstfamilien,Rundbladet,free
914,floradanica_0914.tif,Cucubalus Behen L.,1787,M. Vahl,Karplanter,Digitale Samlinger: Billeder:Særudgivelser:Flora Danica:Hæfte:Hft. 16,Caryophyllaceae,Silene vulgaris (Moench) Garcke var. vulgaris,Blæresmælde,Nellikefamilien,,free
915,floradanica_0915.tif,Phleum arenarium L.,1787,M. Vahl,Karplanter,Digitale Samlinger: Billeder:Særudgivelser:Flora Danica:Hæfte:Hft. 16,Poaceae,Phleum arenarium L.,Rottehale,Græsfamilien,Sand-,free
916,floradanica_0916.tif,Triticum junceum L.,1787,M. Vahl,Karplanter,Digitale Samlinger: Billeder:Særudgivelser:Flora Danica:Hæfte:Hft. 16,Poaceae,Elytrigia junceiforme Á. & D. Löve,Kvik,Græsfamilien,Strand-,free
917,floradanica_0917.tif,Arundo arenaria L.,1787,M. Vahl,Karplanter,Digitale Samlinger: Billeder:Særudgivelser:Flora Danica:Hæfte:Hft. 16,Poaceae,Ammophila arenaria (L.) Link,Hjælme,Græsfamilien,Sand-,free
918,floradanica_0918.tif,Chaerophyllum temulum L.,1787,M. Vahl,Karplanter,Digitale Samlinger: Billeder:Særudgivelser:Flora Danica:Hæfte:Hft. 16,Apiaceae,Chaerophyllum temulum L.,Hulsvøb,Skærmblomstfamilien,Almindelig,free
919,floradanica_0919.tif,Caucalis Anthriscus (L.) Scop.,1787,M. Vahl,Karplanter,Digitale Samlinger: Billeder:Særudgivelser:Flora Danica:Hæfte:Hft. 16,Apiaceae,Torilis japonica (Houtt.) DC.,Randfrø,Skærmblomstfamilien,Hvas,free
920,floradanica_0920.tif,Poa aquatica L.,1787,M. Vahl,Karplanter,Digitale Samlinger: Billeder:Særudgivelser:Flora Danica:Hæfte:Hft. 16,Poaceae,Glyceria maxima (Hartmann) Holmberg,Sødgræs,Græsfamilien,Høj,free
921,floradanica_0921.tif,Hesperis inodora L.,1787,M. Vahl,Karplanter,Digitale Samlinger: Billeder:Særudgivelser:Flora Danica:Hæfte:Hft. 16,Brassicaceae,Hesperis matronalis L.,Aftenstjerne,Korsblomstfamilien,Vellugtende,free
922,floradanica_0922.tif,Epilobium montanum L.,1787,M. Vahl,Karplanter,Digitale Samlinger: Billeder:Særudgivelser:Flora Danica:Hæfte:Hft. 16,Onagraceae,Epilobium montanum L.,Dueurt,Natlysfamilien,Glat,free
923,floradanica_0923.tif,Erysimum cheiranthoides L.,1787,M. Vahl,Karplanter,Digitale Samlinger: Billeder:Særudgivelser:Flora Danica:Hæfte:Hft. 16,Brassicaceae,Erysimum cheiranthoides L. ssp. cheiranthoides,Hjørneklap,Korsblomstfamilien,Gyldenlak-,free
924,floradanica_0924.tif,Hesperis inodora L.,1787,M. Vahl,Karplanter,Digitale Samlinger: Billeder:Særudgivelser:Flora Danica:Hæfte:Hft. 16,Brassicaceae,Hesperis matronalis L.,Aftenstjerne,Korsblomstfamilien,Vellugtende,free
925,floradanica_0925.tif,Ajuga reptans L.,1787,M. Vahl,Karplanter,Digitale Samlinger: Billeder:Særudgivelser:Flora Danica:Hæfte:Hft. 16,Lamiaceae,Ajuga reptans L.,Læbeløs,Læbeblomstfamilien,Krybende,free
926,floradanica_0926.tif,Prunus spinosa L.,1787,M. Vahl,Karplanter,Digitale Samlinger: Billeder:Særudgivelser:Flora Danica:Hæfte:Hft. 16,Rosaceae,Prunus spinosa L.,Slåen,Rosenfamilien,,free
927,floradanica_0927.tif,Potamogeton crispus L.,1787,M. Vahl,Karplanter,Digitale Samlinger: Billeder:Særudgivelser:Flora Danica:Hæfte:Hft. 16,Potamogetonaceae,Potamogeton crispus L.,Vandaks,Vandaksfamilien,Kruset,free
928,floradanica_0928.tif,Hieracium paludosum L.,1787,M. Vahl,Karplanter,Digitale Samlinger: Billeder:Særudgivelser:Flora Danica:Hæfte:Hft. 16,Asteraceae,Crepis paludosa (L.) Moench,Høgeskæg,Kurvblomstfamilien,Kær-,free
929,floradanica_0929.tif,Galeopsis cannabina Poll.,1787,M. Vahl,Karplanter,Digitale Samlinger: Billeder:Særudgivelser:Flora Danica:Hæfte:Hft. 16,Lamiaceae,Galeopsis speciosa Miller,Hanekro,Læbeblomstfamilien,Hamp-,free
930,floradanica_0930.tif,Clinopodium vulgare L.,1787,M. Vahl,Karplanter,Digitale Samlinger: Billeder:Særudgivelser:Flora Danica:Hæfte:Hft. 16,Lamiaceae,Clinopodium vulgare L.,Kransbørste,Læbeblomstfamilien,,free
931,floradanica_0931.tif,Sisymbrium palustre L.,1787,M. Vahl,Karplanter,Digitale Samlinger: Billeder:Særudgivelser:Flora Danica:Hæfte:Hft. 16,Brassicaceae,Rorippa palustris (L.) Besser,Guldkarse,Korsblomstfamilien,Kær-,free
932,floradanica_0932.tif,Sparganium simplex Huds.,1787,M. Vahl,Karplanter,Digitale Samlinger: Billeder:Særudgivelser:Flora Danica:Hæfte:Hft. 16,Sparganiaceae,Sparganium emersum Rehman,Pindsvineknop,Pindsvineknopfamilien,Enkelt,free
933,floradanica_0933.tif,Orchis maculata L.,1787,M. Vahl,Karplanter,Digitale Samlinger: Billeder:Særudgivelser:Flora Danica:Hæfte:Hft. 16,Orchidaceae,Dactylorhiza maculata (L.) Soó ssp. maculata,Gøgeurt,Gøgeurtfamilien,Plettet,free
934,floradanica_0934.tif,Trifolium Melilotus officinalis L.,1787,M. Vahl,Karplanter,Digitale Samlinger: Billeder:Særudgivelser:Flora Danica:Hæfte:Hft. 16,Fabaceae,Melilotus altissima Thuill.,Stenkløver,Ærteblomstfamilien,Høj,free
935,floradanica_0935.tif,Erysimum Alliaria L.,1787,M. Vahl,Karplanter,Digitale Samlinger: Billeder:Særudgivelser:Flora Danica:Hæfte:Hft. 16,Brassicaceae,Alliaria petiolata (Bieb.) Cavara & Grande,Løgkarse,Korsblomstfamilien,,free
936,floradanica_0936.tif,Geranium dissectum L.,1787,M. Vahl,Karplanter,Digitale Samlinger: Billeder:Særudgivelser:Flora Danica:Hæfte:Hft. 16,Geraniaceae,Geranium dissectum L.,Storkenæb,Storkenæbfamilien,Kløftet,free
937,floradanica_0937.tif,Scirpus maritimus L.,1787,M. Vahl,Karplanter,Digitale Samlinger: Billeder:Særudgivelser:Flora Danica:Hæfte:Hft. 16,Cyperaceae,Bolboschoenus maritimus (L.) Palla,Kogleaks,Halvgræsfamilien,Strand-,free
938,floradanica_0938.tif,Rottboellia incurvata Vahl.,1787,M. Vahl,Karplanter,Digitale Samlinger: Billeder:Særudgivelser:Flora Danica:Hæfte:Hft. 16,Poaceae,Parapholis strigosa (Dumort.) C. E. Hubbard,Spidshale,Græsfamilien,,free
939,floradanica_0939.tif,Thalictrum flavum L.,1787,M. Vahl,Karplanter,Digitale Samlinger: Billeder:Særudgivelser:Flora Danica:Hæfte:Hft. 16,Ranunculaceae,Thalictrum flavum L.,Frøstjerne,Ranunkelfamilien,Gul,free
940,floradanica_0940.tif,Fumaria officinalis L.,1787,M. Vahl,Karplanter,Digitale Samlinger: Billeder:Særudgivelser:Flora Danica:Hæfte:Hft. 16,Fumariaceae,Fumaria officinalis L.,Jordrøg,Jordrøgfamilien,Læge-,free
941,floradanica_0941.tif,Antirrhinum Orontium L.,1787,M. Vahl,Karplanter,Digitale Samlinger: Billeder:Særudgivelser:Flora Danica:Hæfte:Hft. 16,Scrophulariaceae,Misopates orontium (L.) Rafin.,Løvemund,Maskeblomstfamilien,Ager-,free
942,floradanica_0942.tif,Hieracium praemorsum L.,1787,M. Vahl,Karplanter,Digitale Samlinger: Billeder:Særudgivelser:Flora Danica:Hæfte:Hft. 16,Asteraceae,Crepis praemorsa (L.) Tausch,Høgeskæg,Kurvblomstfamilien,Afbidt,free
943,floradanica_0943.tif,Salix pentandra L.,1787,M. Vahl,Karplanter,Digitale Samlinger: Billeder:Særudgivelser:Flora Danica:Hæfte:Hft. 16,Salicaceae,Salix pentandra L.,Pil,Pilefamilien,Femhannet,free
944,floradanica_0944.tif,Senecio Jacobaea L.,1787,M. Vahl,Karplanter,Digitale Samlinger: Billeder:Særudgivelser:Flora Danica:Hæfte:Hft. 16,Asteraceae,Senecio jacobaea L. ssp. jacobaea,Brandbæger,Kurvblomstfamilien,Eng-,free
945,floradanica_0945.tif,Conferva pennatula Vahl.,1787,M. Vahl,Alger,Digitale Samlinger: Billeder:Særudgivelser:Flora Danica:Hæfte:Hft. 16,,Cladophora sp. cum Baccillariis.,,,,free
946,floradanica_0946.tif,Conferva fracta Vahl.,1787,M. Vahl,Alger,Digitale Samlinger: Billeder:Særudgivelser:Flora Danica:Hæfte:Hft. 16,,Cladophora fracta Kütz.,,,,free
947,floradanica_0947.tif,Conferva hirta Vahl.,1787,M. Vahl,Alger,Digitale Samlinger: Billeder:Særudgivelser:Flora Danica:Hæfte:Hft. 16,,Cladophora fracta Kütz. cum Algis parasiticis.,,,,free
948,floradanica_0948.tif,Conferva rupestris L.,1787,M. Vahl,Alger,Digitale Samlinger: Billeder:Særudgivelser:Flora Danica:Hæfte:Hft. 16,,Cladophora rupestris (L.) Kütz. (?),,,,free
949,floradanica_0949.tif,Ulva? filiformis etc.,1787,M. Vahl,Alger,Digitale Samlinger: Billeder:Særudgivelser:Flora Danica:Hæfte:Hft. 16,,Vaucheria sp. cum Rotatoriis.,,,,free
950,floradanica_0950.tif,Helvella Pineti acaulis L.,1787,M. Vahl,Svampe,Digitale Samlinger: Billeder:Særudgivelser:Flora Danica:Hæfte:Hft. 16,,Thelephora laciniata Pers. var. resupinata.,,,,free
951,floradanica_0951.tif,Conferva diaphana Lightf. (?),1787,M. Vahl,Alger,Digitale Samlinger: Billeder:Særudgivelser:Flora Danica:Hæfte:Hft. 16,,Ceramium strictum Grev. et Harv.,,,,free
952,floradanica_0952.tif,Boletus frondosus Dicks.,1787,M. Vahl,Svampe,Digitale Samlinger: Billeder:Særudgivelser:Flora Danica:Hæfte:Hft. 16,,Polyporus frondosus Fr.,,,,free
953,floradanica_0953.tif,Boletus igniarius Vahl.,1787,M. Vahl,Svampe,Digitale Samlinger: Billeder:Særudgivelser:Flora Danica:Hæfte:Hft. 16,,Polyporus Pinicola Fr.,,,,free
954,floradanica_0954.tif,Trichomanes tunbridgense L.,1787,M. Vahl,Karplanter,Digitale Samlinger: Billeder:Særudgivelser:Flora Danica:Hæfte:Hft. 16,Hymenophyllaceae,Hymenophyllum wilsonii Hook.,Hindebregne,Honningurtfamilien,,free
955,floradanica_0955.tif,Lichen aurantiacus Vahl. / Lichen leucophaeus Vahl.,1787,M. Vahl,Laver,Digitale Samlinger: Billeder:Særudgivelser:Flora Danica:Hæfte:Hft. 16,,Caloplaca cerina (Ehrh.) Th.Fr. (?),,,,free
956,floradanica_0956.tif,Lichen Hypnorum Vahl.,1787,M. Vahl,Laver,Digitale Samlinger: Billeder:Særudgivelser:Flora Danica:Hæfte:Hft. 16,,Lecanora Hypnorum (Hffm.) Ach.,,,,free
957,floradanica_0957.tif,Lichen stellaris L. / Lichen stellaris var. [beta],1787,M. Vahl,Laver,Digitale Samlinger: Billeder:Særudgivelser:Flora Danica:Hæfte:Hft. 16,,Physcia stellaris (L.) Nyl.,,,,free
958,floradanica_0958.tif,Lichen fahlunensis L.,1787,M. Vahl,Laver,Digitale Samlinger: Billeder:Særudgivelser:Flora Danica:Hæfte:Hft. 16,,Cetraria fahlunensis (L.) Schär.,,,,free
959,floradanica_0959.tif,Lichen calicaris Vahl. / Lichen scopulorum Retz.,1787,M. Vahl,Laver,Digitale Samlinger: Billeder:Særudgivelser:Flora Danica:Hæfte:Hft. 16,,Ramalina scopulorum (Retz.) Ach.,,,,free
960,floradanica_0960.tif,Lichen globiferus L.,1787,M. Vahl,Laver,Digitale Samlinger: Billeder:Særudgivelser:Flora Danica:Hæfte:Hft. 16,,Sphaerophorum coralloides Ach.,,,,free
961,floradanica_0961.tif,Aira alpina Vahl,1790,M. Vahl,Karplanter,Digitale Samlinger: Billeder:Særudgivelser:Flora Danica:Hæfte:Hft. 17,Poaceae,Vahlodea atropurpurea (Wahlenb.) Fries ex Hartman,Rypebunke,Græsfamilien,,free
962,floradanica_0962.tif,Melica nutans L.,1790,M. Vahl,Karplanter,Digitale Samlinger: Billeder:Særudgivelser:Flora Danica:Hæfte:Hft. 17,Poaceae,Melica nutans L.,Flitteraks,Græsfamilien,Nikkende,free
963,floradanica_0963.tif,Holcus odoratus L.,1790,M. Vahl,Karplanter,Digitale Samlinger: Billeder:Særudgivelser:Flora Danica:Hæfte:Hft. 17,Poaceae,Hierochloë odorata (L.) Beauv.,Festgræs,Græsfamilien,Vellugtende,free
964,floradanica_0964.tif,Poa glauca Vahl.,1790,M. Vahl,Karplanter,Digitale Samlinger: Billeder:Særudgivelser:Flora Danica:Hæfte:Hft. 17,Poaceae,Poa glauca M.Vahl,Rapgræs,Græsfamilien,Blågrå,free
965,floradanica_0965.tif,Dipsacus silvester (sylvestris) Huds.,1790,M. Vahl,Karplanter,Digitale Samlinger: Billeder:Særudgivelser:Flora Danica:Hæfte:Hft. 17,Dipsacaceae,Dipsacus fullonum L.,Kartebolle,Kartebollefamilien,Gærde-,free
966,floradanica_0966.tif,Azalea lapponica L.,1790,M. Vahl,Karplanter,Digitale Samlinger: Billeder:Særudgivelser:Flora Danica:Hæfte:Hft. 17,Ericaceae,Rhododendron lapponicum (L.) Wahlenb.,Alperose,Lyngfamilien,Arktisk,free
967,floradanica_0967.tif,Ribes rubrum L.,1790,M. Vahl,Karplanter,Digitale Samlinger: Billeder:Særudgivelser:Flora Danica:Hæfte:Hft. 17,Grossulariaceae,Ribes rubrum L.,Ribs,Ribsfamilien,Have-,free
968,floradanica_0968.tif,Ribes alpinum L.,1790,M. Vahl,Karplanter,Digitale Samlinger: Billeder:Særudgivelser:Flora Danica:Hæfte:Hft. 17,Grossulariaceae,Ribes alpinum L.,Ribs,Ribsfamilien,Fjeld-,free
969,floradanica_0969.tif,Fraxinus excelsior L.,1790,M. Vahl,Karplanter,Digitale Samlinger: Billeder:Særudgivelser:Flora Danica:Hæfte:Hft. 17,Oleaceae,Fraxinus exelsior L.,Ask,Olivenfamilien,,free
970,floradanica_0970.tif,Xanthium Strumarium L.,1790,M. Vahl,Karplanter,Digitale Samlinger: Billeder:Særudgivelser:Flora Danica:Hæfte:Hft. 17,Asteraceae,Xanthium strumarium L.,Brodfrø,Kurvblomstfamilien,Skræppe-,free
971,floradanica_0971.tif,Allium Schoenoprasum L.,1790,M. Vahl,Karplanter,Digitale Samlinger: Billeder:Særudgivelser:Flora Danica:Hæfte:Hft. 17,Liliaceae,Allium schoenoprasum L.,Løg,Liljefamilien,Pur-,free
972,floradanica_0972.tif,Fritillaria Meleagris L.,1790,M. Vahl,Karplanter,Digitale Samlinger: Billeder:Særudgivelser:Flora Danica:Hæfte:Hft. 17,Liliaceae,Fritillaria meleagris L.,Vibeæg,Liljefamilien,Almindelig,free
973,floradanica_0973.tif,Aphanes arvensis L.,1790,M. Vahl,Karplanter,Digitale Samlinger: Billeder:Særudgivelser:Flora Danica:Hæfte:Hft. 17,Rosaceae,Aphanes arvensis L.,Dværgløvefod,Rosenfamilien,Almindelig,free
974,floradanica_0974.tif,Vaccinium Myrtillus L.,1790,M. Vahl,Karplanter,Digitale Samlinger: Billeder:Særudgivelser:Flora Danica:Hæfte:Hft. 17,Ericaceae,Vaccinium myrtillus L.,Blåbær,Lyngfamilien,,free
975,floradanica_0975.tif,Empetrum nigrum L.,1790,M. Vahl,Karplanter,Digitale Samlinger: Billeder:Særudgivelser:Flora Danica:Hæfte:Hft. 17,Empetraceae,Empetrum nigrum L.,Revling,Revlingfamilien,,free
976,floradanica_0976.tif,Saxifraga tricuspidata Rottb.,1790,M. Vahl,Karplanter,Digitale Samlinger: Billeder:Særudgivelser:Flora Danica:Hæfte:Hft. 17,Saxifragaceae,Saxifraga tricuspidata Rottb.,Stenbræk,Stenbrækfamilien,Tornet,free
977,floradanica_0977.tif,Arenaria serpyllifolia L.,1790,M. Vahl,Karplanter,Digitale Samlinger: Billeder:Særudgivelser:Flora Danica:Hæfte:Hft. 17,Caryophyllaceae,Arenaria serpyllifola L. s.l.,Markarve,Nellikefamilien,,free
978,floradanica_0978.tif,Stellaria humifusa Rottb.,1790,M. Vahl,Karplanter,Digitale Samlinger: Billeder:Særudgivelser:Flora Danica:Hæfte:Hft. 17,Caryophyllaceae,Stellaria humifusa Rottb.,Fladstjerne,Nellikefamilien,Ranke-,free
979,floradanica_0979.tif,Cerastium alpinum Vahl,1790,M. Vahl,Karplanter,Digitale Samlinger: Billeder:Særudgivelser:Flora Danica:Hæfte:Hft. 17,Caryophyllaceae,Cerastium alpinum L. ssp. glabratum (Hartm.) Á. & D. Löve,Hønsetarm,Nellikefamilien,Glat Fjeld-,free
980,floradanica_0980.tif,Oxalis Acetosella L.,1790,M. Vahl,Karplanter,Digitale Samlinger: Billeder:Særudgivelser:Flora Danica:Hæfte:Hft. 17,Oxalidaceae,Oxalis acetosella L.,Skovsyre,Surkløverfamilien,,free
981,floradanica_0981.tif,Rhinanthus Crista galli L.,1790,M. Vahl,Karplanter,Digitale Samlinger: Billeder:Særudgivelser:Flora Danica:Hæfte:Hft. 17,Scrophulariaceae,Rhinanthus serotinus (Schönheit) Oborny s.l.,Skjaller,Maskeblomstfamilien,Stor,free
982,floradanica_0982.tif,Antirrhinum Linaria L.,1790,M. Vahl,Karplanter,Digitale Samlinger: Billeder:Særudgivelser:Flora Danica:Hæfte:Hft. 17,Scrophulariaceae,Linaria vulgaris (L.) Miller,Torskemund,Maskeblomstfamilien,Almindelig,free
983,floradanica_0983.tif,Draba verna L.,1790,M. Vahl,Karplanter,Digitale Samlinger: Billeder:Særudgivelser:Flora Danica:Hæfte:Hft. 17,Brassicaceae,Erophila verna (L.) Chevall.,Gæslingeblomst,Korsblomstfamilien,Vår-,free
984,floradanica_0984.tif,Sisumbrium amphibium L.,1790,M. Vahl,Karplanter,Digitale Samlinger: Billeder:Særudgivelser:Flora Danica:Hæfte:Hft. 17,Brassicaceae,Rorippa amphibia (L.) Besser,Vandpeberrod,Korsblomstfamilien,,free
985,floradanica_0985.tif,Erysimum Barbarea L.,1790,M. Vahl,Karplanter,Digitale Samlinger: Billeder:Særudgivelser:Flora Danica:Hæfte:Hft. 17,Brassicaceae,Barbarea vulgaris R. Br. s.l.,Vinterkarse,Korsblomstfamilien,,free
986,floradanica_0986.tif,Geranium cicutarium L.,1790,M. Vahl,Karplanter,Digitale Samlinger: Billeder:Særudgivelser:Flora Danica:Hæfte:Hft. 17,Geraniaceae,Erodium cicutarium (L.) L'Hérit.,Hejrenæb,Storkenæbfamilien,,free
987,floradanica_0987.tif,Geranium phaeum L.,1790,M. Vahl,Karplanter,Digitale Samlinger: Billeder:Særudgivelser:Flora Danica:Hæfte:Hft. 17,Geraniaceae,Geranium phaeum L.,Storkenæb,Storkenæbfamilien,Bølgekronet,free
988,floradanica_0988.tif,Anthyllis vulneraria L.,1790,M. Vahl,Karplanter,Digitale Samlinger: Billeder:Særudgivelser:Flora Danica:Hæfte:Hft. 17,Fabaceae,Anthyllis vulneraria L.,Rundbælg,Ærteblomstfamilien,Almindelig,free
989,floradanica_0989.tif,Trifolium pratense L.,1790,M. Vahl,Karplanter,Digitale Samlinger: Billeder:Særudgivelser:Flora Danica:Hæfte:Hft. 17,Fabaceae,Trifolium pratense L.,Rødkløver,Ærteblomstfamilien,,free
990,floradanica_0990.tif,Trifolium repens L.,1790,M. Vahl,Karplanter,Digitale Samlinger: Billeder:Særudgivelser:Flora Danica:Hæfte:Hft. 17,Fabaceae,Trifolium repens L.,Hvidkløver,Ærteblomstfamilien,,free
991,floradanica_0991.tif,Lotus corniculatus L.,1790,M. Vahl,Karplanter,Digitale Samlinger: Billeder:Særudgivelser:Flora Danica:Hæfte:Hft. 17,Fabaceae,Lotus corniculatus L.,Kællingetand,Ærteblomstfamilien,Almindelig,free
992,floradanica_0992.tif,Medicago lupulina L.,1790,M. Vahl,Karplanter,Digitale Samlinger: Billeder:Særudgivelser:Flora Danica:Hæfte:Hft. 17,Fabaceae,Medicago lupulina L.,Sneglebælg,Ærteblomstfamilien,Humle-,free
993,floradanica_0993.tif,Centaurea Cyanus L.,1790,M. Vahl,Karplanter,Digitale Samlinger: Billeder:Særudgivelser:Flora Danica:Hæfte:Hft. 17,Asteraceae,Centaurea cyanus L.,Kornblomst,Kurvblomstfamilien,,free
994,floradanica_0994.tif,Chrysanthemum Leucanthemum L.,1790,M. Vahl,Karplanter,Digitale Samlinger: Billeder:Særudgivelser:Flora Danica:Hæfte:Hft. 17,Asteraceae,Leucanthemum vulgare Lam.,Okseøje,Kurvblomstfamilien,Hvid,free
995,floradanica_0995.tif,Chrysanthemum segetum L.,1790,M. Vahl,Karplanter,Digitale Samlinger: Billeder:Særudgivelser:Flora Danica:Hæfte:Hft. 17,Asteraceae,Chrysanthemum segetum L.,Okseøje,Kurvblomstfamilien,Gul,free
996,floradanica_0996.tif,Centaurea nigra L.,1790,M. Vahl,Karplanter,Digitale Samlinger: Billeder:Særudgivelser:Flora Danica:Hæfte:Hft. 17,Asteraceae,Centaurea nigra L.,Knopurt,Kurvblomstfamilien,Sorthoved-,free
997,floradanica_0997.tif,Filago germanica L.,1790,M. Vahl,Karplanter,Digitale Samlinger: Billeder:Særudgivelser:Flora Danica:Hæfte:Hft. 17,Asteraceae,Filago lutescens Jordan,Museurt,Kurvblomstfamilien,Gulgrå,free
998,floradanica_0998.tif,Satyrium nigrum L.,1790,M. Vahl,Karplanter,Digitale Samlinger: Billeder:Særudgivelser:Flora Danica:Hæfte:Hft. 17,Orchidaceae,Gymnadenia nigra (L. ) Reichenb. ssp. nigra,Brunkulle,Gøgeurtfamilien,,free
999,floradanica_0999.tif,Cypripedium Calceolus L.,1790,M. Vahl,Karplanter,Digitale Samlinger: Billeder:Særudgivelser:Flora Danica:Hæfte:Hft. 17,Cypripediaceae,Cypripedium calceolus L.,Fruesko,Frueskofamilien,,free
1000,floradanica_1000.tif,Bryum capillaceum Vahl / Bryum subulatum L.,1790,M. Vahl,Mosser,Digitale Samlinger: Billeder:Særudgivelser:Flora Danica:Hæfte:Hft. 17,,Distichium capillaceum (L.) Br. et Sch. (Mnium L.),,,,free
1001,floradanica_1001.tif,Bryum aciculare L. / Bryum extinctorium? Vahl,1790,M. Vahl,Mosser,Digitale Samlinger: Billeder:Særudgivelser:Flora Danica:Hæfte:Hft. 17,,Rhacomitrium aciculare (L.) Brid.,,,,free
1002,floradanica_1002.tif,Jungermannia alpina Vahl / Jungermannia julacea Vahl,1790,M. Vahl,Mosser,Digitale Samlinger: Billeder:Særudgivelser:Flora Danica:Hæfte:Hft. 17,,Andreaea petrophila Ehrh.,,,,free
1003,floradanica_1003.tif,Lichen muscorum Vahl / Lichen ericetorum L.,1790,M. Vahl,Laver,Digitale Samlinger: Billeder:Særudgivelser:Flora Danica:Hæfte:Hft. 17,,"Lecidea elaeochroma [beta], muscorum (Wulf)?",,,,free
1004,floradanica_1004.tif,Lichen juniperinus L.,1790,M. Vahl,Laver,Digitale Samlinger: Billeder:Særudgivelser:Flora Danica:Hæfte:Hft. 17,,Platysma juniperinum (L.) Nyl.,,,,free
1005,floradanica_1005.tif,Lichen parietinus L.,1790,M. Vahl,Laver,Digitale Samlinger: Billeder:Særudgivelser:Flora Danica:Hæfte:Hft. 17,,Xanthoria parietina (L.) Th. Fr.,,,,free
1006,floradanica_1006.tif,Lichen crassus Huds,1790,M. Vahl,Laver,Digitale Samlinger: Billeder:Særudgivelser:Flora Danica:Hæfte:Hft. 17,,Placodium chrysoleucum (Sm.),,,,free
1007,floradanica_1007.tif,Lichen pulmonarius Vahl,1790,M. Vahl,Laver,Digitale Samlinger: Billeder:Særudgivelser:Flora Danica:Hæfte:Hft. 17,,Sticta scrobiculata Ach.,,,,free
1008,floradanica_1008.tif,Agaricus cernuus Vahl / Agaricus mutabilis Vahl,1790,M. Vahl,Svampe,Digitale Samlinger: Billeder:Særudgivelser:Flora Danica:Hæfte:Hft. 17,,(Psilocybe)!,,,,free
1009,floradanica_1009.tif,Agaricus integer Vahl / Agaricus glutinosus Vahl / Agaricus plicatus Huds,1790,M. Vahl,Svampe,Digitale Samlinger: Billeder:Særudgivelser:Flora Danica:Hæfte:Hft. 17,,Russula emetica Fr.,,,,free
1010,floradanica_1010.tif,Agaricus caesius Vahl,1790,M. Vahl,Svampe,Digitale Samlinger: Billeder:Særudgivelser:Flora Danica:Hæfte:Hft. 17,,Hydrocybe castanea (Bull) Fr.,,,,free
1011,floradanica_1011.tif,Agaricus cyathiformis Vahl,1790,M. Vahl,Svampe,Digitale Samlinger: Billeder:Særudgivelser:Flora Danica:Hæfte:Hft. 17,,Agaricus (Clitocybe) gilvus Pers.,,,,free
1012,floradanica_1012.tif,Agaricus membranaceus Vahl,1790,M. Vahl,Svampe,Digitale Samlinger: Billeder:Særudgivelser:Flora Danica:Hæfte:Hft. 17,,Agaricus (Clitocybe) membranaceus (Vill.) Fr.,,,,free
1013,floradanica_1013.tif,Agaricus melleus Vahl,1790,M. Vahl,Svampe,Digitale Samlinger: Billeder:Særudgivelser:Flora Danica:Hæfte:Hft. 17,,(Armillaria)!,,,,free
1014,floradanica_1014.tif,Agaricus plumbeus Vahl,1790,M. Vahl,Svampe,Digitale Samlinger: Billeder:Særudgivelser:Flora Danica:Hæfte:Hft. 17,,Agaricus (Amanita) vaginatus Bull.,,,,free
1015,floradanica_1015.tif,Agaricus niveus Vahl / Agaricus muricatus Vahl,1790,M. Vahl,Svampe,Digitale Samlinger: Billeder:Særudgivelser:Flora Danica:Hæfte:Hft. 17,,Agaricus (Omphalia) umbelliferus L.,,,,free
1016,floradanica_1016.tif,Peziza pyxidata Vahl / Peziza virgultorum Wigg / Peziza denticulata Vahl / Peziza parvula Wigg,1790,M. Vahl,Svampe,Digitale Samlinger: Billeder:Særudgivelser:Flora Danica:Hæfte:Hft. 17,,Peziza bryophila Fr.,,,,free
1017,floradanica_1017.tif,Peziza? carnosa Vahl / Peziza? turbinata Vahl / Peziza urceolata Vahl,1790,M. Vahl,Svampe,Digitale Samlinger: Billeder:Særudgivelser:Flora Danica:Hæfte:Hft. 17,,Ombrophila sarcoides (Jacq) Karst.,,,,free
1018,floradanica_1018.tif,Boletus gregarius Vahl,1790,M. Vahl,Svampe,Digitale Samlinger: Billeder:Særudgivelser:Flora Danica:Hæfte:Hft. 17,,Boletus bovinus L.,,,,free
1019,floradanica_1019.tif,Boletus caudicinus Vahl,1790,M. Vahl,Svampe,Digitale Samlinger: Billeder:Særudgivelser:Flora Danica:Hæfte:Hft. 17,,Polyporus sulfureus (Bull.) Fr.,,,,free
1020,floradanica_1020.tif,Hydnum auriscalpium L. / Hydnum cyathiforme Schaff.,1790,M. Vahl,Svampe,Digitale Samlinger: Billeder:Særudgivelser:Flora Danica:Hæfte:Hft. 17,,,,,,free
1021,floradanica_1021.tif,Pinguicula villosa L.,1792,M. Vahl,Karplanter,Digitale Samlinger: Billeder:Særudgivelser:Flora Danica:Hæfte:Hft. 18,Lentibulariaceae,Pinguicula villosa L.,Vibefedt,Blærerodfamilien,Lådden,free
1022,floradanica_1022.tif,Nardus strictus (stricta) L.,1792,M. Vahl,Karplanter,Digitale Samlinger: Billeder:Særudgivelser:Flora Danica:Hæfte:Hft. 18,Poaceae,Nardus stricta L.,Katteskæg,Græsfamilien,,free
1023,floradanica_1023.tif,Aira canescens L.,1792,M. Vahl,Karplanter,Digitale Samlinger: Billeder:Særudgivelser:Flora Danica:Hæfte:Hft. 18,Poaceae,Corynephorus canescens (L.) Beauv.,Sandskæg,Græsfamilien,,free
1024,floradanica_1024.tif,Galium boreale L.,1792,M. Vahl,Karplanter,Digitale Samlinger: Billeder:Særudgivelser:Flora Danica:Hæfte:Hft. 18,Rubiaceae,Galium boreale L.,Snerre,Krapfamilien,Trenervet,free
1025,floradanica_1025.tif,Potamogeton natans L.,1792,M. Vahl,Karplanter,Digitale Samlinger: Billeder:Særudgivelser:Flora Danica:Hæfte:Hft. 18,Potamogetonaceae,Potamogeton natans L.,Vandaks,Vandaksfamilien,Svømmende,free
1026,floradanica_1026.tif,Campanula Trachelium L.,1792,M. Vahl,Karplanter,Digitale Samlinger: Billeder:Særudgivelser:Flora Danica:Hæfte:Hft. 18,Campanulaceae,Campanula trachelium L.,Klokke,Klokkefamilien,Nælde-,free
1027,floradanica_1027.tif,Hedera Helix L.,1792,M. Vahl,Karplanter,Digitale Samlinger: Billeder:Særudgivelser:Flora Danica:Hæfte:Hft. 18,Araliaceae,Hedera helix L.,Vedbend,Vedbendfamilien,Almindelig,free
1028,floradanica_1028.tif,Drosera rotundifolia L.,1792,M. Vahl,Karplanter,Digitale Samlinger: Billeder:Særudgivelser:Flora Danica:Hæfte:Hft. 18,Droseraceae,Drosera rotundifolia L.,Soldug,Soldugfamilien,Rundbladet,free
1029,floradanica_1029.tif,Epilobium tetragonum Vahl.,1792,M. Vahl,Karplanter,Digitale Samlinger: Billeder:Særudgivelser:Flora Danica:Hæfte:Hft. 18,Onagraceae,Epilobium obscurum Schreber,Dueurt,Natlysfamilien,Ris-,free
1030,floradanica_1030.tif,Andromeda tetragona L.,1792,M. Vahl,Karplanter,Digitale Samlinger: Billeder:Særudgivelser:Flora Danica:Hæfte:Hft. 18,Ericaceae,Cassiope tetragona (L.) D. Don,Kantlyng,Lyngfamilien,,free
1031,floradanica_1031.tif,Ledum palustre L.,1792,M. Vahl,Karplanter,Digitale Samlinger: Billeder:Særudgivelser:Flora Danica:Hæfte:Hft. 18,Ericaceae,Ledum palustre L. ssp. palustre,Post,Lyngfamilien,Mose-,free
1032,floradanica_1032.tif,Lychnis viscaria L.,1792,M. Vahl,Karplanter,Digitale Samlinger: Billeder:Særudgivelser:Flora Danica:Hæfte:Hft. 18,Caryophyllaceae,Lychnis viscaria L.,Tjærenellike,Nellikefamilien,Almindelig,free
1033,floradanica_1033.tif,Spergula arvensis L.,1792,M. Vahl,Karplanter,Digitale Samlinger: Billeder:Særudgivelser:Flora Danica:Hæfte:Hft. 18,Caryophyllaceae,Spergula arvensis L. ssp. arvensis,Spergel,Nellikefamilien,Almindelig,free
1034,floradanica_1034.tif,Sorbus aucuparia L.,1792,M. Vahl,Karplanter,Digitale Samlinger: Billeder:Særudgivelser:Flora Danica:Hæfte:Hft. 18,Rosaceae,Sorbus aucuparia L. ssp. aucuparia,Røn,Rosenfamilien,Almindelig,free
1035,floradanica_1035.tif,Potentilla nivea L.,1792,M. Vahl,Karplanter,Digitale Samlinger: Billeder:Særudgivelser:Flora Danica:Hæfte:Hft. 18,Rosaceae,Potentilla nivea L.,Potentil,Rosenfamilien,Snehvid,free
1036,floradanica_1036.tif,Marrubium vulgare L.,1792,M. Vahl,Karplanter,Digitale Samlinger: Billeder:Særudgivelser:Flora Danica:Hæfte:Hft. 18,Lamiaceae,Marrubium vulgare L.,Kransburre,Læbeblomstfamilien,,free
1037,floradanica_1037.tif,Euphrasia officinalis L.,1792,M. Vahl,Karplanter,Digitale Samlinger: Billeder:Særudgivelser:Flora Danica:Hæfte:Hft. 18,Scrophulariaceae,Euphrasia sp.,Øjentrøst,Maskeblomstfamilien,,free
1038,floradanica_1038.tif,Myagrum sativum Vahl.,1792,M. Vahl,Karplanter,Digitale Samlinger: Billeder:Særudgivelser:Flora Danica:Hæfte:Hft. 18,Brassicaceae,Camelina alyssum (Miller) Thell. ssp. integrifolia (Fries) ?,Dodder,Korsblomstfamilien,Helbladet,free
1039,floradanica_1039.tif,Cardamine pratensis L.,1792,M. Vahl,Karplanter,Digitale Samlinger: Billeder:Særudgivelser:Flora Danica:Hæfte:Hft. 18,Brassicaceae,Cardamine pratensis L. ssp. pratensis,Karse,Korsblomstfamilien,Eng-,free
1040,floradanica_1040.tif,Turritis hirsuta L.,1792,M. Vahl,Karplanter,Digitale Samlinger: Billeder:Særudgivelser:Flora Danica:Hæfte:Hft. 18,Brassicaceae,Arabis hirsuta (L.) Scop. var. hirsuta,Kalkkarse,Korsblomstfamilien,Stivhåret,free
1041,floradanica_1041.tif,Astragalus uralensis Vahl.,1792,M. Vahl,Karplanter,Digitale Samlinger: Billeder:Særudgivelser:Flora Danica:Hæfte:Hft. 18,Fabaceae,Oxytropis campestris (L.) DC. ssp. sordida (Willd.) Hartman fil.,Spidsbælg,Ærteblomstfamilien,Russisk,free
1042,floradanica_1042.tif,Trifolium fragiferum L.,1792,M. Vahl,Karplanter,Digitale Samlinger: Billeder:Særudgivelser:Flora Danica:Hæfte:Hft. 18,Fabaceae,Trifolium fragiferum L.,Kløver,Ærteblomstfamilien,Jordbær-,free
1043,floradanica_1043.tif,Hypericum perforatum L.,1792,M. Vahl,Karplanter,Digitale Samlinger: Billeder:Særudgivelser:Flora Danica:Hæfte:Hft. 18,Clusiaceae,Hypericum perforatum L.,Perikon,Perikonfamilien,Prikbladet,free
1044,floradanica_1044.tif,Hieracium dubium Vahl.,1792,M. Vahl,Karplanter,Digitale Samlinger: Billeder:Særudgivelser:Flora Danica:Hæfte:Hft. 18,Asteraceae,Hieracium sp.,Høgeurt,Kurvblomstfamilien,,free
1045,floradanica_1045.tif,Viola mirabilis L.,1792,M. Vahl,Karplanter,Digitale Samlinger: Billeder:Særudgivelser:Flora Danica:Hæfte:Hft. 18,Violaceae,Viola mirabilis L.,Viol,Violfamilien,Forskelligblomstret,free
1046,floradanica_1046.tif,Myriophyllum verticillatum L.,1792,M. Vahl,Karplanter,Digitale Samlinger: Billeder:Særudgivelser:Flora Danica:Hæfte:Hft. 18,Haloragaceae,Myriophyllum verticillatum L.,Tusindblad,Tusindbladfamilien,Krans-,free
1047,floradanica_1047.tif,Carex flava L.,1792,M. Vahl,Karplanter,Digitale Samlinger: Billeder:Særudgivelser:Flora Danica:Hæfte:Hft. 18,Cyperaceae,Carex flava L.,Star,Halvgræsfamilien,Gul,free
1048,floradanica_1048.tif,Carex filiformis(?) Vahl.,1792,M. Vahl,Karplanter,Digitale Samlinger: Billeder:Særudgivelser:Flora Danica:Hæfte:Hft. 18,Cyperaceae,Carex lasiocarpa Ehrh. ?,Star,Halvgræsfamilien,Tråd-,free
1049,floradanica_1049.tif,Carex distans Vahl.,1792,M. Vahl,Karplanter,Digitale Samlinger: Billeder:Særudgivelser:Flora Danica:Hæfte:Hft. 18,Cyperaceae,Carex hostiana DC.,Star,Halvgræsfamilien,Skede-,free
1050,floradanica_1050.tif,Carex pallescens L.,1792,M. Vahl,Karplanter,Digitale Samlinger: Billeder:Særudgivelser:Flora Danica:Hæfte:Hft. 18,Cyperaceae,Carex pallescens L.,Star,Halvgræsfamilien,Bleg,free
1051,floradanica_1051.tif,Carex recurva Huds.,1792,M. Vahl,Karplanter,Digitale Samlinger: Billeder:Særudgivelser:Flora Danica:Hæfte:Hft. 18,Cyperaceae,Carex flacca Schreber,Star,Halvgræsfamilien,Blågrøn,free
1052,floradanica_1052.tif,Salix fol. serratis etc. Vahl.,1792,M. Vahl,Karplanter,Digitale Samlinger: Billeder:Særudgivelser:Flora Danica:Hæfte:Hft. 18,Salicaceae,Salix borealis (Fries) Nas. ?,Pil,Pilefamilien,Sæter-,free
1053,floradanica_1053.tif,Salix phylicaefolia var. Vahl.,1792,M. Vahl,Karplanter,Digitale Samlinger: Billeder:Særudgivelser:Flora Danica:Hæfte:Hft. 18,Salicaceae,Salix sp.,Pil,Pilefamilien,,free
1054,floradanica_1054.tif,Salix Myrsinites L.,1792,M. Vahl,Karplanter,Digitale Samlinger: Billeder:Særudgivelser:Flora Danica:Hæfte:Hft. 18,Salicaceae,Salix myrsinites L.,Pil,Pilefamilien,Blåbær-,free
1055,floradanica_1055.tif,Salix arbuscula Vahl.,1792,M. Vahl,Karplanter,Digitale Samlinger: Billeder:Særudgivelser:Flora Danica:Hæfte:Hft. 18,Salicaceae,Salix hastata L. ssp. hastata,Pil,Pilefamilien,Ægte Spyd-,free
1056,floradanica_1056.tif,Salix appendiculata Vahl.,1792,M. Vahl,Karplanter,Digitale Samlinger: Billeder:Særudgivelser:Flora Danica:Hæfte:Hft. 18,Salicaceae,Salix glauca L. var. appendiculata Wahlenb.,Pil,Pilefamilien,Vardø-,free
1057,floradanica_1057.tif,Salix Chrysanthos Vahl.,1792,M. Vahl,Karplanter,Digitale Samlinger: Billeder:Særudgivelser:Flora Danica:Hæfte:Hft. 18,Salicaceae,Salix lanata L. ssp. lanata,Pil,Pilefamilien,Uld-,free
1058,floradanica_1058.tif,Salix Lapponum L.,1792,M. Vahl,Karplanter,Digitale Samlinger: Billeder:Særudgivelser:Flora Danica:Hæfte:Hft. 18,Salicaceae,Salix lapponum L.,Pil,Pilefamilien,Laplands-,free
1059,floradanica_1059.tif,Holcus mollis L.,1792,M. Vahl,Karplanter,Digitale Samlinger: Billeder:Særudgivelser:Flora Danica:Hæfte:Hft. 18,Poaceae,Holcus mollis L.,Hestegræs,Græsfamilien,Krybende,free
1060,floradanica_1060.tif,Polypodium vulgare L.,1792,M. Vahl,Karplanter,Digitale Samlinger: Billeder:Særudgivelser:Flora Danica:Hæfte:Hft. 18,Polypodiaceae,Polypodium vulgare L.,Engelsød,Engelsødfamilien,Almindelig,free
1061,floradanica_1061.tif,Jungermannia asplenioides L.,1792,M. Vahl,Mosser,Digitale Samlinger: Billeder:Særudgivelser:Flora Danica:Hæfte:Hft. 18,,Plagiochila asplenioides (L.) N. E.,,,,free
1062,floradanica_1062.tif,Jungermannia complanata L.,1792,M. Vahl,Mosser,Digitale Samlinger: Billeder:Særudgivelser:Flora Danica:Hæfte:Hft. 18,,Radula complanata (L.) Dmrt.,,,,free
1063,floradanica_1063.tif,Lichen Jungermanniae Vahl. / Lichen stillicidiorum Vahl.,1792,M. Vahl,Laver,Digitale Samlinger: Billeder:Særudgivelser:Flora Danica:Hæfte:Hft. 18,,Caloplaca Jungermanniae (Vahl) Th. Fr.,,,,free
1064,floradanica_1064.tif,Lichen candidus Web. / Lichen luridus Sw.,1792,M. Vahl,Laver,Digitale Samlinger: Billeder:Særudgivelser:Flora Danica:Hæfte:Hft. 18,,Thalloedema vesiculosum (Hffm.) Mass.,,,,free
1065,floradanica_1065.tif,Fucus soboliferus Vahl.,1792,M. Vahl,Alger,Digitale Samlinger: Billeder:Særudgivelser:Flora Danica:Hæfte:Hft. 18,,Rhodymenia palmata var. sobolifera (V.) J. Ag.,,,,free
1066,floradanica_1066.tif,Fucus pumilus Vahl.,1792,M. Vahl,Alger,Digitale Samlinger: Billeder:Særudgivelser:Flora Danica:Hæfte:Hft. 18,,Rhodophyllis dichotoma (Lepech.) Gobi.,,,,free
1067,floradanica_1067.tif,Agaricus nitens Vahl. / Agaricus cervinus Schäff.,1792,M. Vahl,Svampe,Digitale Samlinger: Billeder:Særudgivelser:Flora Danica:Hæfte:Hft. 18,,Agaricus (Stropharia) luteo-nitens Fr.,,,,free
1068,floradanica_1068.tif,Agaricus torminosus Schäff.,1792,M. Vahl,Svampe,Digitale Samlinger: Billeder:Særudgivelser:Flora Danica:Hæfte:Hft. 18,,Lactarius torminosus (Schäff.) Fr.,,,,free
1069,floradanica_1069.tif,Agaricus Bulliardi Vahl. / Agaricus rubescens Vahl.,1792,M. Vahl,Svampe,Digitale Samlinger: Billeder:Særudgivelser:Flora Danica:Hæfte:Hft. 18,,Lactarius subdulcis (Bull) Fr.,,,,free
1070,floradanica_1070.tif,Agaricus bicolor Vahl.,1792,M. Vahl,Svampe,Digitale Samlinger: Billeder:Særudgivelser:Flora Danica:Hæfte:Hft. 18,,Coprinus deliquescens (Bull) Fr.,,,,free
1071,floradanica_1071.tif,Agaricus unicolor Vahl. / Agaricus nivalis Vahl. / Agaricus cyanipes Vahl.,1792,M. Vahl,Svampe,Digitale Samlinger: Billeder:Særudgivelser:Flora Danica:Hæfte:Hft. 18,,(Pholiota)!,,,,free
1072,floradanica_1072.tif,Agaricus resupinatus Vahl.,1792,M. Vahl,Svampe,Digitale Samlinger: Billeder:Særudgivelser:Flora Danica:Hæfte:Hft. 18,,Agaricus (Crepidotus) proboscideus Fr.,,,,free
1073,floradanica_1073.tif,Agaricus violaceo-fulvus Batsch? / Agaricus pubescens Vahl.,1792,M. Vahl,Svampe,Digitale Samlinger: Billeder:Særudgivelser:Flora Danica:Hæfte:Hft. 18,,"Agaricus (Crepidotus) mollis [beta], Fr.",,,,free
1074,floradanica_1074.tif,Boletus bovinus var.? Vahl.,1792,M. Vahl,Svampe,Digitale Samlinger: Billeder:Særudgivelser:Flora Danica:Hæfte:Hft. 18,,Boletus subtomentosus L.,,,,free
1075,floradanica_1075.tif,Boletus lateralis Bolt. / Boletus perennis L.,1792,M. Vahl,Svampe,Digitale Samlinger: Billeder:Særudgivelser:Flora Danica:Hæfte:Hft. 18,,Polyporus elegans Fr.,,,,free
1076,floradanica_1076.tif,Clavaria pilipes Vahl. / Clavaria ophioglossoides L. / Acrospermum aeruginosum Tode / Acrospermum cylindricum Vahl.,1792,M. Vahl,Svampe,Digitale Samlinger: Billeder:Særudgivelser:Flora Danica:Hæfte:Hft. 18,,Clavaria fistulosa L.,,,,free
1077,floradanica_1077.tif,Elvela membranacea Dicks. / Peziza leporina Batsch.,1792,M. Vahl,Svampe,Digitale Samlinger: Billeder:Særudgivelser:Flora Danica:Hæfte:Hft. 18,,Cantharellus lobatus Fr.,,,,free
1078,floradanica_1078.tif,Peziza Ciborium Vahl. / Peziza Phiala Vahl.,1792,M. Vahl,Svampe,Digitale Samlinger: Billeder:Særudgivelser:Flora Danica:Hæfte:Hft. 18,,Helotium Phiala (Vahl) Fr.,,,,free
1079,floradanica_1079.tif,Sphaeria mammiformis Dicks. (Sph. mucida Tode).,1792,M. Vahl,Svampe,Digitale Samlinger: Billeder:Særudgivelser:Flora Danica:Hæfte:Hft. 18,,Lasiosphaeria mutabilis (Pers.) Fuck.,,,,free
1080,floradanica_1080.tif,Pilobolus chrystallinus Tode.,1792,M. Vahl,Svampe,Digitale Samlinger: Billeder:Særudgivelser:Flora Danica:Hæfte:Hft. 18,,,,,,free
1081,floradanica_1081.tif,Lycopus europaeus L.,1794,M. Vahl,Karplanter,Digitale Samlinger: Billeder:Særudgivelser:Flora Danica:Hæfte:Hft. 19,Lamiaceae,Lycopus europaeus L.,Sværtevæld,Læbeblomstfamilien,,free
1082,floradanica_1082.tif,Scirpus fluitans L.,1794,M. Vahl,Karplanter,Digitale Samlinger: Billeder:Særudgivelser:Flora Danica:Hæfte:Hft. 19,Cyperaceae,Eleogiton fluitans (L.) Link,Kogleaks,Halvgræsfamilien,Flydende,free
1083,floradanica_1083.tif,Avena pratensis L.,1794,M. Vahl,Karplanter,Digitale Samlinger: Billeder:Særudgivelser:Flora Danica:Hæfte:Hft. 19,Poaceae,Avenula pratense (L.) Dumort.,Havre,Græsfamilien,Eng-,free
1084,floradanica_1084.tif,Lithospermum officinale L.,1794,M. Vahl,Karplanter,Digitale Samlinger: Billeder:Særudgivelser:Flora Danica:Hæfte:Hft. 19,Boraginaceae,Lithospermum officinale L.,Stenfrø,Rubladfamilien,Læge-,free
1085,floradanica_1085.tif,Anagallis tenella L.,1794,M. Vahl,Karplanter,Digitale Samlinger: Billeder:Særudgivelser:Flora Danica:Hæfte:Hft. 19,Primulaceae,Anagallis tenella (L.) L.,Arve,Kodriverfamilien,Spæd,free
1086,floradanica_1086.tif,Campanula rotundifolia L.,1794,M. Vahl,Karplanter,Digitale Samlinger: Billeder:Særudgivelser:Flora Danica:Hæfte:Hft. 19,Campanulaceae,Campanula rotundifolia L. ssp. rotundifolia,Klokke,Klokkefamilien,Liden,free
1087,floradanica_1087.tif,Campanula persicifolia L.,1794,M. Vahl,Karplanter,Digitale Samlinger: Billeder:Særudgivelser:Flora Danica:Hæfte:Hft. 19,Campanulaceae,Campanula persicifolia L.,Klokke,Klokkefamilien,Smalbladet,free
1088,floradanica_1088.tif,Verbascum nigrum L.,1794,M. Vahl,Karplanter,Digitale Samlinger: Billeder:Særudgivelser:Flora Danica:Hæfte:Hft. 19,Scrophulariaceae,Verbascum nigrum L.,Kongelys,Maskeblomstfamilien,Mørk,free
1089,floradanica_1089.tif,Euonymus eurapaeus L.,1794,M. Vahl,Karplanter,Digitale Samlinger: Billeder:Særudgivelser:Flora Danica:Hæfte:Hft. 19,Celastraceae,Euonymus europaeus L.,Benved,Benvedfamilien,,free
1090,floradanica_1090.tif,Bupleurum tenuissimum L.,1794,M. Vahl,Karplanter,Digitale Samlinger: Billeder:Særudgivelser:Flora Danica:Hæfte:Hft. 19,Apiaceae,Bupleurum tenuissimum L.,Hareøre,Skærmblomstfamilien,Smalbladet,free
1091,floradanica_1091.tif,Carum Carvi L.,1794,M. Vahl,Karplanter,Digitale Samlinger: Billeder:Særudgivelser:Flora Danica:Hæfte:Hft. 19,Apiaceae,Carum carvi L.,Kommen,Skærmblomstfamilien,,free
1092,floradanica_1092.tif,Statice Armeria L.,1794,M. Vahl,Karplanter,Digitale Samlinger: Billeder:Særudgivelser:Flora Danica:Hæfte:Hft. 19,Droceraceae,Armeria maritima (Miller) Willd. ssp. elongata (Hoffm.) Bonnier,Engelskgræs,Soldugfamilien,Vej-,free
1093,floradanica_1093.tif,Drosera longifolia L.,1794,M. Vahl,Karplanter,Digitale Samlinger: Billeder:Særudgivelser:Flora Danica:Hæfte:Hft. 19,Juncaceae,Drosera anglica Huds.,Soldug,Sivfamilien,Langbladet,free
1094,floradanica_1094.tif,Juncus conglomeratus L.,1794,M. Vahl,Karplanter,Digitale Samlinger: Billeder:Særudgivelser:Flora Danica:Hæfte:Hft. 19,Juncaceae,Juncus conglomeratus L.,Siv,Sivfamilien,Knop-,free
1095,floradanica_1095.tif,Juncus effusus L. var. a.,1794,M. Vahl,Karplanter,Digitale Samlinger: Billeder:Særudgivelser:Flora Danica:Hæfte:Hft. 19,Juncaceae,Juncus arcticus Willd.,Siv,Sivfamilien,Arktisk,free
1096,floradanica_1096.tif,Juncus effusus L.,1794,M. Vahl,Karplanter,Digitale Samlinger: Billeder:Særudgivelser:Flora Danica:Hæfte:Hft. 19,Juncaceae,Juncus effusus L.,Siv,Sivfamilien,Lyse-,free
1097,floradanica_1097.tif,Juncus articulatus L.,1794,M. Vahl,Karplanter,Digitale Samlinger: Billeder:Særudgivelser:Flora Danica:Hæfte:Hft. 19,Juncaceae,Juncus articulatus L.,Siv,Sivfamilien,Glanskapslet,free
1098,floradanica_1098.tif,Juncus bufonius L.,1794,M. Vahl,Karplanter,Digitale Samlinger: Billeder:Særudgivelser:Flora Danica:Hæfte:Hft. 19,Juncaceae,Juncus bufonius L.,Siv,Sivfamilien,Tudse-,free
1099,floradanica_1099.tif,Juncus supinus Moench.,1794,M. Vahl,Karplanter,Digitale Samlinger: Billeder:Særudgivelser:Flora Danica:Hæfte:Hft. 19,Juncaceae,Juncus bulbosus L.,Siv,Sivfamilien,Liden,free
1100,floradanica_1100.tif,Euphorbia Peplus L.,1794,M. Vahl,Karplanter,Digitale Samlinger: Billeder:Særudgivelser:Flora Danica:Hæfte:Hft. 19,Euphorbiaceae,Euphorbia peplus L.,Vortemælk,Vortemælkfamilien,Gaffel-,free
1101,floradanica_1101.tif,Pyrus Malus L.,1794,M. Vahl,Karplanter,Digitale Samlinger: Billeder:Særudgivelser:Flora Danica:Hæfte:Hft. 19,Rosaceae,Malus sylvestris Miller,Æble,Rosenfamilien,Skov-,free
1102,floradanica_1102.tif,Stachys silvaticus L. (sylvatica),1794,M. Vahl,Karplanter,Digitale Samlinger: Billeder:Særudgivelser:Flora Danica:Hæfte:Hft. 19,Lamiaceae,Stachys sylvatica L.,Galtetand,Læbeblomstfamilien,Skov-,free
1103,floradanica_1103.tif,Stachys paluster L.,1794,M. Vahl,Karplanter,Digitale Samlinger: Billeder:Særudgivelser:Flora Danica:Hæfte:Hft. 19,Lamiaceae,Stachys palustris L.,Galtetand,Læbeblomstfamilien,Kær-,free
1104,floradanica_1104.tif,Melampyrum cristatum L.,1794,M. Vahl,Karplanter,Digitale Samlinger: Billeder:Særudgivelser:Flora Danica:Hæfte:Hft. 19,Scrophulariaceae,Melampyrum cristatum  L.,Kohvede,Maskeblomstfamilien,Kantet,free
1105,floradanica_1105.tif,Pedicularis hirsuta L.,1794,M. Vahl,Karplanter,Digitale Samlinger: Billeder:Særudgivelser:Flora Danica:Hæfte:Hft. 19,Scrophulariaceae,Pedicularis hirsuta L.,Troldurt,Maskeblomstfamilien,Lådden,free
1106,floradanica_1106.tif,Arabis Thaliana L.,1794,M. Vahl,Karplanter,Digitale Samlinger: Billeder:Særudgivelser:Flora Danica:Hæfte:Hft. 19,Brassicaceae,Arabidopsis thaliana (L.) Heynh.,Gåsemad,Korsblomstfamilien,Almindelig,free
1107,floradanica_1107.tif,Geranium sanguineum L.,1794,M. Vahl,Karplanter,Digitale Samlinger: Billeder:Særudgivelser:Flora Danica:Hæfte:Hft. 19,Geraniaceae,Geranium sanguineum L.,Storkenæb,Storkenæbfamilien,Blodrød,free
1108,floradanica_1108.tif,Astragalus glycyphyllus L.,1794,M. Vahl,Karplanter,Digitale Samlinger: Billeder:Særudgivelser:Flora Danica:Hæfte:Hft. 19,Fabaceae,Astragalus glycyphyllos L.,Astragel,Ærteblomstfamilien,Sød,free
1109,floradanica_1109.tif,Sonchus paluster L.,1794,M. Vahl,Karplanter,Digitale Samlinger: Billeder:Særudgivelser:Flora Danica:Hæfte:Hft. 19,Asteraceae,Sonchus palustris L.,Svinemælk,Kurvblomstfamilien,Kær-,free
1110,floradanica_1110.tif,Hieracium Pilosella L.,1794,M. Vahl,Karplanter,Digitale Samlinger: Billeder:Særudgivelser:Flora Danica:Hæfte:Hft. 19,Asteraceae,Hieracium pilosella L.,Høgeurt,Kurvblomstfamilien,Håret,free
1111,floradanica_1111.tif,Hieracium Auricula L.,1794,M. Vahl,Karplanter,Digitale Samlinger: Billeder:Særudgivelser:Flora Danica:Hæfte:Hft. 19,Asteraceae,Hieracium lactucella Wallr.,Høgeurt,Kurvblomstfamilien,Lancetbladet,free
1112,floradanica_1112.tif,Hieracium aurantiacum L.,1794,M. Vahl,Karplanter,Digitale Samlinger: Billeder:Særudgivelser:Flora Danica:Hæfte:Hft. 19,Asteraceae,Hieracium aurantiacum L.,Høgeurt,Kurvblomstfamilien,Pomerans-,free
1113,floradanica_1113.tif,"Hieracium murorum [beta], silvaticum Vahl.",1794,M. Vahl,Karplanter,Digitale Samlinger: Billeder:Særudgivelser:Flora Danica:Hæfte:Hft. 19,Asteraceae,Hieracium tridentatum Fries,Høgeurt,Kurvblomstfamilien,Rank,free
1114,floradanica_1114.tif,Carduus acaulis L.,1794,M. Vahl,Karplanter,Digitale Samlinger: Billeder:Særudgivelser:Flora Danica:Hæfte:Hft. 19,Asteraceae,Cirsium acaule Scop.,Tidsel,Kurvblomstfamilien,Lav,free
1115,floradanica_1115.tif,Carex ovalis Good.,1794,M. Vahl,Karplanter,Digitale Samlinger: Billeder:Særudgivelser:Flora Danica:Hæfte:Hft. 19,Cyperaceae,Carex ovalis Good. var ovalis,Star,Halvgræsfamilien,Hare-,free
1116,floradanica_1116.tif,Carex paniculata L.,1794,M. Vahl,Karplanter,Digitale Samlinger: Billeder:Særudgivelser:Flora Danica:Hæfte:Hft. 19,Cyperaceae,Carex paniculata L.,Star,Halvgræsfamilien,Top-,free
1117,floradanica_1117.tif,Carex Pseudocyperus L.,1794,M. Vahl,Karplanter,Digitale Samlinger: Billeder:Særudgivelser:Flora Danica:Hæfte:Hft. 19,Cyperaceae,Carex pseudocyperus L.,Star,Halvgræsfamilien,Knippe-,free
1118,floradanica_1118.tif,Carex riparia Curt.,1794,M. Vahl,Karplanter,Digitale Samlinger: Billeder:Særudgivelser:Flora Danica:Hæfte:Hft. 19,Cyperaceae,Carex riparia Curtis,Star,Halvgræsfamilien,Tykakset,free
1119,floradanica_1119.tif,Juniperus communis L.,1794,M. Vahl,Karplanter,Digitale Samlinger: Billeder:Særudgivelser:Flora Danica:Hæfte:Hft. 19,Cupressaceae,Juniperus communis L. ssp. communis,Ene,Cypresfamilien,Almindelig,free
1120,floradanica_1120.tif,Veratrum album L.,1794,M. Vahl,Karplanter,Digitale Samlinger: Billeder:Særudgivelser:Flora Danica:Hæfte:Hft. 19,Liliaceae,Veratrum album L.,Foldblad,Liljefamilien,Hvid,free
1121,floradanica_1121.tif,Polypodium Oreopteris Ehrh.,1794,M. Vahl,Karplanter,Digitale Samlinger: Billeder:Særudgivelser:Flora Danica:Hæfte:Hft. 19,Thelypteridaceae,Oreopteris limbosperma (Bellardi ex All.) J. Holub,Dunbregne,Dunbregnefamilien,Bjerg-,free
1122,floradanica_1122.tif,Meesia longiseta Willd. / Mnium capillare L.,1794,M. Vahl,Mosser,Digitale Samlinger: Billeder:Særudgivelser:Flora Danica:Hæfte:Hft. 19,,Meesea triquetra (L.) Ångstr.,,,,free
1123,floradanica_1123.tif,Hypnum filicinum Vahl. / Hypnum nitens L.,1794,M. Vahl,Mosser,Digitale Samlinger: Billeder:Særudgivelser:Flora Danica:Hæfte:Hft. 19,,Ptilium Crista castrensis (L.) (?).,,,,free
1124,floradanica_1124.tif,Lichen herbaceus Huds,1794,M. Vahl,Laver,Digitale Samlinger: Billeder:Særudgivelser:Flora Danica:Hæfte:Hft. 19,,Sticta herbacea (Huds.) Fr.,,,,free
1125,floradanica_1125.tif,Lichen venosus Hffm. / Lichen Vespertilio Lightf.,1794,M. Vahl,Laver,Digitale Samlinger: Billeder:Særudgivelser:Flora Danica:Hæfte:Hft. 19,,Peltigera venosa (L.) Ach.,,,,free
1126,floradanica_1126.tif,Lichen obtusatus Vahl. / Lichen tristis Web.,1794,M. Vahl,Laver,Digitale Samlinger: Billeder:Særudgivelser:Flora Danica:Hæfte:Hft. 19,,Lecanora oculata (Dicks) Ach.,,,,free
1127,floradanica_1127.tif,Fucus inflatus L.,1794,M. Vahl,Alger,Digitale Samlinger: Billeder:Særudgivelser:Flora Danica:Hæfte:Hft. 19,,Fucus vesiculosus L. var. inflata Lgb.,,,,free
1128,floradanica_1128.tif,Fucus caprinus Vahl.,1794,M. Vahl,Alger,Digitale Samlinger: Billeder:Særudgivelser:Flora Danica:Hæfte:Hft. 19,,Rhodymenia palmata (L.) Grev. f. angustifolia Kiellm.,,,,free
1129,floradanica_1129.tif,Agaricus imperialis Vahl.,1794,M. Vahl,Svampe,Digitale Samlinger: Billeder:Særudgivelser:Flora Danica:Hæfte:Hft. 19,,Agaricus (Amanita) muscarius L.,,,,free
1130,floradanica_1130.tif,Agaricus splendens Vahl.,1794,M. Vahl,Svampe,Digitale Samlinger: Billeder:Særudgivelser:Flora Danica:Hæfte:Hft. 19,,Agaricus (Armillaria) mucidus Schrad. var.,,,,free
1131,floradanica_1131.tif,Agaricus deliciosus L.,1794,M. Vahl,Svampe,Digitale Samlinger: Billeder:Særudgivelser:Flora Danica:Hæfte:Hft. 19,,Lactarius deliciosus (L.) Fr.,,,,free
1132,floradanica_1132.tif,Agaricus piperatus Humb.,1794,M. Vahl,Svampe,Digitale Samlinger: Billeder:Særudgivelser:Flora Danica:Hæfte:Hft. 19,,Lactarius piperatus (Humb.) Fr.,,,,free
1133,floradanica_1133.tif,Agaricus violaceus Vahl.,1794,M. Vahl,Svampe,Digitale Samlinger: Billeder:Særudgivelser:Flora Danica:Hæfte:Hft. 19,,Agaricus (Tricholoma) personatus Fr.,,,,free
1134,floradanica_1134.tif,Agaricus nigripes Vahl. / Agaricus semistriatus Vahl.,1794,M. Vahl,Svampe,Digitale Samlinger: Billeder:Særudgivelser:Flora Danica:Hæfte:Hft. 19,,Marasmius Rotula (Scop.) Fr.,,,,free
1135,floradanica_1135.tif,Boletus annulatus Vahl.,1794,M. Vahl,Svampe,Digitale Samlinger: Billeder:Særudgivelser:Flora Danica:Hæfte:Hft. 19,,Boletus luteus L.,,,,free
1136,floradanica_1136.tif,Boletus Buglossum Retz.,1794,M. Vahl,Svampe,Digitale Samlinger: Billeder:Særudgivelser:Flora Danica:Hæfte:Hft. 19,,Fistulina hepatica (Huds.) Fr.,,,,free
1137,floradanica_1137.tif,Boletus Buglossum Retz.,1794,M. Vahl,Svampe,Digitale Samlinger: Billeder:Særudgivelser:Flora Danica:Hæfte:Hft. 19,,Fistulina hepatica (Huds.) Fr.,,,,free
1138,floradanica_1138.tif,Boletus velutinus Vahl.,1794,M. Vahl,Svampe,Digitale Samlinger: Billeder:Særudgivelser:Flora Danica:Hæfte:Hft. 19,,Polyporus resinosus Fr.,,,,free
1139,floradanica_1139.tif,Lycoperdon saccatum etc. Hall.,1794,M. Vahl,Svampe,Digitale Samlinger: Billeder:Særudgivelser:Flora Danica:Hæfte:Hft. 19,,Lycoperdon saccatum Hall.,,,,free
1140,floradanica_1140.tif,Lycoperdon gemmatum Batsch.,1794,M. Vahl,Svampe,Digitale Samlinger: Billeder:Særudgivelser:Flora Danica:Hæfte:Hft. 19,,,,,,free
1141,floradanica_1141.tif,Ligustrum vulgare L.,1797,M. Vahl,Karplanter,Digitale Samlinger: Billeder:Særudgivelser:Flora Danica:Hæfte:Hft. 20,Oleaceae,Ligustrum vulgare L.,Liguster,Olivenfamilien,,free
1142,floradanica_1142.tif,Scirpus lacuster L.,1797,M. Vahl,Karplanter,Digitale Samlinger: Billeder:Særudgivelser:Flora Danica:Hæfte:Hft. 20,Cyperaceae,Schoenoplectus lacustris (L.) Palla,Kogleaks,Halvgræsfamilien,Sø-,free
1143,floradanica_1143.tif,Milium effusum L.,1797,M. Vahl,Karplanter,Digitale Samlinger: Billeder:Særudgivelser:Flora Danica:Hæfte:Hft. 20,Poaceae,Milium effusum L.,Miliegræs,Græsfamilien,,free
1144,floradanica_1144.tif,Melica uniflora L.,1797,M. Vahl,Karplanter,Digitale Samlinger: Billeder:Særudgivelser:Flora Danica:Hæfte:Hft. 20,Poaceae,Melica uniflora Retz.,Flitteraks,Græsfamilien,Enblomstret,free
1145,floradanica_1145.tif,Poa silvatica Poll.,1797,M. Vahl,Karplanter,Digitale Samlinger: Billeder:Særudgivelser:Flora Danica:Hæfte:Hft. 20,Poaceae,Festuca altissima All.,Svingel,Græsfamilien,Skov-,free
1146,floradanica_1146.tif,Galium verum L.,1797,M. Vahl,Karplanter,Digitale Samlinger: Billeder:Særudgivelser:Flora Danica:Hæfte:Hft. 20,Rubiaceae,Galium verum L. ssp. verum,Snerre,Krapfamilien,Gul,free
1147,floradanica_1147.tif,Cynoglossum officinale L.,1797,M. Vahl,Karplanter,Digitale Samlinger: Billeder:Særudgivelser:Flora Danica:Hæfte:Hft. 20,Boraginaceae,Cynoglossum officinale L.,Hundetunge,Rubladfamilien,Læge-,free
1148,floradanica_1148.tif,Chenopodium urbicum L.,1797,M. Vahl,Karplanter,Digitale Samlinger: Billeder:Særudgivelser:Flora Danica:Hæfte:Hft. 20,Chenopodiaceae,Chenopodium urbicum L.,Gåsefod,Salturtfamilien,Rank,free
1149,floradanica_1149.tif,Chenopodium rubrum L.,1797,M. Vahl,Karplanter,Digitale Samlinger: Billeder:Særudgivelser:Flora Danica:Hæfte:Hft. 20,Chenopodiaceae,Chenopodium rubrum L.,Gåsefod,Salturtfamilien,Rød,free
1150,floradanica_1150.tif,Chenopodium viride L.,1797,M. Vahl,Karplanter,Digitale Samlinger: Billeder:Særudgivelser:Flora Danica:Hæfte:Hft. 20,Chenopodiaceae,Chenopodium album L.,Gåsefod,Salturtfamilien,Hvidmelet,free
1151,floradanica_1151.tif,Chenopodium glaucum L.,1797,M. Vahl,Karplanter,Digitale Samlinger: Billeder:Særudgivelser:Flora Danica:Hæfte:Hft. 20,Chenopodiaceae,Chenopodium glaucum L.,Gåsefod,Salturtfamilien,Blågrøn,free
1152,floradanica_1152.tif,Chenopodium Vulvaria L.,1797,M. Vahl,Karplanter,Digitale Samlinger: Billeder:Særudgivelser:Flora Danica:Hæfte:Hft. 20,Chenopodiaceae,Chenopodium vulvaria L.,Gåsefod,Salturtfamilien,Stinkende,free
1153,floradanica_1153.tif,Chenopodium polyspermum L.,1797,M. Vahl,Karplanter,Digitale Samlinger: Billeder:Særudgivelser:Flora Danica:Hæfte:Hft. 20,Chenopodiaceae,Chenopodium polyspermum L.,Gåsefod,Salturtfamilien,Mangefrøet,free
1154,floradanica_1154.tif,Phellandrium aquaticum L.,1797,M. Vahl,Karplanter,Digitale Samlinger: Billeder:Særudgivelser:Flora Danica:Hæfte:Hft. 20,Apiaceae,Oenanthe aquatica (L.) Poiret,Klaseskærm,Skærmblomstfamilien,Billebo-,free
1155,floradanica_1155.tif,Pimpinella magna L.,1797,M. Vahl,Karplanter,Digitale Samlinger: Billeder:Særudgivelser:Flora Danica:Hæfte:Hft. 20,Apiaceae,Pimpinella major (L.) Hudson,Pimpinelle,Skærmblomstfamilien,Stor,free
1156,floradanica_1156.tif,Sambucus Ebulus L.,1797,M. Vahl,Karplanter,Digitale Samlinger: Billeder:Særudgivelser:Flora Danica:Hæfte:Hft. 20,Caprifoliaceae,Sambucus ebulus L.,Hyld,Gedebladfamilien,Sommer-,free
1157,floradanica_1157.tif,Anthericum ramosum L.,1797,M. Vahl,Karplanter,Digitale Samlinger: Billeder:Særudgivelser:Flora Danica:Hæfte:Hft. 20,Liliaceae,Anthericum ramosum L.,Edderkopurt,Liljefamilien,Grenet,free
1158,floradanica_1158.tif,Acorus Calamus L.,1797,M. Vahl,Karplanter,Digitale Samlinger: Billeder:Særudgivelser:Flora Danica:Hæfte:Hft. 20,Araceae,Acorus calamus L.,Kalmus,Arumfamilien,,free
1159,floradanica_1159.tif,Juncus glaucus L.,1797,M. Vahl,Karplanter,Digitale Samlinger: Billeder:Særudgivelser:Flora Danica:Hæfte:Hft. 20,Juncaceae,Juncus inflexus L.,Siv,Sivfamilien,Blågrå,free
1160,floradanica_1160.tif,Juncus Tenageja L. fil.,1797,M. Vahl,Karplanter,Digitale Samlinger: Billeder:Særudgivelser:Flora Danica:Hæfte:Hft. 20,Juncaceae,Juncus tenageia L. fil.,Siv,Sivfamilien,Tyndstænglet,free
1161,floradanica_1161.tif,Rumex Acetosella L.,1797,M. Vahl,Karplanter,Digitale Samlinger: Billeder:Særudgivelser:Flora Danica:Hæfte:Hft. 20,Polygonaceae,Rumex acetosella L. var. acetosella,Rødknæ,Skedeknæfamilien,Almindelig,free
1162,floradanica_1162.tif,Crataegus monogyna Jacq.,1797,M. Vahl,Karplanter,Digitale Samlinger: Billeder:Særudgivelser:Flora Danica:Hæfte:Hft. 20,Rosaceae,Crataegus monogyna Jacq.,Hvidtjørn,Rosenfamilien,Engriflet,free
1163,floradanica_1163.tif,Rubus fruticosus L.,1797,M. Vahl,Karplanter,Digitale Samlinger: Billeder:Særudgivelser:Flora Danica:Hæfte:Hft. 20,Rosaceae,Rubus sp.,Brombær,Rosenfamilien,,free
1164,floradanica_1164.tif,Potentilla reptans L.,1797,M. Vahl,Karplanter,Digitale Samlinger: Billeder:Særudgivelser:Flora Danica:Hæfte:Hft. 20,Rosaceae,Potentilla reptans L.,Potentil,Rosenfamilien,Krybende,free
1165,floradanica_1165.tif,Thymus Serpyllum L.,1797,M. Vahl,Karplanter,Digitale Samlinger: Billeder:Særudgivelser:Flora Danica:Hæfte:Hft. 20,Lamiaceae,Thymus serpyllum L.,Timian,Læbeblomstfamilien,Smalbladet,free
1166,floradanica_1166.tif,Pedicularis groenlandica Retz.,1797,M. Vahl,Karplanter,Digitale Samlinger: Billeder:Særudgivelser:Flora Danica:Hæfte:Hft. 20,Scrophulariaceae,Pedicularis groenlandica Retz.,Troldurt,Maskeblomstfamilien,Snabel-,free
1167,floradanica_1167.tif,Scrophularia nodosa L.,1797,M. Vahl,Karplanter,Digitale Samlinger: Billeder:Særudgivelser:Flora Danica:Hæfte:Hft. 20,Scrophulariaceae,Scrophularia nodosa L.,Brunrod,Maskeblomstfamilien,Knoldet,free
1168,floradanica_1168.tif,Bunias Cakile L.,1797,M. Vahl,Karplanter,Digitale Samlinger: Billeder:Særudgivelser:Flora Danica:Hæfte:Hft. 20,Brassicaceae,Cakile maritima Scop. ssp. maritima,Strandsennep,Korsblomstfamilien,Almindelig,free
1169,floradanica_1169.tif,Polygala amarum (amara) L.,1797,M. Vahl,Karplanter,Digitale Samlinger: Billeder:Særudgivelser:Flora Danica:Hæfte:Hft. 20,Polygalaceae,Polygala amarella Crantz,Mælkeurt,Mælkeurtfamilien,Bitter,free
1170,floradanica_1170.tif,Orobus niger L.,1797,M. Vahl,Karplanter,Digitale Samlinger: Billeder:Særudgivelser:Flora Danica:Hæfte:Hft. 20,Fabaceae,Lathyrus niger (L.) Bernh.,Fladbælg,Ærteblomstfamilien,Sort,free
1171,floradanica_1171.tif,Trifolium striatum L.,1797,M. Vahl,Karplanter,Digitale Samlinger: Billeder:Særudgivelser:Flora Danica:Hæfte:Hft. 20,Fabaceae,Trifolium striatum L.,Kløver,Ærteblomstfamilien,Stribet,free
1172,floradanica_1172.tif,Trifolium montanum L.,1797,M. Vahl,Karplanter,Digitale Samlinger: Billeder:Særudgivelser:Flora Danica:Hæfte:Hft. 20,Fabaceae,Trifolium montanum L.,Kløver,Ærteblomstfamilien,Bjerg-,free
1173,floradanica_1173.tif,Carduus lanceolatus L.,1797,M. Vahl,Karplanter,Digitale Samlinger: Billeder:Særudgivelser:Flora Danica:Hæfte:Hft. 20,Asteraceae,Cirsium vulgare (Savi) Ten.,Tidsel,Kurvblomstfamilien,Horse-,free
1174,floradanica_1174.tif,Carlina vulgaris L.,1797,M. Vahl,Karplanter,Digitale Samlinger: Billeder:Særudgivelser:Flora Danica:Hæfte:Hft. 20,Asteraceae,Carlina vulgaris L.,Bakketidsel,Kurvblomstfamilien,,free
1175,floradanica_1175.tif,Artemisia campestris L.,1797,M. Vahl,Karplanter,Digitale Samlinger: Billeder:Særudgivelser:Flora Danica:Hæfte:Hft. 20,Asteraceae,Artemisia campestris L. ssp. campestris,Bynke,Kurvblomstfamilien,Mark-,free
1176,floradanica_1176.tif,Artemisia vulgaris L.,1797,M. Vahl,Karplanter,Digitale Samlinger: Billeder:Særudgivelser:Flora Danica:Hæfte:Hft. 20,Asteraceae,Artemisia vulgaris L. var. vulgaris,Gråbynke,Kurvblomstfamilien,Almindelig,free
1177,floradanica_1177.tif,Cineraria campestris L.,1797,M. Vahl,Karplanter,Digitale Samlinger: Billeder:Særudgivelser:Flora Danica:Hæfte:Hft. 20,Asteraceae,Cineraria integrifolia (L.) Murray ssp. integrifolia,Fnokurt,Kurvblomstfamilien,Bakke-,free
1178,floradanica_1178.tif,Anthemis arvensis L.,1797,M. Vahl,Karplanter,Digitale Samlinger: Billeder:Særudgivelser:Flora Danica:Hæfte:Hft. 20,Asteraceae,Anthemis arvensis L.,Gåseurt,Kurvblomstfamilien,Ager-,free
1179,floradanica_1179.tif,Anthemis Cotula L.,1797,M. Vahl,Karplanter,Digitale Samlinger: Billeder:Særudgivelser:Flora Danica:Hæfte:Hft. 20,Asteraceae,Anthemis cotula L.,Gåseurt,Kurvblomstfamilien,Stinkende,free
1180,floradanica_1180.tif,Quercus foemina Roth.,1797,M. Vahl,Karplanter,Digitale Samlinger: Billeder:Særudgivelser:Flora Danica:Hæfte:Hft. 20,Fagaceae,Quercus robur L.,Eg,Bøgefamilien,Stilk-,free
1181,floradanica_1181.tif,Holcus lanatus L.,1797,M. Vahl,Karplanter,Digitale Samlinger: Billeder:Særudgivelser:Flora Danica:Hæfte:Hft. 20,Poaceae,Holcus lanatus L.,Fløjlsgræs,Græsfamilien,,free
1182,floradanica_1182.tif,Equisetum silvaticum L.,1797,M. Vahl,Karplanter,Digitale Samlinger: Billeder:Særudgivelser:Flora Danica:Hæfte:Hft. 20,Equisetaceae,Equisetum sylvaticum L.,Padderok,Padderokfamilien,Skov-,free
1183,floradanica_1183.tif,Equisetum palustre L.,1797,M. Vahl,Karplanter,Digitale Samlinger: Billeder:Særudgivelser:Flora Danica:Hæfte:Hft. 20,Equisetaceae,Equisetum palustre L.,Padderok,Padderokfamilien,Kær-,free
1184,floradanica_1184.tif,Equisetum fluviatile L.,1797,M. Vahl,Karplanter,Digitale Samlinger: Billeder:Særudgivelser:Flora Danica:Hæfte:Hft. 20,Equisetaceae,Equisetum fluviatile L.,Padderok,Padderokfamilien,Dynd-,free
1185,floradanica_1185.tif,Lichen Vahlii Retz. / Lichen lentigerus Web.,1797,M. Vahl,Laver,Digitale Samlinger: Billeder:Særudgivelser:Flora Danica:Hæfte:Hft. 20,,"Haematomma coccineum [beta], porphyreum Th.Fr.",,,,free
1186,floradanica_1186.tif,Lichen hispidus Schreb. / Lichen physodes L.,1797,M. Vahl,Laver,Digitale Samlinger: Billeder:Særudgivelser:Flora Danica:Hæfte:Hft. 20,,"Physcia stellaris [beta], adscendens Th. Fr.",,,,free
1187,floradanica_1187.tif,Lichen fraxineus L.,1797,M. Vahl,Laver,Digitale Samlinger: Billeder:Særudgivelser:Flora Danica:Hæfte:Hft. 20,,"Ramalina calicaris [beta], fraxinea Fr.",,,,free
1188,floradanica_1188.tif,Lichen cocciferus L. / Lichen digitatus Vahl. / Lichen radiatus Schreb.?,1797,M. Vahl,Laver,Digitale Samlinger: Billeder:Særudgivelser:Flora Danica:Hæfte:Hft. 20,,"Cladonia coccifera (L.) [alfa], communis Th. Fr.",,,,free
1189,floradanica_1189.tif,Lichen floridus L.,1797,M. Vahl,Laver,Digitale Samlinger: Billeder:Særudgivelser:Flora Danica:Hæfte:Hft. 20,,"Usnea barbata [alfa], florida (L.) Fr.",,,,free
1190,floradanica_1190.tif,Fucus delicatulus Vahl (Ulva Gunn.),1797,M. Vahl,Alger,Digitale Samlinger: Billeder:Særudgivelser:Flora Danica:Hæfte:Hft. 20,,Rhodymenia palmata (L.) Grev. f. angustifolia Kiellm.,,,,free
1191,floradanica_1191.tif,Agaricus squarrosus Vahl.,1797,M. Vahl,Svampe,Digitale Samlinger: Billeder:Særudgivelser:Flora Danica:Hæfte:Hft. 20,,Agaricus (Stropharia) depilatus Pers. (A. Hornemanni Fr.).,,,,free
1192,floradanica_1192.tif,Agaricus subluteus Vahl,1797,M. Vahl,Svampe,Digitale Samlinger: Billeder:Særudgivelser:Flora Danica:Hæfte:Hft. 20,,(Pholiota)!,,,,free
1193,floradanica_1193.tif,Agaricus micaceus Sibth.,1797,M. Vahl,Svampe,Digitale Samlinger: Billeder:Særudgivelser:Flora Danica:Hæfte:Hft. 20,,Coprinus micaceus (Sibth.) Fr.,,,,free
1194,floradanica_1194.tif,Agaricus rugatus Vahl. / Agaricus fuscipes Vahl.,1797,M. Vahl,Svampe,Digitale Samlinger: Billeder:Særudgivelser:Flora Danica:Hæfte:Hft. 20,,Marasmius epiphyllus Fr.,,,,free
1195,floradanica_1195.tif,Agaricus cinereus Vahl.,1797,M. Vahl,Svampe,Digitale Samlinger: Billeder:Særudgivelser:Flora Danica:Hæfte:Hft. 20,,Coprinus cinereus (Vahl) Fr.,,,,free
1196,floradanica_1196.tif,Boletus squamosus Huds.,1797,M. Vahl,Svampe,Digitale Samlinger: Billeder:Særudgivelser:Flora Danica:Hæfte:Hft. 20,,Polyporus squamosus (Huds.) Fr.,,,,free
1197,floradanica_1197.tif,Boletus ramosus Vahl.,1797,M. Vahl,Svampe,Digitale Samlinger: Billeder:Særudgivelser:Flora Danica:Hæfte:Hft. 20,,Polyporus umbellatus Fr.,,,,free
1198,floradanica_1198.tif,Thelephora mesenteriformis Vahl.,1797,M. Vahl,Svampe,Digitale Samlinger: Billeder:Særudgivelser:Flora Danica:Hæfte:Hft. 20,,Thelephora laciniata Pers.,,,,free
1199,floradanica_1199.tif,Thelephora papyracea Schrad.?,1797,M. Vahl,Svampe,Digitale Samlinger: Billeder:Særudgivelser:Flora Danica:Hæfte:Hft. 20,,Stereum hirsutum (Willd.) Fr.,,,,free
1200,floradanica_1200.tif,Peziza aeruginosa Vahl. / Peziza Macropus Pers.,1797,M. Vahl,Svampe,Digitale Samlinger: Billeder:Særudgivelser:Flora Danica:Hæfte:Hft. 20,,Chlorosplenium aeruginosum (Vahl) de Ntrs.,,,,free
1201,floradanica_1201.tif,Veronica montana L.,1799,M. Vahl,Karplanter,Digitale Samlinger: Billeder:Særudgivelser:Flora Danica:Hæfte:Hft. 21,Scrophulariaceae,Veronica montana L.,Ærenpris,Maskeblomstfamilien,Bjerg-,free
1202,floradanica_1202.tif,Schoenus Mariscus L.,1799,M. Vahl,Karplanter,Digitale Samlinger: Billeder:Særudgivelser:Flora Danica:Hæfte:Hft. 21,Cyperaceae,Cladium mariscus (L.) Pohl,Avneknippe,Halvgræsfamilien,Hvas,free
1203,floradanica_1203.tif,Avena pubescens L.,1799,M. Vahl,Karplanter,Digitale Samlinger: Billeder:Særudgivelser:Flora Danica:Hæfte:Hft. 21,Poaceae,Avenula pubescens (Hudson) Dumort.,Havre,Græsfamilien,Dunet,free
1204,floradanica_1204.tif,Holosteum umbellatum L.,1799,M. Vahl,Karplanter,Digitale Samlinger: Billeder:Særudgivelser:Flora Danica:Hæfte:Hft. 21,Caryophyllaceae,Holosteum umbellatum L.,Skærmarve,Nellikefamilien,,free
1205,floradanica_1205.tif,Thesium pratense Vahl.,1799,M. Vahl,Karplanter,Digitale Samlinger: Billeder:Særudgivelser:Flora Danica:Hæfte:Hft. 21,Santalaceae,Thesium ebracteatum Hayne,Nålebæger,Sandelfamilien,Hørbladet,free
1206,floradanica_1206.tif,Pastinaca sativa L.,1799,M. Vahl,Karplanter,Digitale Samlinger: Billeder:Særudgivelser:Flora Danica:Hæfte:Hft. 21,Apiaceae,Pastinaca sativa L.,Pastinak,Skærmblomstfamilien,Almindelig,free
1207,floradanica_1207.tif,Juncus filiformis L.,1799,M. Vahl,Karplanter,Digitale Samlinger: Billeder:Særudgivelser:Flora Danica:Hæfte:Hft. 21,Juncaceae,Juncus filiformis L.,Siv,Sivfamilien,Tråd-,free
1208,floradanica_1208.tif,Rumex maritimus L.,1799,M. Vahl,Karplanter,Digitale Samlinger: Billeder:Særudgivelser:Flora Danica:Hæfte:Hft. 21,Polygonaceae,Rumex maritimus L.,Skræppe,Skedeknæfamilien,Strand-,free
1209,floradanica_1209.tif,Cucubalus viscosus L.,1799,M. Vahl,Karplanter,Digitale Samlinger: Billeder:Særudgivelser:Flora Danica:Hæfte:Hft. 21,Caryophyllaceae,Silene viscosa (L.) Pers. (Viscago glutinosa Baumg.),Limurt,Nellikefamilien,Klæbrig,free
1210,floradanica_1210.tif,Stellaria groenlandica Retz.,1799,M. Vahl,Karplanter,Digitale Samlinger: Billeder:Særudgivelser:Flora Danica:Hæfte:Hft. 21,Caryophyllaceae,Minuartia groenlandica Retz.,Norel,Nellikefamilien,Grønlandsk,free
1211,floradanica_1211.tif,Cerastium viscosum Vahl.,1799,M. Vahl,Karplanter,Digitale Samlinger: Billeder:Særudgivelser:Flora Danica:Hæfte:Hft. 21,Caryophyllaceae,Cerastium semidecandrum L.,Hønsetarm,Nellikefamilien,Femhannet,free
1212,floradanica_1212.tif,Cerastium semidecandrum L.,1799,M. Vahl,Karplanter,Digitale Samlinger: Billeder:Særudgivelser:Flora Danica:Hæfte:Hft. 21,Caryophyllaceae,Cerastium semidecandrum L.,Hønsetarm,Nellikefamilien,Femhannet,free
1213,floradanica_1213.tif,Rubus caesius L.,1799,M. Vahl,Karplanter,Digitale Samlinger: Billeder:Særudgivelser:Flora Danica:Hæfte:Hft. 21,Rosaceae,Rubus caesius L.,Korbær,Rosenfamilien,,free
1214,floradanica_1214.tif,Rosa cinnamomea L.,1799,M. Vahl,Karplanter,Digitale Samlinger: Billeder:Særudgivelser:Flora Danica:Hæfte:Hft. 21,Rosaceae,Rosa sp.,Rose,Rosenfamilien,,free
1215,floradanica_1215.tif,Rosa alba Vahl.,1799,M. Vahl,Karplanter,Digitale Samlinger: Billeder:Særudgivelser:Flora Danica:Hæfte:Hft. 21,Rosaceae,Rosa sp.,Rose,Rosenfamilien,,free
1216,floradanica_1216.tif,Dryas integrifolia Vahl.,1799,M. Vahl,Karplanter,Digitale Samlinger: Billeder:Særudgivelser:Flora Danica:Hæfte:Hft. 21,Rosaceae,Dryas integrifolia Vahl,Fjeldsimmer,Rosenfamilien,Grønlandsk,free
1217,floradanica_1217.tif,Tormentilla reptans L.,1799,M. Vahl,Karplanter,Digitale Samlinger: Billeder:Særudgivelser:Flora Danica:Hæfte:Hft. 21,Rosaceae,Potentilla anglica Laicharding,Potentil,Rosenfamilien,Liggende,free
1218,floradanica_1218.tif,Ranunculus parviflorus L.,1799,M. Vahl,Karplanter,Digitale Samlinger: Billeder:Særudgivelser:Flora Danica:Hæfte:Hft. 21,Ranunculaceae,Ranunculus parviflorus L.,Ranunkel,Ranunkelfamilien,Småblomstret,free
1219,floradanica_1219.tif,Orobanche minor Sutt.,1799,M. Vahl,Karplanter,Digitale Samlinger: Billeder:Særudgivelser:Flora Danica:Hæfte:Hft. 21,Orobanchaceae,Orobanche minor Sm.,Gyvelkvæler,Gyvelkvælerfamilien,Kløver-,free
1220,floradanica_1220.tif,Antirrhinum Cymbalaria L.,1799,M. Vahl,Karplanter,Digitale Samlinger: Billeder:Særudgivelser:Flora Danica:Hæfte:Hft. 21,Scrophulariaceae,Cymbalaria muralis P. Gaertn. et al.,Torskemund,Maskeblomstfamilien,Vedbend-,free
1221,floradanica_1221.tif,Thlaspi campestre L.,1799,M. Vahl,Karplanter,Digitale Samlinger: Billeder:Særudgivelser:Flora Danica:Hæfte:Hft. 21,Brassicaceae,Lepidium campestre (L.) R.Br.,Lysestage,Korsblomstfamilien,Salomons,free
1222,floradanica_1222.tif,Geranium columbinum L.,1799,M. Vahl,Karplanter,Digitale Samlinger: Billeder:Særudgivelser:Flora Danica:Hæfte:Hft. 21,Geraniaceae,Geranium columbinum L.,Storkenæb,Storkenæbfamilien,Storbægret,free
1223,floradanica_1223.tif,Malva silvestris L.,1799,M. Vahl,Karplanter,Digitale Samlinger: Billeder:Særudgivelser:Flora Danica:Hæfte:Hft. 21,Malvaceae,Malva sylvestris L. ssp. sylvestris,Katost,Katostfamilien,Almindelig,free
1224,floradanica_1224.tif,Fumaria Halleri Willd.,1799,M. Vahl,Karplanter,Digitale Samlinger: Billeder:Særudgivelser:Flora Danica:Hæfte:Hft. 21,Fumariaceae,Corydalis pumila (Host) Reichenb.,Lærkespore,Jordrøgfamilien,Finger-,free
1225,floradanica_1225.tif,Genista pilosa L.,1799,M. Vahl,Karplanter,Digitale Samlinger: Billeder:Særudgivelser:Flora Danica:Hæfte:Hft. 21,Rubiaceae,Genista pilosa L.,Visse,Krapfamilien,Håret,free
1226,floradanica_1226.tif,Orobus vernus L.,1799,M. Vahl,Karplanter,Digitale Samlinger: Billeder:Særudgivelser:Flora Danica:Hæfte:Hft. 21,Fabaceae,Lathyrus vernus (L.) Bernh.,Fladbælg,Ærteblomstfamilien,Vår-,free
1227,floradanica_1227.tif,Lactuca Scariola L.,1799,M. Vahl,Karplanter,Digitale Samlinger: Billeder:Særudgivelser:Flora Danica:Hæfte:Hft. 21,Asteraceae,Lactuca serriola L.,Salat,Kurvblomstfamilien,Tornet,free
1228,floradanica_1228.tif,Gnaphalium dioicum L.,1799,M. Vahl,Karplanter,Digitale Samlinger: Billeder:Særudgivelser:Flora Danica:Hæfte:Hft. 21,Asteraceae,Antennaria dioica (L.) Gaertn.,Kattefod,Kurvblomstfamilien,Almindelig,free
1229,floradanica_1229.tif,Gnaphalium silvaticum L.,1799,M. Vahl,Karplanter,Digitale Samlinger: Billeder:Særudgivelser:Flora Danica:Hæfte:Hft. 21,Asteraceae,Gnaphalium sylvaticum L.,Evighedsblomst,Kurvblomstfamilien,Rank,free
1230,floradanica_1230.tif,Senecio viscosus Vahl.,1799,M. Vahl,Karplanter,Digitale Samlinger: Billeder:Særudgivelser:Flora Danica:Hæfte:Hft. 21,Asteraceae,Senecio viscosus L.,Brandbæger,Kurvblomstfamilien,Klæbrig,free
1231,floradanica_1231.tif,Centaurea Scabiosa L.,1799,M. Vahl,Karplanter,Digitale Samlinger: Billeder:Særudgivelser:Flora Danica:Hæfte:Hft. 21,Asteraceae,Centaurea scabiosa L.,Knopurt,Kurvblomstfamilien,Stor,free
1232,floradanica_1232.tif,Orchis sambucina L.,1799,M. Vahl,Karplanter,Digitale Samlinger: Billeder:Særudgivelser:Flora Danica:Hæfte:Hft. 21,Orchidaceae,Dactylorhiza sambucina (L.) Soó,Gøgeurt,Gøgeurtfamilien,Hylde-,free
1233,floradanica_1233.tif,Satyrium Epipogium L.,1799,M. Vahl,Karplanter,Digitale Samlinger: Billeder:Særudgivelser:Flora Danica:Hæfte:Hft. 21,Orchidaceae,Epipogium aphyllum Swartz,Knælæbe,Gøgeurtfamilien,,free
1234,floradanica_1234.tif,Ophrys paludosa L.,1799,M. Vahl,Karplanter,Digitale Samlinger: Billeder:Særudgivelser:Flora Danica:Hæfte:Hft. 21,Orchidaceae,Hammarbya paludosa (L.) O. Kuntze,Hjertelæbe,Gøgeurtfamilien,Femkantet,free
1235,floradanica_1235.tif,Aristolochia Clematitis L.,1799,M. Vahl,Karplanter,Digitale Samlinger: Billeder:Særudgivelser:Flora Danica:Hæfte:Hft. 21,Aristolochiaceae,Aristolochia clematitis L.,Slangerod,Slangerodfamilien,Hjertebladet,free
1236,floradanica_1236.tif,Carex elongata L.,1799,M. Vahl,Karplanter,Digitale Samlinger: Billeder:Særudgivelser:Flora Danica:Hæfte:Hft. 21,Cyperaceae,Carex elongata L.,Star,Halvgræsfamilien,Forlænget,free
1237,floradanica_1237.tif,Carex strigosa Huds.,1799,M. Vahl,Karplanter,Digitale Samlinger: Billeder:Særudgivelser:Flora Danica:Hæfte:Hft. 21,Cyperaceae,Carex strigosa Hudson,Star,Halvgræsfamilien,Tyndakset,free
1238,floradanica_1238.tif,Salix hastata L.,1799,M. Vahl,Karplanter,Digitale Samlinger: Billeder:Særudgivelser:Flora Danica:Hæfte:Hft. 21,Salicaceae,Salix hastata L. ssp. vegeta N. J. Andersson,Pil,Pilefamilien,Almindelig Spyd-,free
1239,floradanica_1239.tif,Humulus Lupulus L.,1799,M. Vahl,Karplanter,Digitale Samlinger: Billeder:Særudgivelser:Flora Danica:Hæfte:Hft. 21,Cannabaceae,Humulus lupulus L.,Humle,Hampfamilien,,free
1240,floradanica_1240.tif,Taxus baccata L.,1799,M. Vahl,Karplanter,Digitale Samlinger: Billeder:Særudgivelser:Flora Danica:Hæfte:Hft. 21,Taxaceae,Taxus baccata L.,Taks,Taksfamilien,,free
1241,floradanica_1241.tif,Polypodium Phegopteris L.,1799,M. Vahl,Karplanter,Digitale Samlinger: Billeder:Særudgivelser:Flora Danica:Hæfte:Hft. 21,Thelypteridaceae,Phegopteris connectilis (Michx) Watt,Dunbregne,Dunbregnefamilien,Skov-,free
1242,floradanica_1242.tif,Opegrapha pulverulenta Vahl. / Opegrapha lichenoides Vahl.,1799,M. Vahl,Laver,Digitale Samlinger: Billeder:Særudgivelser:Flora Danica:Hæfte:Hft. 21,,Graphis scripta Ach.,,,,free
1243,floradanica_1243.tif,Lichen roseus Vahl. / Lichen rosellus Pers.,1799,M. Vahl,Laver,Digitale Samlinger: Billeder:Særudgivelser:Flora Danica:Hæfte:Hft. 21,,Illosporium roseum Mart.,,,,free
1244,floradanica_1244.tif,Ulva flavescens Vahl.,1799,M. Vahl,Alger,Digitale Samlinger: Billeder:Særudgivelser:Flora Danica:Hæfte:Hft. 21,,(Alcyonidium flavescens Lgb.) Vix vegetabilia,,,,free
1245,floradanica_1245.tif,Ulva diaphana Vahl.,1799,M. Vahl,Alger,Digitale Samlinger: Billeder:Særudgivelser:Flora Danica:Hæfte:Hft. 21,,(Alcyonidium diaphanum Lmrx.) Vix vegetabilia,,,,free
1246,floradanica_1246.tif,Agaricus virescens Vahl.,1799,M. Vahl,Svampe,Digitale Samlinger: Billeder:Særudgivelser:Flora Danica:Hæfte:Hft. 21,,Agaricus (Amanita) phalloides var. virescens Fr.,,,,free
1247,floradanica_1247.tif,Agaricus glutinosus Vahl.,1799,M. Vahl,Svampe,Digitale Samlinger: Billeder:Særudgivelser:Flora Danica:Hæfte:Hft. 21,,(Gomphidius)!,,,,free
1248,floradanica_1248.tif,Agaricus lanuginosus Vahl. / Agaricus politus Bolt.,1799,M. Vahl,Svampe,Digitale Samlinger: Billeder:Særudgivelser:Flora Danica:Hæfte:Hft. 21,,(Lepiota)! (A. parvannulatus Lasch.),,,,free
1249,floradanica_1249.tif,Agaricus farinaceus Vahl.,1799,M. Vahl,Svampe,Digitale Samlinger: Billeder:Særudgivelser:Flora Danica:Hæfte:Hft. 21,,Agaricus (Clitocybe) laccatus Scop. variae formae.,,,,free
1250,floradanica_1250.tif,Agaricus amethystinus Vahl.,1799,M. Vahl,Svampe,Digitale Samlinger: Billeder:Særudgivelser:Flora Danica:Hæfte:Hft. 21,,Agaricus (Clitocybe) laccatus Scop. variae formae.,,,,free
1251,floradanica_1251.tif,Agaricus alliaceus Jacq.,1799,M. Vahl,Svampe,Digitale Samlinger: Billeder:Særudgivelser:Flora Danica:Hæfte:Hft. 21,,Marasmius alliaceus (Jacq.) Fr.,,,,free
1252,floradanica_1252.tif,Boletus floccopus Vahl.,1799,M. Vahl,Svampe,Digitale Samlinger: Billeder:Særudgivelser:Flora Danica:Hæfte:Hft. 21,,,,,,free
1253,floradanica_1253.tif,Boletus lucidus Schrad.,1799,M. Vahl,Svampe,Digitale Samlinger: Billeder:Særudgivelser:Flora Danica:Hæfte:Hft. 21,,Polyporus lucidus (Leyss.) Fr.,,,,free
1254,floradanica_1254.tif,Boletus betulinus Schrad.,1799,M. Vahl,Svampe,Digitale Samlinger: Billeder:Særudgivelser:Flora Danica:Hæfte:Hft. 21,,Polyporus betulinus (Bull) Fr.,,,,free
1255,floradanica_1255.tif,Clavaria pistillaris L.,1799,M. Vahl,Svampe,Digitale Samlinger: Billeder:Særudgivelser:Flora Danica:Hæfte:Hft. 21,,,,,,free
1256,floradanica_1256.tif,Clavaria fistulosa Holmskj.,1799,M. Vahl,Svampe,Digitale Samlinger: Billeder:Særudgivelser:Flora Danica:Hæfte:Hft. 21,,,,,,free
1257,floradanica_1257.tif,Clavaria hirta Vahl.,1799,M. Vahl,Svampe,Digitale Samlinger: Billeder:Særudgivelser:Flora Danica:Hæfte:Hft. 21,,Clavaria juncea Fr.,,,,free
1258,floradanica_1258.tif,Clavaria viridis Schrad. / Sphaeria aspera Vahl. / fig. inf.,1799,M. Vahl,Svampe,Digitale Samlinger: Billeder:Særudgivelser:Flora Danica:Hæfte:Hft. 21,,Geoglossum viride (Schrad.) Pers.,,,,free
1259,floradanica_1259.tif,Phallus caninus L.,1799,M. Vahl,Svampe,Digitale Samlinger: Billeder:Særudgivelser:Flora Danica:Hæfte:Hft. 21,,Mutinus caninus (Huds.) Fr.,,,,free
1260,floradanica_1260.tif,Peziza cornucopioides (L.) Fr.,1799,M. Vahl,Svampe,Digitale Samlinger: Billeder:Særudgivelser:Flora Danica:Hæfte:Hft. 21,,Craterellus cornucopioides (L.) Fr.,,,,free
1261,floradanica_1261.tif,Hippuris maritima Hell.,1806,J. W. Hornemann,Karplanter,Digitale Samlinger: Billeder:Særudgivelser:Flora Danica:Hæfte:Hft. 22,Hippuridaceae,Hippuris tetraphylla L. fil.,Hestehale,Hestehalefamilien,Bredbladet,free
1262,floradanica_1262.tif,Utricularia intermedia Hayne.,1806,J. W. Hornemann,Karplanter,Digitale Samlinger: Billeder:Særudgivelser:Flora Danica:Hæfte:Hft. 22,Lentibulariaceae,Utricularia ochroleuca R. Hartman,Blærerod,Blærerodfamilien,Kortsporet,free
1263,floradanica_1263.tif,Potamogeton heterophyllum Schreb.,1806,J. W. Hornemann,Karplanter,Digitale Samlinger: Billeder:Særudgivelser:Flora Danica:Hæfte:Hft. 22,Potamogetonaceae,Potamogeton gramineus L.,Vandaks,Vandaksfamilien,Græsbladet,free
1264,floradanica_1264.tif,Potamogeton densus L.,1806,J. W. Hornemann,Karplanter,Digitale Samlinger: Billeder:Særudgivelser:Flora Danica:Hæfte:Hft. 22,Potamogetonaceae,Groenlandica densa (L.) Fourr.,Vandaks,Vandaksfamilien,Tæt,free
1265,floradanica_1265.tif,Leucojum aestivum L.,1806,J. W. Hornemann,Karplanter,Digitale Samlinger: Billeder:Særudgivelser:Flora Danica:Hæfte:Hft. 22,Amaryllidaceae,Leucojum aestivum L.,Hvidblomme,Narcisfamilien,Sommer-,free
1266,floradanica_1266.tif,Ornithogalum umbellatum L.,1806,J. W. Hornemann,Karplanter,Digitale Samlinger: Billeder:Særudgivelser:Flora Danica:Hæfte:Hft. 22,Liliaceae,Ornithogalum umbellatum L.,Fuglemælk,Liljefamilien,Kost-,free
1267,floradanica_1267.tif,Epilobium tetragonum [beta],1806,J. W. Hornemann,Karplanter,Digitale Samlinger: Billeder:Særudgivelser:Flora Danica:Hæfte:Hft. 22,Onagraceae,Epilobium tetragonum L.,Dueurt,Natlysfamilien,Kantet,free
1268,floradanica_1268.tif,Gypsophila muralis L.,1806,J. W. Hornemann,Karplanter,Digitale Samlinger: Billeder:Særudgivelser:Flora Danica:Hæfte:Hft. 22,Caryophyllaceae,Gypsophila muralis L.,Gipsurt,Nellikefamilien,Mur-,free
1269,floradanica_1269.tif,Arenaria norvegica Gunn.,1806,J. W. Hornemann,Karplanter,Digitale Samlinger: Billeder:Særudgivelser:Flora Danica:Hæfte:Hft. 22,Caryophyllaceae,Arenaria norvegica Gunnerus ssp. norvegica,Sandarve,Nellikefamilien,Norsk,free
1270,floradanica_1270.tif,Euphorbia Esula L.,1806,J. W. Hornemann,Karplanter,Digitale Samlinger: Billeder:Særudgivelser:Flora Danica:Hæfte:Hft. 22,Euphorbiaceae,Euphorbia esula L. ssp. esula,Vortemælk,Vortemælkfamilien,Langbladet,free
1271,floradanica_1271.tif,Galeopsis Tetrahit L.,1806,J. W. Hornemann,Karplanter,Digitale Samlinger: Billeder:Særudgivelser:Flora Danica:Hæfte:Hft. 22,Lamiaceae,Galeopsis tetrahit L.,Hanekro,Læbeblomstfamilien,Almindelig,free
1272,floradanica_1272.tif,Galeopsis Galeobdolon L.,1806,J. W. Hornemann,Karplanter,Digitale Samlinger: Billeder:Særudgivelser:Flora Danica:Hæfte:Hft. 22,Lamiaceae,Lamiastrum galeobdolon (L.) Ehrend. & Polatscheck ssp. galeobdolon,Guldnælde,Læbeblomstfamilien,Almindelig,free
1273,floradanica_1273.tif,Trifolium medium Jacq.,1806,J. W. Hornemann,Karplanter,Digitale Samlinger: Billeder:Særudgivelser:Flora Danica:Hæfte:Hft. 22,Fabaceae,Trifolium medium L.,Kløver,Ærteblomstfamilien,Bugtet,free
1274,floradanica_1274.tif,Erigeron canadensis L.,1806,J. W. Hornemann,Karplanter,Digitale Samlinger: Billeder:Særudgivelser:Flora Danica:Hæfte:Hft. 22,Asteraceae,Conyza canadensis (L.) Cronq.,Bakkestjerne,Kurvblomstfamilien,Kanadisk,free
1275,floradanica_1275.tif,Filago arvensis L.,1806,J. W. Hornemann,Karplanter,Digitale Samlinger: Billeder:Særudgivelser:Flora Danica:Hæfte:Hft. 22,Asteraceae,Filago arvensis L.,Museurt,Kurvblomstfamilien,Ager-,free
1276,floradanica_1276.tif,Filago montana Horn.,1806,J. W. Hornemann,Karplanter,Digitale Samlinger: Billeder:Særudgivelser:Flora Danica:Hæfte:Hft. 22,Asteraceae,Filago minima (Smith) Pers.,Museurt,Kurvblomstfamilien,Liden,free
1277,floradanica_1277.tif,Orchis militaris Horn.,1806,J. W. Hornemann,Karplanter,Digitale Samlinger: Billeder:Særudgivelser:Flora Danica:Hæfte:Hft. 22,Orchidaceae,Orchis purpurea Hudson,Gøgeurt,Gøgeurtfamilien,Stor,free
1278,floradanica_1278.tif,Ophrys cordata L.,1806,J. W. Hornemann,Karplanter,Digitale Samlinger: Billeder:Særudgivelser:Flora Danica:Hæfte:Hft. 22,Orchidaceae,Listera cordata (L.) R. Br.,Fliglæbe,Gøgeurtfamilien,Hjertebladet,free
1279,floradanica_1279.tif,Carex leucoglochin Ehrh.,1806,J. W. Hornemann,Karplanter,Digitale Samlinger: Billeder:Særudgivelser:Flora Danica:Hæfte:Hft. 22,Cyperaceae,Carex pauciflora Lightf.,Star,Halvgræsfamilien,Fåblomstret,free
1280,floradanica_1280.tif,Carex divulsa Good.,1806,J. W. Hornemann,Karplanter,Digitale Samlinger: Billeder:Særudgivelser:Flora Danica:Hæfte:Hft. 22,Cyperaceae,Carex polyphylla Kar. & Kir,Star,Halvgræsfamilien,Mellembrudt,free
1281,floradanica_1281.tif,Carex caespitosa Horn.,1806,J. W. Hornemann,Karplanter,Digitale Samlinger: Billeder:Særudgivelser:Flora Danica:Hæfte:Hft. 22,Cyperaceae,Carex nigra (L.) Reichard var. nigra,Star,Halvgræsfamilien,Almindelig,free
1282,floradanica_1282.tif,Sparganium ramosum Sm.,1806,J. W. Hornemann,Karplanter,Digitale Samlinger: Billeder:Særudgivelser:Flora Danica:Hæfte:Hft. 22,Sparganiaceae,Sparganium erectum L. s.l.,Pindsvineknop,Pindsvineknopfamilien,Grenet,free
1283,floradanica_1283.tif,Fagus silvatica L.,1806,J. W. Hornemann,Karplanter,Digitale Samlinger: Billeder:Særudgivelser:Flora Danica:Hæfte:Hft. 22,Fagaceae,Fagus sylvatica L.,Bøg,Bøgefamilien,,free
1284,floradanica_1284.tif,Atriplex laciniata Horn.,1806,J. W. Hornemann,Karplanter,Digitale Samlinger: Billeder:Særudgivelser:Flora Danica:Hæfte:Hft. 22,Chenopodiaceae,Atriplex laciniata L.,Mælde,Salturtfamilien,Sølv-,free
1285,floradanica_1285.tif,Atriplex patula L.,1806,J. W. Hornemann,Karplanter,Digitale Samlinger: Billeder:Særudgivelser:Flora Danica:Hæfte:Hft. 22,Chenopodiaceae,Atriplex patula L.,Mælde,Salturtfamilien,Svine-,free
1286,floradanica_1286.tif,Atriplex hastata L.,1806,J. W. Hornemann,Karplanter,Digitale Samlinger: Billeder:Særudgivelser:Flora Danica:Hæfte:Hft. 22,Chenopodiaceae,Atriplex prostrata Boucher ex DC. in Lamarck & DC.,Mælde,Salturtfamilien,Spyd-,free
1287,floradanica_1287.tif,Atriplex littoralis L.,1806,J. W. Hornemann,Karplanter,Digitale Samlinger: Billeder:Særudgivelser:Flora Danica:Hæfte:Hft. 22,Chenopodiaceae,Atriplex littoralis L.,Mælde,Salturtfamilien,Strand-,free
1288,floradanica_1288.tif,Acer campestre L.,1806,J. W. Hornemann,Karplanter,Digitale Samlinger: Billeder:Særudgivelser:Flora Danica:Hæfte:Hft. 22,Aceraceae,Acer campestre L.,Navr,Lønfamilien,,free
1289,floradanica_1289.tif,Asplenium viride Sm.,1806,J. W. Hornemann,Karplanter,Digitale Samlinger: Billeder:Særudgivelser:Flora Danica:Hæfte:Hft. 22,Aspleniaceae,Asplenium trichomanes-ramosum L.,Radeløv,Radeløvfamilien,Lysegrøn,free
1290,floradanica_1290.tif,Hypnum proliferum L. / Hypnum serpens Horn.,1806,J. W. Hornemann,Mosser,Digitale Samlinger: Billeder:Særudgivelser:Flora Danica:Hæfte:Hft. 22,,Hylocomium proliferum (L.). H. splendens (Hedw.) Schimp.,,,,free
1291,floradanica_1291.tif,Hypnum fluitans L.,1806,J. W. Hornemann,Mosser,Digitale Samlinger: Billeder:Særudgivelser:Flora Danica:Hæfte:Hft. 22,,Harpidium fluitans (L.).,,,,free
1292,floradanica_1292.tif,Agaricus stypticus Pers. / Agaricus marginatus Schum.,1806,J. W. Hornemann,Svampe,Digitale Samlinger: Billeder:Særudgivelser:Flora Danica:Hæfte:Hft. 22,,Panus stypticus (Bull.) Fr.,,,,free
1293,floradanica_1293.tif,Merulius undulatus Pers.(?) / Agaricus stypticus var.?,1806,J. W. Hornemann,Svampe,Digitale Samlinger: Billeder:Særudgivelser:Flora Danica:Hæfte:Hft. 22,,Cantharellus albidus Fr.,,,,free
1294,floradanica_1294.tif,Peziza citrina Pers. / Tubercularia vulgaris Pers.,1806,J. W. Hornemann,Svampe,Digitale Samlinger: Billeder:Særudgivelser:Flora Danica:Hæfte:Hft. 22,,Helotium citrinum (Hedw.) Fr.,,,,free
1295,floradanica_1295.tif,Agaricus applicatus Horn. / Agaricus v. Merulius sp.?,1806,J. W. Hornemann,Svampe,Digitale Samlinger: Billeder:Særudgivelser:Flora Danica:Hæfte:Hft. 22,,Agaricus (Pleurotus) perpusillus L.,,,,free
1296,floradanica_1296.tif,Boletus edulis L. var.?,1806,J. W. Hornemann,Svampe,Digitale Samlinger: Billeder:Særudgivelser:Flora Danica:Hæfte:Hft. 22,,Boletus sordarius Fr. Epicr. 419.,,,,free
1297,floradanica_1297.tif,Boletus ciliatus Horn.,1806,J. W. Hornemann,Svampe,Digitale Samlinger: Billeder:Særudgivelser:Flora Danica:Hæfte:Hft. 22,,Polyporus brumalis (Pers.) Fr.,,,,free
1298,floradanica_1298.tif,Boletus incarnatus Schum.,1806,J. W. Hornemann,Svampe,Digitale Samlinger: Billeder:Særudgivelser:Flora Danica:Hæfte:Hft. 22,,Polyporus abietinus Fr.,,,,free
1299,floradanica_1299.tif,Boletus Molluscus Pers.,1806,J. W. Hornemann,Svampe,Digitale Samlinger: Billeder:Særudgivelser:Flora Danica:Hæfte:Hft. 22,,Polyporus molluscus (pers.) Fr.,,,,free
1300,floradanica_1300.tif,Sphaeria alutacea Pers.,1806,J. W. Hornemann,Svampe,Digitale Samlinger: Billeder:Særudgivelser:Flora Danica:Hæfte:Hft. 22,,Cordyceps alutacea (Pers.) Fr.,,,,free
1301,floradanica_1301.tif,Clavaria rugosa Pers.,1806,J. W. Hornemann,Svampe,Digitale Samlinger: Billeder:Særudgivelser:Flora Danica:Hæfte:Hft. 22,,,,,,free
1302,floradanica_1302.tif,Clavaria stricta Pers. / Merisma serratum Horn.,1806,J. W. Hornemann,Svampe,Digitale Samlinger: Billeder:Særudgivelser:Flora Danica:Hæfte:Hft. 22,,Thelephora sebacea Pers.,,,,free
1303,floradanica_1303.tif,Clavaria Botrytis Pers.,1806,J. W. Hornemann,Svampe,Digitale Samlinger: Billeder:Særudgivelser:Flora Danica:Hæfte:Hft. 22,,,,,,free
1304,floradanica_1304.tif,Clavaria pyxidata Pers. / Clavaria fallax Horn.,1806,J. W. Hornemann,Svampe,Digitale Samlinger: Billeder:Særudgivelser:Flora Danica:Hæfte:Hft. 22,,Clavaria cristata Holmskj.,,,,free
1305,floradanica_1305.tif,Clavaria mucida Pers.(?) / Clavaria cornea Pers.,1806,J. W. Hornemann,Svampe,Digitale Samlinger: Billeder:Særudgivelser:Flora Danica:Hæfte:Hft. 22,,Calocera furcata Fr.,,,,free
1306,floradanica_1306.tif,Clavaria digitata L.,1806,J. W. Hornemann,Svampe,Digitale Samlinger: Billeder:Særudgivelser:Flora Danica:Hæfte:Hft. 22,,Xylaria digitata (L.) Schrank.,,,,free
1307,floradanica_1307.tif,Tubercularia granulata? Horn. / Sphaeriae coarctatae affinis Schum.,1806,J. W. Hornemann,Svampe,Digitale Samlinger: Billeder:Særudgivelser:Flora Danica:Hæfte:Hft. 22,,Agyrium rufum Fr.,,,,free
1308,floradanica_1308.tif,Physarum Oxyacanthae Schum.,1806,J. W. Hornemann,Ukendt,Digitale Samlinger: Billeder:Særudgivelser:Flora Danica:Hæfte:Hft. 22,,,,,,free
1309,floradanica_1309.tif,Onygena equina Pers. / Cribraria onygena Schum.,1806,J. W. Hornemann,Svampe,Digitale Samlinger: Billeder:Særudgivelser:Flora Danica:Hæfte:Hft. 22,,Pilacre faginea (Fr.) Berk.,,,,free
1310,floradanica_1310.tif,Physarum connatum Schum.,1806,J. W. Hornemann,Slimsvampe,Digitale Samlinger: Billeder:Særudgivelser:Flora Danica:Hæfte:Hft. 22,,,,,,free
1311,floradanica_1311.tif,Sphaeria Granum Schum. / Sphaeria spinosa Pers.,1806,J. W. Hornemann,Svampe,Digitale Samlinger: Billeder:Særudgivelser:Flora Danica:Hæfte:Hft. 22,,Lasiosphaeria spermoides de Ntrs.,,,,free
1312,floradanica_1312.tif,Physarum citrinum Schum. / Diderma vernicosum Pers.,1806,J. W. Hornemann,Slimsvampe,Digitale Samlinger: Billeder:Særudgivelser:Flora Danica:Hæfte:Hft. 22,,Physarum Schumacheri Spr. (Rostaf.).,,,,free
1313,floradanica_1313.tif,Trichia ovata Horn. / Trichia nigripes Pers.,1806,J. W. Hornemann,Slimsvampe,Digitale Samlinger: Billeder:Særudgivelser:Flora Danica:Hæfte:Hft. 22,,Trichia turbinata With.,,,,free
1314,floradanica_1314.tif,Physarum farinaceum Pers. / Trichia aurea Schum.?,1806,J. W. Hornemann,Slimsvampe,Digitale Samlinger: Billeder:Særudgivelser:Flora Danica:Hæfte:Hft. 22,,Didymium farinaceum (Pers.) Schrad.,,,,free
1315,floradanica_1315.tif,Fuligo violacea Pers.(?),1806,J. W. Hornemann,Slimsvampe,Digitale Samlinger: Billeder:Særudgivelser:Flora Danica:Hæfte:Hft. 22,,"Aethalium septicum [beta], violaceum Fr.",,,,free
1316,floradanica_1316.tif,Racodium v. Himantia?,1806,J. W. Hornemann,Svampe,Digitale Samlinger: Billeder:Særudgivelser:Flora Danica:Hæfte:Hft. 22,,Corticium sulfureum Pers. (stérile et monstrosum).,,,,free
1317,floradanica_1317.tif,Uredo Violae Schum. / Uredo Caricis Schum.,1806,J. W. Hornemann,Svampe,Digitale Samlinger: Billeder:Særudgivelser:Flora Danica:Hæfte:Hft. 22,,Puccinia Violae (Schum.) DC.,,,,free
1318,floradanica_1318.tif,Uredo tuberculosa Schum. / Uredo Polygoni Schum.,1806,J. W. Hornemann,Svampe,Digitale Samlinger: Billeder:Særudgivelser:Flora Danica:Hæfte:Hft. 22,,Coleosporium Sonchi Lév.,,,,free
1319,floradanica_1319.tif,Aecidium Populi Horn.,1806,J. W. Hornemann,Svampe,Digitale Samlinger: Billeder:Særudgivelser:Flora Danica:Hæfte:Hft. 22,,Peziza sp.?,,,,free
1320,floradanica_1320.tif,Sclerotium Hirsutum Schum.,1806,J. W. Hornemann,Svampe,Digitale Samlinger: Billeder:Særudgivelser:Flora Danica:Hæfte:Hft. 22,,Periola hirsuta (Schum.) Fr.,,,,free
1321,floradanica_1321.tif,Circaea alpina L.,1808,J. W. Hornemann,Karplanter,Digitale Samlinger: Billeder:Særudgivelser:Flora Danica:Hæfte:Hft. 23,Onagraceae,Circaea alpina L.,Steffensurt,Natlysfamilien,Liden,free
1322,floradanica_1322.tif,Aira montana L.,1808,J. W. Hornemann,Karplanter,Digitale Samlinger: Billeder:Særudgivelser:Flora Danica:Hæfte:Hft. 23,Poaceae,Deschampsia flexuosa (L.) Trin.,Bunke,Græsfamilien,Bølget,free
1323,floradanica_1323.tif,Festuca pratensis Huds.,1808,J. W. Hornemann,Karplanter,Digitale Samlinger: Billeder:Særudgivelser:Flora Danica:Hæfte:Hft. 23,Poaceae,Festuca pratensis L.,Svingel,Græsfamilien,Eng-,free
1324,floradanica_1324.tif,Bromus mollis L.,1808,J. W. Hornemann,Karplanter,Digitale Samlinger: Billeder:Særudgivelser:Flora Danica:Hæfte:Hft. 23,Poaceae,Bromus hordeaceus L. ssp. hordeaceus,Hejre,Græsfamilien,Blød,free
1325,floradanica_1325.tif,Bromus sterilis L.,1808,J. W. Hornemann,Karplanter,Digitale Samlinger: Billeder:Særudgivelser:Flora Danica:Hæfte:Hft. 23,Poaceae,Bromus sterilis L.,Hejre,Græsfamilien,Gold,free
1326,floradanica_1326.tif,Campanula Rapunculus L.,1808,J. W. Hornemann,Karplanter,Digitale Samlinger: Billeder:Særudgivelser:Flora Danica:Hæfte:Hft. 23,Campanulaceae,Campanula rapunculus L.,Klokke,Klokkefamilien,Rapunsel-,free
1327,floradanica_1327.tif,Campanula Rapunculoides L.,1808,J. W. Hornemann,Karplanter,Digitale Samlinger: Billeder:Særudgivelser:Flora Danica:Hæfte:Hft. 23,Campanulaceae,Campanula rapunculoides L.,Klokke,Klokkefamilien,Ensidig,free
1328,floradanica_1328.tif,Campanula glomerata L.,1808,J. W. Hornemann,Karplanter,Digitale Samlinger: Billeder:Særudgivelser:Flora Danica:Hæfte:Hft. 23,Campanulaceae,Campanula glomerata L.,Klokke,Klokkefamilien,Nøgleblomstret,free
1329,floradanica_1329.tif,Viola montana L.,1808,J. W. Hornemann,Karplanter,Digitale Samlinger: Billeder:Særudgivelser:Flora Danica:Hæfte:Hft. 23,Violaceae,Viola canina L. ssp. montana (L.) Hartman,Viol,Violfamilien,Sæter-,free
1330,floradanica_1330.tif,Selinum lineare Schum.,1808,J. W. Hornemann,Karplanter,Digitale Samlinger: Billeder:Særudgivelser:Flora Danica:Hæfte:Hft. 23,Apiaceae,Cnidium dubium (Schkuhr) Thell.,Brændeskærm,Skærmblomstfamilien,,free
1331,floradanica_1331.tif,Ornithogalum minimum L.,1808,J. W. Hornemann,Karplanter,Digitale Samlinger: Billeder:Særudgivelser:Flora Danica:Hæfte:Hft. 23,Liliaceae,Gagea minima (L.) Ker-Gawler,Guldstjerne,Liljefamilien,Liden,free
1332,floradanica_1332.tif,Juncus castaneus Sm.,1808,J. W. Hornemann,Karplanter,Digitale Samlinger: Billeder:Særudgivelser:Flora Danica:Hæfte:Hft. 23,Juncaceae,Juncus castaneus Sm.,Siv,Sivfamilien,Kastanie-,free
1333,floradanica_1333.tif,Juncus campestris Horn.,1808,J. W. Hornemann,Karplanter,Digitale Samlinger: Billeder:Særudgivelser:Flora Danica:Hæfte:Hft. 23,Juncaceae,Luzula multiflora (Retz.) Lej. ssp. multiflora,Frytle,Sivfamilien,Mangeblomstret,free
1334,floradanica_1334.tif,Rumex crispus L.,1808,J. W. Hornemann,Karplanter,Digitale Samlinger: Billeder:Særudgivelser:Flora Danica:Hæfte:Hft. 23,Polygonaceae,Rumex crispus L.,Skræppe,Skedeknæfamilien,Kruset,free
1335,floradanica_1335.tif,Rumex obtusifolius L.,1808,J. W. Hornemann,Karplanter,Digitale Samlinger: Billeder:Særudgivelser:Flora Danica:Hæfte:Hft. 23,Polygonaceae,Rumex obtusifolius L. ssp. obtusifolius,Skræppe,Skedeknæfamilien,Butbladet,free
1336,floradanica_1336.tif,Pyrola umbellata L.,1808,J. W. Hornemann,Karplanter,Digitale Samlinger: Billeder:Særudgivelser:Flora Danica:Hæfte:Hft. 23,Pyrolaceae,Chimaphila umbellata (L.) W.Barton,Vintergrøn,Vintergrønfamilien,Skærm-,free
1337,floradanica_1337.tif,Cerastium aquaticum L.,1808,J. W. Hornemann,Karplanter,Digitale Samlinger: Billeder:Særudgivelser:Flora Danica:Hæfte:Hft. 23,Caryophyllaceae,Myosoton aquaticum (L.) Moench,Kløvkrone,Nellikefamilien,,free
1338,floradanica_1338.tif,Orobanche elatior Sm.,1808,J. W. Hornemann,Karplanter,Digitale Samlinger: Billeder:Særudgivelser:Flora Danica:Hæfte:Hft. 23,Orobanchaceae,Orobanche elatior Sutton,Gyvelkvæler,Gyvelkvælerfamilien,Stor,free
1339,floradanica_1339.tif,Cardamine impatiens L.,1808,J. W. Hornemann,Karplanter,Digitale Samlinger: Billeder:Særudgivelser:Flora Danica:Hæfte:Hft. 23,Brassicaceae,Cardamine impatiens L.,Springklap,Korsblomstfamilien,Kronløs,free
1340,floradanica_1340.tif,Vicia angustifolia Roth.,1808,J. W. Hornemann,Karplanter,Digitale Samlinger: Billeder:Særudgivelser:Flora Danica:Hæfte:Hft. 23,Fabaceae,Vicia angustifolia L. var. angustifolia,Vikke,Ærteblomstfamilien,Smalbladet,free
1341,floradanica_1341.tif,Carduus avanthoides Horn.,1808,J. W. Hornemann,Karplanter,Digitale Samlinger: Billeder:Særudgivelser:Flora Danica:Hæfte:Hft. 23,Asteraceae,Cirsium palustre (L.) Scop.,Tidsel,Kurvblomstfamilien,Kær-,free
1342,floradanica_1342.tif,Carex demissa Horn.,1808,J. W. Hornemann,Karplanter,Digitale Samlinger: Billeder:Særudgivelser:Flora Danica:Hæfte:Hft. 23,Cyperaceae,Carex demissa Hornem.,Star,Halvgræsfamilien,Grøn,free
1343,floradanica_1343.tif,Carex intermedia Good.,1808,J. W. Hornemann,Karplanter,Digitale Samlinger: Billeder:Særudgivelser:Flora Danica:Hæfte:Hft. 23,Cyperaceae,Carex disticha Hudson,Star,Halvgræsfamilien,Toradet,free
1344,floradanica_1344.tif,Carex filiformis L.,1808,J. W. Hornemann,Karplanter,Digitale Samlinger: Billeder:Særudgivelser:Flora Danica:Hæfte:Hft. 23,Cyperaceae,Carex lasiocarpa Ehrh.,Star,Halvgræsfamilien,Tråd-,free
1345,floradanica_1345.tif,Carpinus Betulus L.,1808,J. W. Hornemann,Karplanter,Digitale Samlinger: Billeder:Særudgivelser:Flora Danica:Hæfte:Hft. 23,Corylaceae,Carpinus betulus L.,Avnbøg,Hasselfamilien,,free
1346,floradanica_1346.tif,Aspidium Filix mas Horn.,1808,J. W. Hornemann,Karplanter,Digitale Samlinger: Billeder:Særudgivelser:Flora Danica:Hæfte:Hft. 23,Dryopteridaceae,Dryopteris expansa (C. Presl) Fraser-Jenkins & Jermy,Mangeløv,Mangeløvfamilien,Finbladet,free
1347,floradanica_1347.tif,Parmelia varia Ach. / Parmelia Vitellina Ach.,1808,J. W. Hornemann,Laver,Digitale Samlinger: Billeder:Særudgivelser:Flora Danica:Hæfte:Hft. 23,,Lecanora varia (Ehrh.) Nyl. var. intricata.(?),,,,free
1348,floradanica_1348.tif,"Parmelia parella [gamma], upsaliensis Ach.",1808,J. W. Hornemann,Laver,Digitale Samlinger: Billeder:Særudgivelser:Flora Danica:Hæfte:Hft. 23,,,,,,free
1349,floradanica_1349.tif,Parmelia multipuncta Ach.,1808,J. W. Hornemann,Laver,Digitale Samlinger: Billeder:Særudgivelser:Flora Danica:Hæfte:Hft. 23,,"Lecanora sordida [alfa], glaucoma Th. Fr.",,,,free
1350,floradanica_1350.tif,Lecidea confluens Fr. / Lecidea corticola Horn.,1808,J. W. Hornemann,Laver,Digitale Samlinger: Billeder:Særudgivelser:Flora Danica:Hæfte:Hft. 23,,"Buellia alboatra [alfa], vulgata Th. Fr.",,,,free
1351,floradanica_1351.tif,Parmelia rubra Ach. / Urceolaria scruposa v. bryophila (Ehrh.) Ach.,1808,J. W. Hornemann,Laver,Digitale Samlinger: Billeder:Særudgivelser:Flora Danica:Hæfte:Hft. 23,,Gyalecta rubra (Ach.) Fr.,,,,free
1352,floradanica_1352.tif,Opegrapha? Horn. / Parmelia astroidea Horn.,1808,J. W. Hornemann,Laver,Digitale Samlinger: Billeder:Særudgivelser:Flora Danica:Hæfte:Hft. 23,,Fungus incertae sedis.,,,,free
1353,floradanica_1353.tif,Endocarpon sp.?,1808,J. W. Hornemann,Laver,Digitale Samlinger: Billeder:Særudgivelser:Flora Danica:Hæfte:Hft. 23,,"Parmeliae conspersae specimen sterile. (Figura indeterminabilis, forsan ...)",,,,free
1354,floradanica_1354.tif,Gyrophora vellea Horn.,1808,J. W. Hornemann,Laver,Digitale Samlinger: Billeder:Særudgivelser:Flora Danica:Hæfte:Hft. 23,,Gyrophora spodochroa (Ehrh.) Ach.,,,,free
1355,floradanica_1355.tif,"Baeomyces furcatus [gamma], recurcus Horn. / Baeomyces pyxidatus [epsilon], marginalis Horn.",1808,J. W. Hornemann,Laver,Digitale Samlinger: Billeder:Særudgivelser:Flora Danica:Hæfte:Hft. 23,,Cladonia furcata var. racemosa Flörk.,,,,free
1356,floradanica_1356.tif,Baeomyces radiatus Ach. / Baeomyces parechus Ach.,1808,J. W. Hornemann,Laver,Digitale Samlinger: Billeder:Særudgivelser:Flora Danica:Hæfte:Hft. 23,,Cladonia gracilis (L.) Coëm.,,,,free
1357,floradanica_1357.tif,Usnea plicata (L.) Ach.,1808,J. W. Hornemann,Laver,Digitale Samlinger: Billeder:Særudgivelser:Flora Danica:Hæfte:Hft. 23,,"Usnea barbata [gamma], plicata (L.) Fr.",,,,free
1358,floradanica_1358.tif,Splachnum rubrum L.,1808,J. W. Hornemann,Mosser,Digitale Samlinger: Billeder:Særudgivelser:Flora Danica:Hæfte:Hft. 23,,,,,,free
1359,floradanica_1359.tif,Splachnum luteum L.,1808,J. W. Hornemann,Mosser,Digitale Samlinger: Billeder:Særudgivelser:Flora Danica:Hæfte:Hft. 23,,,,,,free
1360,floradanica_1360.tif,Weissia fugax? Hedw. / Fissidens strumifera (Ehrh.) Hedw.,1808,J. W. Hornemann,Mosser,Digitale Samlinger: Billeder:Særudgivelser:Flora Danica:Hæfte:Hft. 23,,Rhabdoweissia crispata (Dicks.) Lindb.,,,,free
1361,floradanica_1361.tif,Gymnostomum Heimii Hedw. / Splachnum mnioides Hedw.,1808,J. W. Hornemann,Mosser,Digitale Samlinger: Billeder:Særudgivelser:Flora Danica:Hæfte:Hft. 23,,Pottia Heimii (Hedw.) var. aftinis Rab. (fig. rudis).,,,,free
1362,floradanica_1362.tif,Polytrichum arcticum Horn. / Polytrichum piliferum Schreb.,1808,J. W. Hornemann,Mosser,Digitale Samlinger: Billeder:Særudgivelser:Flora Danica:Hæfte:Hft. 23,,Pogonatum alpinum (L.) Röhl.,,,,free
1363,floradanica_1363.tif,Fuligo vaporaria Horn. / Racodium cellare Pers.,1808,J. W. Hornemann,Slimsvampe,Digitale Samlinger: Billeder:Særudgivelser:Flora Danica:Hæfte:Hft. 23,,?,,,,free
1364,floradanica_1364.tif,Arcyria cylindrica Schum. / Arcyria punicea Pers.,1808,J. W. Hornemann,Slimsvampe,Digitale Samlinger: Billeder:Særudgivelser:Flora Danica:Hæfte:Hft. 23,,Stemonitis protracta Fr.,,,,free
1365,floradanica_1365.tif,Cribraria stellata Schum. / Trichia rubiformis Pers.,1808,J. W. Hornemann,Slimsvampe,Digitale Samlinger: Billeder:Særudgivelser:Flora Danica:Hæfte:Hft. 23,,Hemiarcyria rubiformis (Pers.) Rostaf.,,,,free
1366,floradanica_1366.tif,Aecidium Tussilaginis Pers.,1808,J. W. Hornemann,Svampe,Digitale Samlinger: Billeder:Særudgivelser:Flora Danica:Hæfte:Hft. 23,,(ad Pucciniam Poarum P.Niels. pertinens).,,,,free
1367,floradanica_1367.tif,Aecidium Rumicis Horn. / Uredo farinosa Horn.,1808,J. W. Hornemann,Svampe,Digitale Samlinger: Billeder:Særudgivelser:Flora Danica:Hæfte:Hft. 23,,Puccinia Magnusiana Körn.,,,,free
1368,floradanica_1368.tif,Uredo suaceolens Pers.,1808,J. W. Hornemann,Svampe,Digitale Samlinger: Billeder:Særudgivelser:Flora Danica:Hæfte:Hft. 23,,Puccinia suaveolens (Pers.) Rostr.,,,,free
1369,floradanica_1369.tif,"Puccinia mucronata [alfa], Rosae Pers. / Peziza anomala Schum.",1808,J. W. Hornemann,Svampe,Digitale Samlinger: Billeder:Særudgivelser:Flora Danica:Hæfte:Hft. 23,,Phragmidium mucronatum (Pers.) Schldl.,,,,free
1370,floradanica_1370.tif,Agaricus deliquescens Horn.,1808,J. W. Hornemann,Svampe,Digitale Samlinger: Billeder:Særudgivelser:Flora Danica:Hæfte:Hft. 23,,Coprinus atramentarius (Bull.) Fr.,,,,free
1371,floradanica_1371.tif,Agaricus digitalis Batsch?,1808,J. W. Hornemann,Svampe,Digitale Samlinger: Billeder:Særudgivelser:Flora Danica:Hæfte:Hft. 23,,Coprinus digitalis (Batsch) Fr.,,,,free
1372,floradanica_1372.tif,Agaricus olivaceo-fuscus Horn.,1808,J. W. Hornemann,Svampe,Digitale Samlinger: Billeder:Særudgivelser:Flora Danica:Hæfte:Hft. 23,,Agaricus (Armillaria) mucidus Schrad. var. olivaceo-fuscus (Horn.).,,,,free
1373,floradanica_1373.tif,Agaricus aeruginosus Curt.,1808,J. W. Hornemann,Svampe,Digitale Samlinger: Billeder:Særudgivelser:Flora Danica:Hæfte:Hft. 23,,(Stropharia)!,,,,free
1374,floradanica_1374.tif,Hydnum coeruleum Horn.,1808,J. W. Hornemann,Svampe,Digitale Samlinger: Billeder:Særudgivelser:Flora Danica:Hæfte:Hft. 23,,Hydnum suaveolens * coeruleum (Horn.) Fr.,,,,free
1375,floradanica_1375.tif,Hydnum crustosum Schum.,1808,J. W. Hornemann,Svampe,Digitale Samlinger: Billeder:Særudgivelser:Flora Danica:Hæfte:Hft. 23,,Hydnum farinaceum Pers.,,,,free
1376,floradanica_1376.tif,Clavaria pallida Schum.,1808,J. W. Hornemann,Svampe,Digitale Samlinger: Billeder:Særudgivelser:Flora Danica:Hæfte:Hft. 23,,Clavaria mucida Pers.,,,,free
1377,floradanica_1377.tif,Leotia Bulliardi Pers.,1808,J. W. Hornemann,Svampe,Digitale Samlinger: Billeder:Særudgivelser:Flora Danica:Hæfte:Hft. 23,,Mitrula paludosa Fr.,,,,free
1378,floradanica_1378.tif,"Tremella clavariaeformis [beta], Pers. / Leotia(?) tuberculata Horn.",1808,J. W. Hornemann,Svampe,Digitale Samlinger: Billeder:Særudgivelser:Flora Danica:Hæfte:Hft. 23,,Gymnosporangium clavariaeforme (Pers.) DC.,,,,free
1379,floradanica_1379.tif,Peziza marginata Schum. / Peziza tomentosa Schum.,1808,J. W. Hornemann,Svampe,Digitale Samlinger: Billeder:Særudgivelser:Flora Danica:Hæfte:Hft. 23,,Peziza muscorum Holmskj.,,,,free
1380,floradanica_1380.tif,Peziza subulata Schum. / Sclerotium quercinum Schum.,1808,J. W. Hornemann,Svampe,Digitale Samlinger: Billeder:Særudgivelser:Flora Danica:Hæfte:Hft. 23,,Helotium coronatum (Bull.) Karst.,,,,free
1381,floradanica_1381.tif,Eriophorum latifolium Hopp.,1810,J. W. Hornemann,Karplanter,Digitale Samlinger: Billeder:Særudgivelser:Flora Danica:Hæfte:Hft. 24,Cyperaceae,Eriophorum latifolium Hoppe,Kæruld,Halvgræsfamilien,Bredbladet,free
1382,floradanica_1382.tif,Bromus asper L. fil.,1810,J. W. Hornemann,Karplanter,Digitale Samlinger: Billeder:Særudgivelser:Flora Danica:Hæfte:Hft. 24,Poaceae,Bromus ramosus Hudson,Hejre,Græsfamilien,Sildig Skov-,free
1383,floradanica_1383.tif,Bromus erectus Sm.,1810,J. W. Hornemann,Karplanter,Digitale Samlinger: Billeder:Særudgivelser:Flora Danica:Hæfte:Hft. 24,Poaceae,Bromus erectus Hudson,Hejre,Græsfamilien,Opret,free
1384,floradanica_1384.tif,Potamogeton acuminatum Schum.,1810,J. W. Hornemann,Karplanter,Digitale Samlinger: Billeder:Særudgivelser:Flora Danica:Hæfte:Hft. 24,Potamogetonaceae,Potamogeton lucens L.,Vandaks,Vandaksfamilien,Glinsende,free
1385,floradanica_1385.tif,Primula stricta Horn.,1810,J. W. Hornemann,Karplanter,Digitale Samlinger: Billeder:Særudgivelser:Flora Danica:Hæfte:Hft. 24,Primulaceae,Primula stricta Horn.,Kodriver,Kodriverfamilien,Rank,free
1386,floradanica_1386.tif,Juncus campestris L. var. Horn.,1810,J. W. Hornemann,Karplanter,Digitale Samlinger: Billeder:Særudgivelser:Flora Danica:Hæfte:Hft. 24,Juncaceae,Luzula arcuata (Wahlenb.) Swartz ssp. confusa (Lindeb.) ?,Frytle,Sivfamilien,Varde-,free
1387,floradanica_1387.tif,Epilobium nutans Horn.,1810,J. W. Hornemann,Karplanter,Digitale Samlinger: Billeder:Særudgivelser:Flora Danica:Hæfte:Hft. 24,Onagraceae,Epilobium lactiflorum Hausskn.,Dueurt,Natlysfamilien,Mælke-,free
1388,floradanica_1388.tif,Saxifraga caespitosa L.,1810,J. W. Hornemann,Karplanter,Digitale Samlinger: Billeder:Særudgivelser:Flora Danica:Hæfte:Hft. 24,Saxifragaceae,Saxifraga cespitosa L.,Stenbræk,Stenbrækfamilien,Tue-,free
1389,floradanica_1389.tif,Fragaria collina Ehrh.,1810,J. W. Hornemann,Karplanter,Digitale Samlinger: Billeder:Særudgivelser:Flora Danica:Hæfte:Hft. 24,Rosaceae,Fragaria viridis Duchesne,Jordbær,Rosenfamilien,Bakke-,free
1390,floradanica_1390.tif,Potentilla hirsuta Vahl. mscr.,1810,J. W. Hornemann,Karplanter,Digitale Samlinger: Billeder:Særudgivelser:Flora Danica:Hæfte:Hft. 24,Rosaceae,Potentilla vahliana Lehm.,Potentil,Rosenfamilien,Vahls,free
1391,floradanica_1391.tif,Helleborus hyemalis L.,1810,J. W. Hornemann,Karplanter,Digitale Samlinger: Billeder:Særudgivelser:Flora Danica:Hæfte:Hft. 24,Ranunculaceae,Eranthis hyemalis (L.) Salisb.,Erantis,Ranunkelfamilien,,free
1392,floradanica_1392.tif,Cardamine faeroeensis Horn.,1810,J. W. Hornemann,Karplanter,Digitale Samlinger: Billeder:Særudgivelser:Flora Danica:Hæfte:Hft. 24,Brassicaceae,Cardaminopsis petraea (L.) Hiitonen,Sandkarse,Korsblomstfamilien,Klippe-,free
1393,floradanica_1393.tif,Sinapis alba L.,1810,J. W. Hornemann,Karplanter,Digitale Samlinger: Billeder:Særudgivelser:Flora Danica:Hæfte:Hft. 24,Brassicaceae,Sinapis alba L.,Sennep,Korsblomstfamilien,Gul,free
1394,floradanica_1394.tif,Corydalis fabacea (Retz.) Pers.,1810,J. W. Hornemann,Karplanter,Digitale Samlinger: Billeder:Særudgivelser:Flora Danica:Hæfte:Hft. 24,Fumariaceae,Corydalis intermedia (L.) Merat,Lærkespore,Jordrøgfamilien,Liden,free
1395,floradanica_1395.tif,Vicia cassubica L.,1810,J. W. Hornemann,Karplanter,Digitale Samlinger: Billeder:Særudgivelser:Flora Danica:Hæfte:Hft. 24,Fabaceae,Vicia cassubica L.,Vikke,Ærteblomstfamilien,Kassubisk,free
1396,floradanica_1396.tif,Astragalus oroboides Horn.,1810,J. W. Hornemann,Karplanter,Digitale Samlinger: Billeder:Særudgivelser:Flora Danica:Hæfte:Hft. 24,Fabaceae,Astragalus norvegicus Weber,Astragel,Ærteblomstfamilien,Norsk,free
1397,floradanica_1397.tif,Erigeron uniflorus L.,1810,J. W. Hornemann,Karplanter,Digitale Samlinger: Billeder:Særudgivelser:Flora Danica:Hæfte:Hft. 24,Asteraceae,Erigeron uniflorus L.,Bakkestjerne,Kurvblomstfamilien,Sne-,free
1398,floradanica_1398.tif,Ophrys Myodes Jacq.,1810,J. W. Hornemann,Karplanter,Digitale Samlinger: Billeder:Særudgivelser:Flora Danica:Hæfte:Hft. 24,Orchidaceae,Ophrys insectifera L.,Flueblomst,Gøgeurtfamilien,,free
1399,floradanica_1399.tif,Limodorum Epipogium Sw.,1810,J. W. Hornemann,Karplanter,Digitale Samlinger: Billeder:Særudgivelser:Flora Danica:Hæfte:Hft. 24,Orchidaceae,Epipogium aphyllum Swartz,Knælæbe,Gøgeurtfamilien,,free
1400,floradanica_1400.tif,Epipactis pallens Willd.,1810,J. W. Hornemann,Karplanter,Digitale Samlinger: Billeder:Særudgivelser:Flora Danica:Hæfte:Hft. 24,Orchidaceae,Cephalanthera damasonium (Miller) Druce,Skovlilje,Gøgeurtfamilien,Hvidgul,free
1401,floradanica_1401.tif,Carex petraea Wahlenb.,1810,J. W. Hornemann,Karplanter,Digitale Samlinger: Billeder:Særudgivelser:Flora Danica:Hæfte:Hft. 24,Cyperaceae,Carex rupestris All.,Star,Halvgræsfamilien,Klippe-,free
1402,floradanica_1402.tif,Carex microglochin Wahlenb.,1810,J. W. Hornemann,Karplanter,Digitale Samlinger: Billeder:Særudgivelser:Flora Danica:Hæfte:Hft. 24,Cyperaceae,Carex microglochin Wahlenb.,Star,Halvgræsfamilien,Syl-,free
1403,floradanica_1403.tif,Carex loliacea L.,1810,J. W. Hornemann,Karplanter,Digitale Samlinger: Billeder:Særudgivelser:Flora Danica:Hæfte:Hft. 24,Cyperaceae,Carex loliacea L.,Star,Halvgræsfamilien,Finstrået,free
1404,floradanica_1404.tif,Carex tomentosa Horn.,1810,J. W. Hornemann,Karplanter,Digitale Samlinger: Billeder:Særudgivelser:Flora Danica:Hæfte:Hft. 24,Cyperaceae,Carex globularis L.,Star,Halvgræsfamilien,Kugle-,free
1405,floradanica_1405.tif,Carex ornithopoda Willd.,1810,J. W. Hornemann,Karplanter,Digitale Samlinger: Billeder:Særudgivelser:Flora Danica:Hæfte:Hft. 24,Cyperaceae,Carex ornithopoda Willd.,Star,Halvgræsfamilien,Fugle-,free
1406,floradanica_1406.tif,Carex Buxbaumii Willd.,1810,J. W. Hornemann,Karplanter,Digitale Samlinger: Billeder:Særudgivelser:Flora Danica:Hæfte:Hft. 24,Cyperaceae,Carex buxbaumii Wahlenb. ssp. buxbaumii,Star,Halvgræsfamilien,Kølle-,free
1407,floradanica_1407.tif,Carex rotundata Wahlenb.,1810,J. W. Hornemann,Karplanter,Digitale Samlinger: Billeder:Særudgivelser:Flora Danica:Hæfte:Hft. 24,Cyperaceae,Carex rotundata Wahlenb.,Star,Halvgræsfamilien,Rundkapslet,free
1408,floradanica_1408.tif,Carex chordorrhiza Schk.,1810,J. W. Hornemann,Karplanter,Digitale Samlinger: Billeder:Særudgivelser:Flora Danica:Hæfte:Hft. 24,Cyperaceae,Carex chordorrhiza Ehrh.,Star,Halvgræsfamilien,Grenet,free
1409,floradanica_1409.tif,Equisetum hiemale L.,1810,J. W. Hornemann,Karplanter,Digitale Samlinger: Billeder:Særudgivelser:Flora Danica:Hæfte:Hft. 24,Equisetaceae,Equisetum hyemale L.,Skavgræs,Padderokfamilien,,free
1410,floradanica_1410.tif,Phascum patens Hedw.,1810,J. W. Hornemann,Mosser,Digitale Samlinger: Billeder:Særudgivelser:Flora Danica:Hæfte:Hft. 24,,Aphanorrhegma patens (H.) Lindb.,,,,free
1411,floradanica_1411.tif,Phascum serratum Schreb. / Phascum curvicollum Ehrh.,1810,J. W. Hornemann,Mosser,Digitale Samlinger: Billeder:Særudgivelser:Flora Danica:Hæfte:Hft. 24,,Ephemerum serratum (Schreb.) Hampe.,,,,free
1412,floradanica_1412.tif,Tetraphis pellucida (L.) Hedw.,1810,J. W. Hornemann,Mosser,Digitale Samlinger: Billeder:Særudgivelser:Flora Danica:Hæfte:Hft. 24,,Georgia pellucida (L.) Rabenh.,,,,free
1413,floradanica_1413.tif,Splachnum vasculosum L.,1810,J. W. Hornemann,Mosser,Digitale Samlinger: Billeder:Særudgivelser:Flora Danica:Hæfte:Hft. 24,,,,,,free
1414,floradanica_1414.tif,Splachnum fastigiatum Sw.,1810,J. W. Hornemann,Mosser,Digitale Samlinger: Billeder:Særudgivelser:Flora Danica:Hæfte:Hft. 24,,Tetraplodon mnioides var. Breweri (Schrank) Br. et Sch.,,,,free
1415,floradanica_1415.tif,Sphagnum squarrosum Pers.,1810,J. W. Hornemann,Mosser,Digitale Samlinger: Billeder:Særudgivelser:Flora Danica:Hæfte:Hft. 24,,,,,,free
1416,floradanica_1416.tif,Dicranum ambiguum Hedw. / Encalypta ciliata Hedw.,1810,J. W. Hornemann,Mosser,Digitale Samlinger: Billeder:Særudgivelser:Flora Danica:Hæfte:Hft. 24,,Trematodon ambiguus (H.) Hornsch.,,,,free
1417,floradanica_1417.tif,Catharinea hercynica Ehrh.,1810,J. W. Hornemann,Mosser,Digitale Samlinger: Billeder:Særudgivelser:Flora Danica:Hæfte:Hft. 24,,Oligotrichum incurvum (Hedw.) Lindb.,,,,free
1418,floradanica_1418.tif,Polytrichum yuccaefolium (W. et M.).,1810,J. W. Hornemann,Mosser,Digitale Samlinger: Billeder:Særudgivelser:Flora Danica:Hæfte:Hft. 24,,Polytrichum commune L. (Fig. macra).,,,,free
1419,floradanica_1419.tif,Polytrichum gracile Menz.,1810,J. W. Hornemann,Mosser,Digitale Samlinger: Billeder:Særudgivelser:Flora Danica:Hæfte:Hft. 24,,,,,,free
1420,floradanica_1420.tif,Orthotrichum diaphanum Schrad. / Orthotrichum anomalum Hedw.,1810,J. W. Hornemann,Mosser,Digitale Samlinger: Billeder:Særudgivelser:Flora Danica:Hæfte:Hft. 24,,,,,,free
1421,floradanica_1421.tif,Leskea trichomanoides Leyss.,1810,J. W. Hornemann,Mosser,Digitale Samlinger: Billeder:Særudgivelser:Flora Danica:Hæfte:Hft. 24,,Homalia trichomanoides (Schreb.) Brid.,,,,free
1422,floradanica_1422.tif,Cinclidium stygium Sw.,1810,J. W. Hornemann,Mosser,Digitale Samlinger: Billeder:Særudgivelser:Flora Danica:Hæfte:Hft. 24,,,,,,free
1423,floradanica_1423.tif,Hypnum boreale Horn. / Hypnum nutans Web. et M.,1810,J. W. Hornemann,Mosser,Digitale Samlinger: Billeder:Særudgivelser:Flora Danica:Hæfte:Hft. 24,,Bryum pallens Sw. (?),,,,free
1424,floradanica_1424.tif,Hypnum longicollum Web. et M. / Conostomum boreala Sw.,1810,J. W. Hornemann,Mosser,Digitale Samlinger: Billeder:Særudgivelser:Flora Danica:Hæfte:Hft. 24,,Webera longicollis (Sw.) Hedw.,,,,free
1425,floradanica_1425.tif,Encalypta affinis Hedw.,1810,J. W. Hornemann,Mosser,Digitale Samlinger: Billeder:Særudgivelser:Flora Danica:Hæfte:Hft. 24,,Encalypta alpina Sm.,,,,free
1426,floradanica_1426.tif,Marchantia pilosa Horn.,1810,J. W. Hornemann,Mosser,Digitale Samlinger: Billeder:Særudgivelser:Flora Danica:Hæfte:Hft. 24,,Grimaldia pilosa (Horn.) Lindb.,,,,free
1427,floradanica_1427.tif,Marchantia polymorpha L.,1810,J. W. Hornemann,Mosser,Digitale Samlinger: Billeder:Særudgivelser:Flora Danica:Hæfte:Hft. 24,,,,,,free
1428,floradanica_1428.tif,Jungermannia pinguís L.,1810,J. W. Hornemann,Mosser,Digitale Samlinger: Billeder:Særudgivelser:Flora Danica:Hæfte:Hft. 24,,Aneura pinguis (L.) Dmrt.,,,,free
1429,floradanica_1429.tif,Ulva olivacea Horn.,1810,J. W. Hornemann,Alger,Digitale Samlinger: Billeder:Særudgivelser:Flora Danica:Hæfte:Hft. 24,,"Echinella olivacea Lgb. Hydroph. p. 209, tab. 70.",,,,free
1430,floradanica_1430.tif,Peltidea polaris Ach.,1810,J. W. Hornemann,Laver,Digitale Samlinger: Billeder:Særudgivelser:Flora Danica:Hæfte:Hft. 24,,Nephroma arcticum (L.) Schär.,,,,free
1431,floradanica_1431.tif,Lecidea flavo-coerulescens Horn. / Lecidea silacea Ach.,1810,J. W. Hornemann,Laver,Digitale Samlinger: Billeder:Særudgivelser:Flora Danica:Hæfte:Hft. 24,,"Buellia myriocarpa [alfa], punctiformis (Hffm.) Mudd.",,,,free
1432,floradanica_1432.tif,Urceolaria cinerea Ach.? / Lecidea albocoerulescens Ach.?,1810,J. W. Hornemann,Laver,Digitale Samlinger: Billeder:Særudgivelser:Flora Danica:Hæfte:Hft. 24,,Aspicilia cinerea (Ach.) Körb.,,,,free
1433,floradanica_1433.tif,Geaster (Geastrum) refescens (Pers.) Fr.,1810,J. W. Hornemann,Svampe,Digitale Samlinger: Billeder:Særudgivelser:Flora Danica:Hæfte:Hft. 24,,,,,,free
1434,floradanica_1434.tif,Physarum aurantium Schum. / Physarum tigrinum Schrad.,1810,J. W. Hornemann,Slimsvampe,Digitale Samlinger: Billeder:Særudgivelser:Flora Danica:Hæfte:Hft. 24,,Physarum nutans Pers. (statu juniore).,,,,free
1435,floradanica_1435.tif,Aecidium Majanthae Schum.,1810,J. W. Hornemann,Svampe,Digitale Samlinger: Billeder:Særudgivelser:Flora Danica:Hæfte:Hft. 24,,Aecidium Convallariae Schum.,,,,free
1436,floradanica_1436.tif,Uredo Alchemillae Pers.,1810,J. W. Hornemann,Svampe,Digitale Samlinger: Billeder:Særudgivelser:Flora Danica:Hæfte:Hft. 24,,Uromyces Alchemillae (Pers.) DC.,,,,free
1437,floradanica_1437.tif,Uredo Caricis Pers. / Peziza scutellata L.,1810,J. W. Hornemann,Svampe,Digitale Samlinger: Billeder:Særudgivelser:Flora Danica:Hæfte:Hft. 24,,Ustilago Caricis (Pers.),,,,free
1438,floradanica_1438.tif,Agaricus tubaeformis Pers.,1810,J. W. Hornemann,Svampe,Digitale Samlinger: Billeder:Særudgivelser:Flora Danica:Hæfte:Hft. 24,,Lentinus lepideus Fr. monstr.,,,,free
1439,floradanica_1439.tif,Hydnum aurantiacum Alb. et Schw.,1810,J. W. Hornemann,Svampe,Digitale Samlinger: Billeder:Særudgivelser:Flora Danica:Hæfte:Hft. 24,,,,,,free
1440,floradanica_1440.tif,Peziza lutescens Pers. / Peziza virginea Pers.,1810,J. W. Hornemann,Svampe,Digitale Samlinger: Billeder:Særudgivelser:Flora Danica:Hæfte:Hft. 24,,Helotium lutescens (Pers.) Fr.,,,,free
1441,floradanica_1441.tif,Eriophorum triquetrum Schrad.,1813,J. W. Hornemann,Karplanter,Digitale Samlinger: Billeder:Særudgivelser:Flora Danica:Hæfte:Hft. 25,Cyperaceae,Eriophorum gracile Koch ex Roth,Kæruld,Halvgræsfamilien,Fin,free
1442,floradanica_1442.tif,Eriophorum angustifolium Roth.,1813,J. W. Hornemann,Karplanter,Digitale Samlinger: Billeder:Særudgivelser:Flora Danica:Hæfte:Hft. 25,Cyperaceae,Eriophorum angustifolium Honckeny ssp. angustifolium,Kæruld,Halvgræsfamilien,Smalbladet,free
1443,floradanica_1443.tif,Agrostis (Trichodium) canina L.,1813,J. W. Hornemann,Karplanter,Digitale Samlinger: Billeder:Særudgivelser:Flora Danica:Hæfte:Hft. 25,Poaceae,Agrostis canina L. s.l.,Hvene,Græsfamilien,,free
1444,floradanica_1444.tif,Poa trivialis Horn.,1813,J. W. Hornemann,Karplanter,Digitale Samlinger: Billeder:Særudgivelser:Flora Danica:Hæfte:Hft. 25,Poaceae,Poa pratensis L.,Rapgræs,Græsfamilien,Eng-,free
1445,floradanica_1445.tif,Festuca bromoides Smith.,1813,J. W. Hornemann,Karplanter,Digitale Samlinger: Billeder:Særudgivelser:Flora Danica:Hæfte:Hft. 25,Poaceae,Vulpia bromoides (L.) S. F. Gray,Væselhale,Græsfamilien,Langstakket,free
1446,floradanica_1446.tif,Bromus secalinus L.,1813,J. W. Hornemann,Karplanter,Digitale Samlinger: Billeder:Særudgivelser:Flora Danica:Hæfte:Hft. 25,Poaceae,Bromus secalinus L.,Hejre,Græsfamilien,Rug-,free
1447,floradanica_1447.tif,Triticum caninum Schrad. (Elymus L.),1813,J. W. Hornemann,Karplanter,Digitale Samlinger: Billeder:Særudgivelser:Flora Danica:Hæfte:Hft. 25,Poaceae,Roegneria canina (L.) Nevski,Hundekvik,Græsfamilien,Almindelig,free
1448,floradanica_1448.tif,Dipsacus pilosus L.,1813,J. W. Hornemann,Karplanter,Digitale Samlinger: Billeder:Særudgivelser:Flora Danica:Hæfte:Hft. 25,Dipsacaceae,Dipsacus pilosus L.,Kartebolle,Kartebollefamilien,Håret,free
1449,floradanica_1449.tif,Potamogeton coloratus Horn.,1813,J. W. Hornemann,Karplanter,Digitale Samlinger: Billeder:Særudgivelser:Flora Danica:Hæfte:Hft. 25,Potamogetonaceae,Potamogeton coloratus Hornem.,Vandaks,Vandaksfamilien,Vejbred-,free
1450,floradanica_1450.tif,Potamogeton fluitans Horn.,1813,J. W. Hornemann,Karplanter,Digitale Samlinger: Billeder:Særudgivelser:Flora Danica:Hæfte:Hft. 25,Potamogetonaceae,Potamogeton alpinus Balb.,Vandaks,Vandaksfamilien,Rust-,free
1451,floradanica_1451.tif,Potamogeton pusillus L.,1813,J. W. Hornemann,Karplanter,Digitale Samlinger: Billeder:Særudgivelser:Flora Danica:Hæfte:Hft. 25,Potamogetonaceae,Potamogeton panormitanus Biv.,Vandaks,Vandaksfamilien,Spinkel,free
1452,floradanica_1452.tif,Hyoscyamus niger L.,1813,J. W. Hornemann,Karplanter,Digitale Samlinger: Billeder:Særudgivelser:Flora Danica:Hæfte:Hft. 25,Solanaceae,Hyoscyamus niger L.,Bulmeurt,Natskyggefamilien,,free
1453,floradanica_1453.tif,Viola canina Horn.,1813,J. W. Hornemann,Karplanter,Digitale Samlinger: Billeder:Særudgivelser:Flora Danica:Hæfte:Hft. 25,Violaceae,Viola riviniana Reichenb.,Viol,Violfamilien,Krat-,free
1454,floradanica_1454.tif,Oenanthe pimpinelloides Horn.,1813,J. W. Hornemann,Karplanter,Digitale Samlinger: Billeder:Særudgivelser:Flora Danica:Hæfte:Hft. 25,Apiaceae,Oenanthe lachenalii C.C.Gmelin,Klaseskærm,Skærmblomstfamilien,Eng-,free
1455,floradanica_1455.tif,Allium Scorodoprasum L.,1813,J. W. Hornemann,Karplanter,Digitale Samlinger: Billeder:Særudgivelser:Flora Danica:Hæfte:Hft. 25,Liliaceae,Allium scorodoprasum L.,Løg,Liljefamilien,Skov-,free
1456,floradanica_1456.tif,Allium oleraceum L.,1813,J. W. Hornemann,Karplanter,Digitale Samlinger: Billeder:Særudgivelser:Flora Danica:Hæfte:Hft. 25,Liliaceae,Allium oleraceum L.,Løg,Liljefamilien,Vild,free
1457,floradanica_1457.tif,Sedum acre L.,1813,J. W. Hornemann,Karplanter,Digitale Samlinger: Billeder:Særudgivelser:Flora Danica:Hæfte:Hft. 25,Crassulaceae,Sedum acre L.,Stenurt,Stenurtfamilien,Bidende,free
1458,floradanica_1458.tif,Rosa villosa Horn.,1813,J. W. Hornemann,Karplanter,Digitale Samlinger: Billeder:Særudgivelser:Flora Danica:Hæfte:Hft. 25,Rosaceae,Rosa sp.,Rose,Rosenfamilien,,free
1459,floradanica_1459.tif,Ranunculus Philonotis Ehrh.,1813,J. W. Hornemann,Karplanter,Digitale Samlinger: Billeder:Særudgivelser:Flora Danica:Hæfte:Hft. 25,Ranunculaceae,Ranunculus sardous Crantz,Ranunkel,Ranunkelfamilien,Stivhåret,free
1460,floradanica_1460.tif,Draba aurea Vahl.,1813,J. W. Hornemann,Karplanter,Digitale Samlinger: Billeder:Særudgivelser:Flora Danica:Hæfte:Hft. 25,Brassicaceae,Draba aurea M.Vahl.,Draba,Korsblomstfamilien,Sol-,free
1461,floradanica_1461.tif,Alyssum incanum L.,1813,J. W. Hornemann,Karplanter,Digitale Samlinger: Billeder:Særudgivelser:Flora Danica:Hæfte:Hft. 25,Brassicaceae,Berteroa incana (L.) DC.,Kløvplade,Korsblomstfamilien,,free
1462,floradanica_1462.tif,Cardamine hastulata Sowerb.,1813,J. W. Hornemann,Karplanter,Digitale Samlinger: Billeder:Særudgivelser:Flora Danica:Hæfte:Hft. 25,Brassicaceae,Cardaminopsis petraea (L.) Hiitonen,Sandkarse,Korsblomstfamilien,Klippe-,free
1463,floradanica_1463.tif,Lathyrus tuberosus L.,1813,J. W. Hornemann,Karplanter,Digitale Samlinger: Billeder:Særudgivelser:Flora Danica:Hæfte:Hft. 25,Fabaceae,Lathyrus tuberosus L.,Fladbælg,Ærteblomstfamilien,Knold-,free
1464,floradanica_1464.tif,Vicia dumetorum L.,1813,J. W. Hornemann,Karplanter,Digitale Samlinger: Billeder:Særudgivelser:Flora Danica:Hæfte:Hft. 25,Fabaceae,Vicia dumetorum L.,Vikke,Ærteblomstfamilien,Krat-,free
1465,floradanica_1465.tif,Carex cyperoides L.,1813,J. W. Hornemann,Karplanter,Digitale Samlinger: Billeder:Særudgivelser:Flora Danica:Hæfte:Hft. 25,Cyperaceae,Carex bohemica Schreber,Star,Halvgræsfamilien,Fladaks-,free
1466,floradanica_1466.tif,Carex digitata L.,1813,J. W. Hornemann,Karplanter,Digitale Samlinger: Billeder:Særudgivelser:Flora Danica:Hæfte:Hft. 25,Cyperaceae,Carex digitata L.,Star,Halvgræsfamilien,Finger-,free
1467,floradanica_1467.tif,Betula alba L.,1813,J. W. Hornemann,Karplanter,Digitale Samlinger: Billeder:Særudgivelser:Flora Danica:Hæfte:Hft. 25,Betulaceae,Betula pubescens Ehrh.,Birk,Birkefamilien,Dun-,free
1468,floradanica_1468.tif,Corylus Avellana L.,1813,J. W. Hornemann,Karplanter,Digitale Samlinger: Billeder:Særudgivelser:Flora Danica:Hæfte:Hft. 25,Corylaceae,Corylus avellana L.,Hassel,Hasselfamilien,,free
1469,floradanica_1469.tif,Equisetum Telmateja Ehrh.,1813,J. W. Hornemann,Karplanter,Digitale Samlinger: Billeder:Særudgivelser:Flora Danica:Hæfte:Hft. 25,Equisetaceae,Equisetum telmateia Ehrh.,Padderok,Padderokfamilien,Elfenbens-,free
1470,floradanica_1470.tif,Leskea elongata Web. et M.,1813,J. W. Hornemann,Mosser,Digitale Samlinger: Billeder:Særudgivelser:Flora Danica:Hæfte:Hft. 25,,Webera elongata (Hedw.) Br. et Sch. (Pohlia Hedw.),,,,free
1471,floradanica_1471.tif,Meesia dealbata Sw. / Meesia uliginosa Web. et M.,1813,J. W. Hornemann,Mosser,Digitale Samlinger: Billeder:Særudgivelser:Flora Danica:Hæfte:Hft. 25,,Amblyodon dealbatus (Dicks.) P. B.,,,,free
1472,floradanica_1472.tif,"Spiloma tumidulum Ach. / Lecidea Ehrhartiana [beta], polytropa Ach.",1813,J. W. Hornemann,Laver,Digitale Samlinger: Billeder:Særudgivelser:Flora Danica:Hæfte:Hft. 25,,Arthonia cinnabarina Wallr.(?),,,,free
1473,floradanica_1473.tif,"Lecidea parasema [epsilon], punctata Ach. / Lecidea sanguinaria Ach.",1813,J. W. Hornemann,Laver,Digitale Samlinger: Billeder:Særudgivelser:Flora Danica:Hæfte:Hft. 25,,Lecidea elaeochroma var. achrista Smrf.(?),,,,free
1474,floradanica_1474.tif,Gyrophora hyperborea (Hffm.) Ach.,1813,J. W. Hornemann,Laver,Digitale Samlinger: Billeder:Særudgivelser:Flora Danica:Hæfte:Hft. 25,,,,,,free
1475,floradanica_1475.tif,Collema Burgessii Ach.,1813,J. W. Hornemann,Laver,Digitale Samlinger: Billeder:Særudgivelser:Flora Danica:Hæfte:Hft. 25,,Collema tenax Ach.,,,,free
1476,floradanica_1476.tif,Fucus Brodiaei Turn.,1813,J. W. Hornemann,Alger,Digitale Samlinger: Billeder:Særudgivelser:Flora Danica:Hæfte:Hft. 25,,Phyllophora Brodiaei (Turn.) J. Ag.,,,,free
1477,floradanica_1477.tif,Fucus Bangii Horn.,1813,J. W. Hornemann,Alger,Digitale Samlinger: Billeder:Særudgivelser:Flora Danica:Hæfte:Hft. 25,,Phyllophora Bangii (Horn.) Fries (Sphaerococcus Ag.).,,,,free
1478,floradanica_1478.tif,Fucus pinnatifidus Turn.,1813,J. W. Hornemann,Alger,Digitale Samlinger: Billeder:Særudgivelser:Flora Danica:Hæfte:Hft. 25,,Laurencia pinnatifida (Turn.) Lmrx.,,,,free
1479,floradanica_1479.tif,Fucus scorpioides Horn.,1813,J. W. Hornemann,Alger,Digitale Samlinger: Billeder:Særudgivelser:Flora Danica:Hæfte:Hft. 25,,Ascophyllum nodosum (L.) le Jol. var. scorpioides J. Ag.,,,,free
1480,floradanica_1480.tif,Ulva compressa L. / Ulva filiformis Huds.,1813,J. W. Hornemann,Alger,Digitale Samlinger: Billeder:Særudgivelser:Flora Danica:Hæfte:Hft. 25,,Enteromorpha compressa (L.) Link.,,,,free
1481,floradanica_1481.tif,Ceramium pennatum Roth.,1813,J. W. Hornemann,Alger,Digitale Samlinger: Billeder:Særudgivelser:Flora Danica:Hæfte:Hft. 25,,Chaetopteris plumosa (Lgb.) Kütz.,,,,free
1482,floradanica_1482.tif,Ceramium virgatum Roth.,1813,J. W. Hornemann,Alger,Digitale Samlinger: Billeder:Særudgivelser:Flora Danica:Hæfte:Hft. 25,,Ceramium rubrum (Huds.) Ag.,,,,free
1483,floradanica_1483.tif,Conferva Melagonium Web. et M. / Prolifera vesicata Vauch.,1813,J. W. Hornemann,Alger,Digitale Samlinger: Billeder:Særudgivelser:Flora Danica:Hæfte:Hft. 25,,Chaetomorpha Linum (F.D.) Kütz.(?),,,,free
1484,floradanica_1484.tif,Conferva confervicola Dillw. / Conferva fucicola Dillw.,1813,J. W. Hornemann,Alger,Digitale Samlinger: Billeder:Særudgivelser:Flora Danica:Hæfte:Hft. 25,,Calothrix confervicola (Dillw.) Ag.,,,,free
1485,floradanica_1485.tif,Conferva Chthonoplastes Mert.,1813,J. W. Hornemann,Alger,Digitale Samlinger: Billeder:Særudgivelser:Flora Danica:Hæfte:Hft. 25,,"Microcoleus Chthonoplastes (Mert.) Thur. (Oscillatoria Hf. Bang, Lgb.).",,,,free
1486,floradanica_1486.tif,Conferva mutabilis Roth. / Conferva cirrhosa Roth.,1813,J. W. Hornemann,Alger,Digitale Samlinger: Billeder:Særudgivelser:Flora Danica:Hæfte:Hft. 25,,Draparnaldia plumosa (Vauch.) Ag.,,,,free
1487,floradanica_1487.tif,Conferva flocculosa Roth. / Ceramium tomentosum Roth.,1813,J. W. Hornemann,Alger,Digitale Samlinger: Billeder:Særudgivelser:Flora Danica:Hæfte:Hft. 25,,Tabellaria flocculosa (Roth.) Kütz.(?),,,,free
1488,floradanica_1488.tif,Rivularia dura Roth. / Rivularia endiviaefolia Rth.,1813,J. W. Hornemann,Alger,Digitale Samlinger: Billeder:Særudgivelser:Flora Danica:Hæfte:Hft. 25,,Gloeotrichia Pisum (Ag.) Thur.,,,,free
1489,floradanica_1489.tif,Ulva furfuracea Mert.,1813,J. W. Hornemann,Alger,Digitale Samlinger: Billeder:Særudgivelser:Flora Danica:Hæfte:Hft. 25,,Prasiola furfuracea (Mert.) Menegh.,,,,free
1490,floradanica_1490.tif,Cyathus Crucibulum (Pers.) Horn. / Peziza callosa Schum.,1813,J. W. Hornemann,Svampe,Digitale Samlinger: Billeder:Særudgivelser:Flora Danica:Hæfte:Hft. 25,,Cyathus Crucibulum Hoffm.,,,,free
1491,floradanica_1491.tif,Sphaeria appendiculata Schum. / Sphaeria coccinea Pers.,1813,J. W. Hornemann,Svampe,Digitale Samlinger: Billeder:Særudgivelser:Flora Danica:Hæfte:Hft. 25,,Nectria Ribis (Tod.).,,,,free
1492,floradanica_1492.tif,Sclerotium fasciculatum Schum.,1813,J. W. Hornemann,Svampe,Digitale Samlinger: Billeder:Særudgivelser:Flora Danica:Hæfte:Hft. 25,,"Non vegetabile, sed gallae Insecti (Neuropterus Malpighii Hartig).",,,,free
1493,floradanica_1493.tif,Physarum connatum var. sessilis Sch. / Lycogala plumbea Schum.,1813,J. W. Hornemann,Slimsvampe,Digitale Samlinger: Billeder:Særudgivelser:Flora Danica:Hæfte:Hft. 25,,Physarum album Fr.(?),,,,free
1494,floradanica_1494.tif,Arcyria atra Schum.,1813,J. W. Hornemann,Slimsvampe,Digitale Samlinger: Billeder:Særudgivelser:Flora Danica:Hæfte:Hft. 25,,Enerthenema papillata (Pers.) Cooke.,,,,free
1495,floradanica_1495.tif,Trichoderma viride Schum.,1813,J. W. Hornemann,Svampe,Digitale Samlinger: Billeder:Særudgivelser:Flora Danica:Hæfte:Hft. 25,,Hypocreae rufae status conidiifer Rostr.,,,,free
1496,floradanica_1496.tif,Agaricus Vahlii Schum.,1813,J. W. Hornemann,Svampe,Digitale Samlinger: Billeder:Særudgivelser:Flora Danica:Hæfte:Hft. 25,,Agaricus (Pholiota) aureus Mattuschk. var. Vahlii Fr.,,,,free
1497,floradanica_1497.tif,Agaricus repandus Schum.,1813,J. W. Hornemann,Svampe,Digitale Samlinger: Billeder:Særudgivelser:Flora Danica:Hæfte:Hft. 25,,Agaricus (Hebeloma) sinapizans Fr. var.,,,,free
1498,floradanica_1498.tif,Agaricus galericulatus Schum.,1813,J. W. Hornemann,Svampe,Digitale Samlinger: Billeder:Særudgivelser:Flora Danica:Hæfte:Hft. 25,,Agaricus (Mycena) polygrammus Bull.,,,,free
1499,floradanica_1499.tif,Agaricus picaceus Pers.,1813,J. W. Hornemann,Svampe,Digitale Samlinger: Billeder:Særudgivelser:Flora Danica:Hæfte:Hft. 25,,Coprinus picaceus (Bull) Fr.,,,,free
1500,floradanica_1500.tif,Hydnum imbricatum L.,1813,J. W. Hornemann,Svampe,Digitale Samlinger: Billeder:Særudgivelser:Flora Danica:Hæfte:Hft. 25,,,,,,free
1501,floradanica_1501.tif,"Zostera marina [beta], augustifolia Horn.",1816,J. W. Hornemann,Karplanter,Digitale Samlinger: Billeder:Særudgivelser:Flora Danica:Hæfte:Hft. 26,Zosteraceae,Zostera angustifolia (Hornem.) Reichenb.,Bændeltang,Bændeltangfamlien,Smalbladet,free
1502,floradanica_1502.tif,Eriophorum Scheuchzeri Hopp.,1816,J. W. Hornemann,Karplanter,Digitale Samlinger: Billeder:Særudgivelser:Flora Danica:Hæfte:Hft. 26,Cyperaceae,Eriophorum scheuchzeri Hoppe,Kæruld,Halvgræsfamilien,Polar-,free
1503,floradanica_1503.tif,Schoenus ferrugineus L.,1816,J. W. Hornemann,Karplanter,Digitale Samlinger: Billeder:Særudgivelser:Flora Danica:Hæfte:Hft. 26,Cyperaceae,Schoenus ferrugineus L.,Skæne,Halvgræsfamilien,Rust-,free
1504,floradanica_1504.tif,Scirpus rufus Schrad. (Schoenus Sm.),1816,J. W. Hornemann,Karplanter,Digitale Samlinger: Billeder:Særudgivelser:Flora Danica:Hæfte:Hft. 26,Cyperaceae,Blysmus rufus (Hudson) Link,Kogleaks,Halvgræsfamilien,Rødbrun,free
1505,floradanica_1505.tif,Agrostis algida (Sol.) Wahlenb.,1816,J. W. Hornemann,Karplanter,Digitale Samlinger: Billeder:Særudgivelser:Flora Danica:Hæfte:Hft. 26,Poaceae,Phippsia algida (Sol.) R.Br.,Snegræs,Græsfamilien,Almindelig,free
1506,floradanica_1506.tif,Sessleria coerulea (L.) Ard.,1816,J. W. Hornemann,Karplanter,Digitale Samlinger: Billeder:Særudgivelser:Flora Danica:Hæfte:Hft. 26,Poaceae,Sesleria caerulea (L.) Ard.,Blåaks,Græsfamilien,Kalk-,free
1507,floradanica_1507.tif,Avena flavescens L.,1816,J. W. Hornemann,Karplanter,Digitale Samlinger: Billeder:Særudgivelser:Flora Danica:Hæfte:Hft. 26,Poaceae,Trisetum flavescens (L.) Beauv.,Guldhavre,Græsfamilien,Almindelig,free
1508,floradanica_1508.tif,Holcus alpinus Sw.,1816,J. W. Hornemann,Karplanter,Digitale Samlinger: Billeder:Særudgivelser:Flora Danica:Hæfte:Hft. 26,Poaceae,Hierochloë alpina (Willd.) Roemer & Schultes,Festgræs,Græsfamilien,Fjeld-,free
1509,floradanica_1509.tif,Galium ulignosum L.,1816,J. W. Hornemann,Karplanter,Digitale Samlinger: Billeder:Særudgivelser:Flora Danica:Hæfte:Hft. 26,Rubiaceae,Galium uliginosum L.,Snerre,Krapfamilien,Sump-,free
1510,floradanica_1510.tif,Tillaea prostrata Horn.(T.aquatica Schk.),1816,J. W. Hornemann,Karplanter,Digitale Samlinger: Billeder:Særudgivelser:Flora Danica:Hæfte:Hft. 26,Crassulaceae,Crassula aquatica (L.) Schönl.,Korsarve,Stenurtfamilien,,free
1511,floradanica_1511.tif,Primula egaliksensis Wormskj.,1816,J. W. Hornemann,Karplanter,Digitale Samlinger: Billeder:Særudgivelser:Flora Danica:Hæfte:Hft. 26,Primulaceae,Primula egaliksensis Wormsk.,Kodriver,Kodriverfamilien,Grønlandsk,free
1512,floradanica_1512.tif,Campanula uniflora L.,1816,J. W. Hornemann,Karplanter,Digitale Samlinger: Billeder:Særudgivelser:Flora Danica:Hæfte:Hft. 26,Campanulaceae,Campanula uniflora L.,Klokke,Klokkefamilien,Enblomstret,free
1513,floradanica_1513.tif,Laserpitium latifolium L.,1816,J. W. Hornemann,Karplanter,Digitale Samlinger: Billeder:Særudgivelser:Flora Danica:Hæfte:Hft. 26,Apiaceae,Laserpitium latifolium L.,Foldfrø,Skærmblomstfamilien,Bredbladet,free
1514,floradanica_1514.tif,Sium repens L.,1816,J. W. Hornemann,Karplanter,Digitale Samlinger: Billeder:Særudgivelser:Flora Danica:Hæfte:Hft. 26,Apiaceae,Apium repens (Jacq.) Lag.,Sumpskærm,Skærmblomstfamilien,Krybende,free
1515,floradanica_1515.tif,Uvularia amplexifolia L. (Streptopus distortus Michx.).,1816,J. W. Hornemann,Karplanter,Digitale Samlinger: Billeder:Særudgivelser:Flora Danica:Hæfte:Hft. 26,Liliaceae,Streptopus amplexifolius (L.) DC.,Fjeldkonval,Liljefamilien,,free
1516,floradanica_1516.tif,Vaccinium pubescens Wormskj.,1816,J. W. Hornemann,Karplanter,Digitale Samlinger: Billeder:Særudgivelser:Flora Danica:Hæfte:Hft. 26,Ericaceae,Vaccinium uliginosum L. ssp. alpinum (Bigelow) Hultén,Mosebølle,Lyngfamilien,Småbladet,free
1517,floradanica_1517.tif,Saxifraga tridactylites L.,1816,J. W. Hornemann,Karplanter,Digitale Samlinger: Billeder:Særudgivelser:Flora Danica:Hæfte:Hft. 26,Saxifragaceae,Saxifraga tridactylites L.,Stenbræk,Stenbrækfamilien,Trekløft-,free
1518,floradanica_1518.tif,Arenaria Gieseckii Horn.,1816,J. W. Hornemann,Karplanter,Digitale Samlinger: Billeder:Særudgivelser:Flora Danica:Hæfte:Hft. 26,Caryophyllaceae,Minuartia rubella (Wahlenb.) Hiern.,Norel,Nellikefamilien,Rødlig,free
1519,floradanica_1519.tif,Coptis trifolia Salisb. (Helleborus L.).,1816,J. W. Hornemann,Karplanter,Digitale Samlinger: Billeder:Særudgivelser:Flora Danica:Hæfte:Hft. 26,Ranunculaceae,Coptis trifolia (L.) Salisb.,Gyldentråd,Ranunkelfamilien,,free
1520,floradanica_1520.tif,Alyssum arcticum Wormskj.,1816,J. W. Hornemann,Karplanter,Digitale Samlinger: Billeder:Særudgivelser:Flora Danica:Hæfte:Hft. 26,Brassicaceae,Lesquerella arctica (Wormsk.) S. Watson,Kugleskulpe,Korsblomstfamilien,Arktisk,free
1521,floradanica_1521.tif,Lotus uliginosus Schk.,1816,J. W. Hornemann,Karplanter,Digitale Samlinger: Billeder:Særudgivelser:Flora Danica:Hæfte:Hft. 26,Fabaceae,Lotus uliginosus Schkuhr ssp. uliginosus,Kællingetand,Ærteblomstfamilien,Sump-,free
1522,floradanica_1522.tif,Picris hieracioides L.,1816,J. W. Hornemann,Karplanter,Digitale Samlinger: Billeder:Særudgivelser:Flora Danica:Hæfte:Hft. 26,Asteraceae,Picris hieracioides L.,Bittermælk,Kurvblomstfamilien,Ru,free
1523,floradanica_1523.tif,Apargia Taraxaci (L.) Sm.,1816,J. W. Hornemann,Karplanter,Digitale Samlinger: Billeder:Særudgivelser:Flora Danica:Hæfte:Hft. 26,Asteraceae,Leontodon autumnalis L. var. taraxaci (Sm.)?,Borst,Kurvblomstfamilien,Nordlig,free
1524,floradanica_1524.tif,Arnica angustifolia Vahl.,1816,J. W. Hornemann,Karplanter,Digitale Samlinger: Billeder:Særudgivelser:Flora Danica:Hæfte:Hft. 26,Asteraceae,Arnica angustifolia M. Vahl in Hornem.,Guldblomme,Kurvblomstfamilien,Arktisk,free
1525,floradanica_1525.tif,Malaxis monophylla Sw. (Ophrys L.).,1816,J. W. Hornemann,Karplanter,Digitale Samlinger: Billeder:Særudgivelser:Flora Danica:Hæfte:Hft. 26,Orchidaceae,Malaxis monophyllos (L.) Swartz,Hjertelæbe,Gøgeurtfamilien,Enbladet,free
1526,floradanica_1526.tif,Carex muricata L. (?),1816,J. W. Hornemann,Karplanter,Digitale Samlinger: Billeder:Særudgivelser:Flora Danica:Hæfte:Hft. 26,Cyperaceae,Carex sp.,Star,Halvgræsfamilien,,free
1527,floradanica_1527.tif,Carex praecox Jacq.,1816,J. W. Hornemann,Karplanter,Digitale Samlinger: Billeder:Særudgivelser:Flora Danica:Hæfte:Hft. 26,Cyperaceae,Carex caryophyllea Latourr.,Star,Halvgræsfamilien,Vår-,free
1528,floradanica_1528.tif,Carex Wormskjoldiana Horn.,1816,J. W. Hornemann,Karplanter,Digitale Samlinger: Billeder:Særudgivelser:Flora Danica:Hæfte:Hft. 26,Cyperaceae,Carex scirpoidea Michx.,Star,Halvgræsfamilien,Kolbe-,free
1529,floradanica_1529.tif,Carex Bellardi All. (Kobresia scirpina) Horn.,1816,J. W. Hornemann,Karplanter,Digitale Samlinger: Billeder:Særudgivelser:Flora Danica:Hæfte:Hft. 26,Cyperaceae,Carex gynocrates Wormskj.,Star,Halvgræsfamilien,Fåhannet,free
1530,floradanica_1530.tif,Carex subspathacea Wormskj.,1816,J. W. Hornemann,Karplanter,Digitale Samlinger: Billeder:Særudgivelser:Flora Danica:Hæfte:Hft. 26,Cyperaceae,Carex subspathacea Wormsk.,Star,Halvgræsfamilien,Hylster-,free
1531,floradanica_1531.tif,Sphagnum acutifolium Web. et M.,1816,J. W. Hornemann,Mosser,Digitale Samlinger: Billeder:Særudgivelser:Flora Danica:Hæfte:Hft. 26,,,,,,free
1532,floradanica_1532.tif,Gymnostomum Hedwigia Web. et M.,1816,J. W. Hornemann,Mosser,Digitale Samlinger: Billeder:Særudgivelser:Flora Danica:Hæfte:Hft. 26,,Hedwigia ciliata (Dicks.) Ehrh.,,,,free
1533,floradanica_1533.tif,Dicranum undulatum Ehrh. / Dicranum flagellare Horn.,1816,J. W. Hornemann,Mosser,Digitale Samlinger: Billeder:Særudgivelser:Flora Danica:Hæfte:Hft. 26,,Dicranum fuscescens Turn. var. flexicaulis (Brid.).,,,,free
1534,floradanica_1534.tif,Bryum carneum L. / Weissia acuta Hedw.,1816,J. W. Hornemann,Mosser,Digitale Samlinger: Billeder:Særudgivelser:Flora Danica:Hæfte:Hft. 26,,Webera carnea (L.) Schimp.?,,,,free
1535,floradanica_1535.tif,Bryum turbinatum Sw.,1816,J. W. Hornemann,Mosser,Digitale Samlinger: Billeder:Særudgivelser:Flora Danica:Hæfte:Hft. 26,,Bryum bimum Schreb. (v. Bryum pallens Sw.)?,,,,free
1536,floradanica_1536.tif,Hypnum Seligeri Brid.,1816,J. W. Hornemann,Mosser,Digitale Samlinger: Billeder:Særudgivelser:Flora Danica:Hæfte:Hft. 26,,Plagiothecium striatellum (Brid.) Lindb.,,,,free
1537,floradanica_1537.tif,Lecanora candelaria Horn.,1816,J. W. Hornemann,Laver,Digitale Samlinger: Billeder:Særudgivelser:Flora Danica:Hæfte:Hft. 26,,"Xanthoria lychnea [alfa], pygmea Th. Fr.? Thallus sterilis.",,,,free
1538,floradanica_1538.tif,"Lecidea luteo-alba [gamma], pyracea Ach. / Verrucaria glabrata Ach.?",1816,J. W. Hornemann,Laver,Digitale Samlinger: Billeder:Særudgivelser:Flora Danica:Hæfte:Hft. 26,,Caloplaca pyracea (Ach.) Th. Fr.,,,,free
1539,floradanica_1539.tif,Patellaria calcarea Hffm.,1816,J. W. Hornemann,Laver,Digitale Samlinger: Billeder:Særudgivelser:Flora Danica:Hæfte:Hft. 26,,Aspicilia gibbosa (L.) Körb.(?),,,,free
1540,floradanica_1540.tif,Cetraria nivalis (L.) Ach.,1816,J. W. Hornemann,Laver,Digitale Samlinger: Billeder:Særudgivelser:Flora Danica:Hæfte:Hft. 26,,,,,,free
1541,floradanica_1541.tif,Lecidea fusco-lutea Ach.,1816,J. W. Hornemann,Laver,Digitale Samlinger: Billeder:Særudgivelser:Flora Danica:Hæfte:Hft. 26,,Lopadium fusco-luteum (Dicks.) Mudd.,,,,free
1542,floradanica_1542.tif,Fucus Agarum Turn.,1816,J. W. Hornemann,Alger,Digitale Samlinger: Billeder:Særudgivelser:Flora Danica:Hæfte:Hft. 26,,Agarum Turneri Post et Rupr.,,,,free
1543,floradanica_1543.tif,Fucus subfuscus Turn.,1816,J. W. Hornemann,Alger,Digitale Samlinger: Billeder:Særudgivelser:Flora Danica:Hæfte:Hft. 26,,Rhodomela subfusca (Turn.) Ach.,,,,free
1544,floradanica_1544.tif,Fucus rotundus Turn. / Fucus lumbricalis Horn.,1816,J. W. Hornemann,Alger,Digitale Samlinger: Billeder:Særudgivelser:Flora Danica:Hæfte:Hft. 26,,Polyides rotundus (Gmel.) Grev.,,,,free
1545,floradanica_1545.tif,Conferva fibrillosa Dilln.,1816,J. W. Hornemann,Alger,Digitale Samlinger: Billeder:Særudgivelser:Flora Danica:Hæfte:Hft. 26,,Polysiphonia fibrillosa (Dillw.) Grev.,,,,free
1546,floradanica_1546.tif,Ceramium tuberculosum Roth.,1816,J. W. Hornemann,Alger,Digitale Samlinger: Billeder:Særudgivelser:Flora Danica:Hæfte:Hft. 26,,Chordaria tuberculosa (Horn.) Lgb. (Castagnea J. Ag.),,,,free
1547,floradanica_1547.tif,Conferva Wormskjoldii Mert.,1816,J. W. Hornemann,Alger,Digitale Samlinger: Billeder:Særudgivelser:Flora Danica:Hæfte:Hft. 26,,Chaetomorpha Wormskjoldii (Mert.) Kjellm.,,,,free
1548,floradanica_1548.tif,Conferva moniliformis O. F. Müll. / Conferva ericetorum Dillw.,1816,J. W. Hornemann,Alger,Digitale Samlinger: Billeder:Særudgivelser:Flora Danica:Hæfte:Hft. 26,,Lysigonium nummuloides (Dillw.) Heib.?,,,,free
1549,floradanica_1549.tif,Conferva majuscula Dillw. / Conferva limosa Dillw.,1816,J. W. Hornemann,Alger,Digitale Samlinger: Billeder:Særudgivelser:Flora Danica:Hæfte:Hft. 26,,Lyngbya glutinosa (Ag.) Kütz.,,,,free
1550,floradanica_1550.tif,Agaricus crocatus Schrad. / Agaricus galopus Pers.,1816,J. W. Hornemann,Svampe,Digitale Samlinger: Billeder:Særudgivelser:Flora Danica:Hæfte:Hft. 26,,(Mycena)!,,,,free
1551,floradanica_1551.tif,Agaricus androsaceus Pers. / Agaricus griseus Fr.,1816,J. W. Hornemann,Svampe,Digitale Samlinger: Billeder:Særudgivelser:Flora Danica:Hæfte:Hft. 26,,Marasmius androsaceus (Pers.) Fr.,,,,free
1552,floradanica_1552.tif,Agaricus subsessilis Schum. / Agaricus byssisedus Pers.,1816,J. W. Hornemann,Svampe,Digitale Samlinger: Billeder:Særudgivelser:Flora Danica:Hæfte:Hft. 26,,Agaricus (Pleurotus) algidus Fr.,,,,free
1553,floradanica_1553.tif,Merulius tremellosus Schrad.,1816,J. W. Hornemann,Svampe,Digitale Samlinger: Billeder:Særudgivelser:Flora Danica:Hæfte:Hft. 26,,,,,,free
1554,floradanica_1554.tif,Boletus versicolor Pers.,1816,J. W. Hornemann,Svampe,Digitale Samlinger: Billeder:Særudgivelser:Flora Danica:Hæfte:Hft. 26,,Polyporus versicolor (L.) Fr.,,,,free
1555,floradanica_1555.tif,Daedalea betulina (L.) Fr.,1816,J. W. Hornemann,Svampe,Digitale Samlinger: Billeder:Særudgivelser:Flora Danica:Hæfte:Hft. 26,,Lenzites betulina (L.) Fr.,,,,free
1556,floradanica_1556.tif,Agaricus sessilis Schum. / Agaricus lateralis Schum.,1816,J. W. Hornemann,Svampe,Digitale Samlinger: Billeder:Særudgivelser:Flora Danica:Hæfte:Hft. 26,,Agaricus (Claudopus) variabilis Pers.,,,,free
1557,floradanica_1557.tif,Boletus lucidus Pers.,1816,J. W. Hornemann,Svampe,Digitale Samlinger: Billeder:Særudgivelser:Flora Danica:Hæfte:Hft. 26,,Polyphorus lucidus (Pers.) monstr.,,,,free
1558,floradanica_1558.tif,Peziza hypocrateriformis Horn. / Peziza hemisphaerica Web.,1816,J. W. Hornemann,Svampe,Digitale Samlinger: Billeder:Særudgivelser:Flora Danica:Hæfte:Hft. 26,,Peziza Catinus Holmskj.,,,,free
1559,floradanica_1559.tif,Helvella esculenta Horn.,1816,J. W. Hornemann,Svampe,Digitale Samlinger: Billeder:Særudgivelser:Flora Danica:Hæfte:Hft. 26,,Helvella pulla Holmskj.,,,,free
1560,floradanica_1560.tif,Helvella leucophea Pers.,1816,J. W. Hornemann,Svampe,Digitale Samlinger: Billeder:Særudgivelser:Flora Danica:Hæfte:Hft. 26,,Helvella crispa (Scop.) Fr.,,,,free
1561,floradanica_1561.tif,"Veronica scutellata L. [beta], villosa Schum.",1818,J. W. Hornemann,Karplanter,Digitale Samlinger: Billeder:Særudgivelser:Flora Danica:Hæfte:Hft. 27,Scrophulariaceae,Veronica scutellata L. var. villosa Schuhmacher,Ærenpris,Maskeblomstfamilien,Håret Smalbladet,free
1562,floradanica_1562.tif,Schoenus fuscus Schrad.,1818,J. W. Hornemann,Karplanter,Digitale Samlinger: Billeder:Særudgivelser:Flora Danica:Hæfte:Hft. 27,Cyperaceae,Rhynchospora fusca (L.) Aiton fil.,Næbfrø,Halvgræsfamilien,Brun,free
1563,floradanica_1563.tif,Scirpus triqueter Horn.,1818,J. W. Hornemann,Karplanter,Digitale Samlinger: Billeder:Særudgivelser:Flora Danica:Hæfte:Hft. 27,Cyperaceae,Schoenoplectus pungens (Vahl) Palla,Kogleaks,Halvgræsfamilien,Stikkende,free
1564,floradanica_1564.tif,Panicum Crus galli L.,1818,J. W. Hornemann,Karplanter,Digitale Samlinger: Billeder:Særudgivelser:Flora Danica:Hæfte:Hft. 27,Poaceae,Echinochloa crus-galli (L.) Beauv.,Hanespore,Græsfamilien,Almindelig,free
1565,floradanica_1565.tif,Alopecurus ovatus Horn.,1818,J. W. Hornemann,Karplanter,Digitale Samlinger: Billeder:Særudgivelser:Flora Danica:Hæfte:Hft. 27,Poaceae,Alopecurus alpinus Sm.,Rævehale,Græsfamilien,Polar-,free
1566,floradanica_1566.tif,Aira glauca Schrad.,1818,J. W. Hornemann,Karplanter,Digitale Samlinger: Billeder:Særudgivelser:Flora Danica:Hæfte:Hft. 27,Poaceae,Koeleria glauca (Schrader) DC.,Kambunke,Græsfamilien,Klit-,free
1567,floradanica_1567.tif,Centunculus simplex Horn.,1818,J. W. Hornemann,Karplanter,Digitale Samlinger: Billeder:Særudgivelser:Flora Danica:Hæfte:Hft. 27,Primulaceae,Anagallis minima (L.) E. H. L. Krause in Sturm,Knudearve,Kodriverfamilien,,free
1568,floradanica_1568.tif,Myosotis deflexa Wahlenb.,1818,J. W. Hornemann,Karplanter,Digitale Samlinger: Billeder:Særudgivelser:Flora Danica:Hæfte:Hft. 27,Boraginaceae,Lappula deflexa (Wahlenb.) Garcke,Pigfrø,Rubladfamilien,Fjeld-,free
1569,floradanica_1569.tif,Symphytum officinale L.,1818,J. W. Hornemann,Karplanter,Digitale Samlinger: Billeder:Særudgivelser:Flora Danica:Hæfte:Hft. 27,Boraginaceae,Symphytum officinale L.,Kulsukker,Rubladfamilien,Læge-,free
1570,floradanica_1570.tif,Anagallis coerulea Schreb.,1818,J. W. Hornemann,Karplanter,Digitale Samlinger: Billeder:Særudgivelser:Flora Danica:Hæfte:Hft. 27,Primulaceae,Anagallis foemina Miller,Arve,Kodriverfamilien,Blå,free
1571,floradanica_1571.tif,Beta maritima L.,1818,J. W. Hornemann,Karplanter,Digitale Samlinger: Billeder:Særudgivelser:Flora Danica:Hæfte:Hft. 27,Chenopodiaceae,Beta vulgaris L. ssp. maritima (L.) Arcangeli,Bede,Salturtfamilien,Strand-,free
1572,floradanica_1572.tif,Anethum graveolens L.,1818,J. W. Hornemann,Karplanter,Digitale Samlinger: Billeder:Særudgivelser:Flora Danica:Hæfte:Hft. 27,Apiaceae,Anethum graveolens L.,Dild,Skærmblomstfamilien,,free
1573,floradanica_1573.tif,Alisma natans L.,1818,J. W. Hornemann,Karplanter,Digitale Samlinger: Billeder:Særudgivelser:Flora Danica:Hæfte:Hft. 27,Alismataceae,Luronium natans (L.) Rafin.,Vandranke,Skebladfamilien,,free
1574,floradanica_1574.tif,Epilobium palustre L.,1818,J. W. Hornemann,Karplanter,Digitale Samlinger: Billeder:Særudgivelser:Flora Danica:Hæfte:Hft. 27,Onagraceae,Epilobium palustre L.,Dueurt,Natlysfamilien,Kær-,free
1575,floradanica_1575.tif,Acer Pseudoplatanus L.,1818,J. W. Hornemann,Karplanter,Digitale Samlinger: Billeder:Særudgivelser:Flora Danica:Hæfte:Hft. 27,Aceraceae,Acer pseudoplatanus L.,Ahorn,Lønfamilien,,free
1576,floradanica_1576.tif,Polygonum Hydropiper L.,1818,J. W. Hornemann,Karplanter,Digitale Samlinger: Billeder:Særudgivelser:Flora Danica:Hæfte:Hft. 27,Polygonaceae,Persicaria hydropiper (L.) Spach,Pileurt,Skedeknæfamilien,Bidende,free
1577,floradanica_1577.tif,Spergula saginoides Sw.,1818,J. W. Hornemann,Karplanter,Digitale Samlinger: Billeder:Særudgivelser:Flora Danica:Hæfte:Hft. 27,Caryophyllaceae,Sagina saginoides (L.) Karsten,Firling,Nellikefamilien,Sæter-,free
1578,floradanica_1578.tif,Potentilla Egedii Wormskj.,1818,J. W. Hornemann,Karplanter,Digitale Samlinger: Billeder:Særudgivelser:Flora Danica:Hæfte:Hft. 27,Rosaceae,Potentilla anserina L. ssp. egedeii (Wormsk.),Potentil,Rosenfamilien,Egedes,free
1579,floradanica_1579.tif,Fragaria sterilis L. (Comarum fragariodes Rth.),1818,J. W. Hornemann,Karplanter,Digitale Samlinger: Billeder:Særudgivelser:Flora Danica:Hæfte:Hft. 27,Rosaceae,Potentilla sterilis (L.) Garcke,Potentil,Rosenfamilien,Jordbær-,free
1580,floradanica_1580.tif,Papaver Rhoeas L.,1818,J. W. Hornemann,Karplanter,Digitale Samlinger: Billeder:Særudgivelser:Flora Danica:Hæfte:Hft. 27,Papaveraceae,Papaver rhoeas L.,Valmue,Valmuefamilien,Korn-,free
1581,floradanica_1581.tif,Origanum vulgare L.,1818,J. W. Hornemann,Karplanter,Digitale Samlinger: Billeder:Særudgivelser:Flora Danica:Hæfte:Hft. 27,Lamiaceae,Origanum vulgare L.,Merian,Læbeblomstfamilien,,free
1582,floradanica_1582.tif,Sinapis nigra L.,1818,J. W. Hornemann,Karplanter,Digitale Samlinger: Billeder:Særudgivelser:Flora Danica:Hæfte:Hft. 27,Brassicaceae,Brassica nigra (L.) Koch,Sennep,Korsblomstfamilien,Sort,free
1583,floradanica_1583.tif,Kakile aegyptiaca Willd.,1818,J. W. Hornemann,Karplanter,Digitale Samlinger: Billeder:Særudgivelser:Flora Danica:Hæfte:Hft. 27,Brassicaceae,Cakile maritima Scop. ssp. integrifolia (Hornem.) Hyl.,Strandsennep,Korsblomstfamilien,Norsk,free
1584,floradanica_1584.tif,Ononis hircina Jacq. (O. arvensis Schum.).,1818,J. W. Hornemann,Karplanter,Digitale Samlinger: Billeder:Særudgivelser:Flora Danica:Hæfte:Hft. 27,Fabaceae,Ononis arvensis L.,Krageklo,Ærteblomstfamilien,Stinkende,free
1585,floradanica_1585.tif,Artemisia groenlandica Horn.,1818,J. W. Hornemann,Karplanter,Digitale Samlinger: Billeder:Særudgivelser:Flora Danica:Hæfte:Hft. 27,Asteraceae,Artemisia campestris L. ssp. borealis (Pallas) H. M. Hall & Clements,Bynke,Kurvblomstfamilien,Arktisk,free
1586,floradanica_1586.tif,Lemna trisulca L.,1818,J. W. Hornemann,Karplanter,Digitale Samlinger: Billeder:Særudgivelser:Flora Danica:Hæfte:Hft. 27,Lemnaceae,Lemna trisulca L.,Andemad,Andemadfamilien,Kors-,free
1587,floradanica_1587.tif,Lemna minor L.,1818,J. W. Hornemann,Karplanter,Digitale Samlinger: Billeder:Særudgivelser:Flora Danica:Hæfte:Hft. 27,Lemnaceae,Lemna minor L.,Andemad,Andemadfamilien,Liden,free
1588,floradanica_1588.tif,Lemna gibba L.,1818,J. W. Hornemann,Karplanter,Digitale Samlinger: Billeder:Særudgivelser:Flora Danica:Hæfte:Hft. 27,Lemnaceae,Lemna gibba L.,Andemad,Andemadfamilien,Tyk,free
1589,floradanica_1589.tif,Lemna polyrrhiza L.,1818,J. W. Hornemann,Karplanter,Digitale Samlinger: Billeder:Særudgivelser:Flora Danica:Hæfte:Hft. 27,Lemnaceae,Spirodela polyrhiza (L.) Schleiden,Andemad,Andemadfamilien,Stor,free
1590,floradanica_1590.tif,Carex ustulata Wahlenb.,1818,J. W. Hornemann,Karplanter,Digitale Samlinger: Billeder:Særudgivelser:Flora Danica:Hæfte:Hft. 27,Cyperaceae,Carex atrofusca Schkuhr,Star,Halvgræsfamilien,Sod-,free
1591,floradanica_1591.tif,Aspidium cristatum (L.) Willd.,1818,J. W. Hornemann,Karplanter,Digitale Samlinger: Billeder:Særudgivelser:Flora Danica:Hæfte:Hft. 27,Dryopteridaceae,Dryopteris cristata (L.) A. Gray,Mangeløv,Mangeløvfamilien,Butfinnet,free
1592,floradanica_1592.tif,Fucus ligulatus Turn. (Laminaria Ag.),1818,J. W. Hornemann,Alger,Digitale Samlinger: Billeder:Særudgivelser:Flora Danica:Hæfte:Hft. 27,,"Desmarestia distans [alfa], ligulata J. Ag.",,,,free
1593,floradanica_1593.tif,Fucus Plocamium Gmel. (F. coccineus Turn.),1818,J. W. Hornemann,Alger,Digitale Samlinger: Billeder:Særudgivelser:Flora Danica:Hæfte:Hft. 27,,Plocamium coccineum (Turn.) Lgb.,,,,free
1594,floradanica_1594.tif,Thorea Lehmanni Horn. / Scytosiphon tomentosus Lgb.,1818,J. W. Hornemann,Alger,Digitale Samlinger: Billeder:Særudgivelser:Flora Danica:Hæfte:Hft. 27,,Thorea ramosissima Bory.,,,,free
1595,floradanica_1595.tif,Scytosiphon foeniculaceus Lgb. / Scytosiphon paradoxus Lgb.,1818,J. W. Hornemann,Alger,Digitale Samlinger: Billeder:Særudgivelser:Flora Danica:Hæfte:Hft. 27,,Dictyosiphon foeniculaceus (Huds.) Grev.,,,,free
1596,floradanica_1596.tif,Ectospermum Dillwynii Lgb. (Vaucheria Ag.) / Ceramium pedicellatum (Dillw.) Lgb.,1818,J. W. Hornemann,Alger,Digitale Samlinger: Billeder:Særudgivelser:Flora Danica:Hæfte:Hft. 27,,Vaucheria sp. (V. pachyderma Walz.)?,,,,free
1597,floradanica_1597.tif,Conferva reticulata L.,1818,J. W. Hornemann,Alger,Digitale Samlinger: Billeder:Særudgivelser:Flora Danica:Hæfte:Hft. 27,,Hydrodictyon utriculatum Roth.,,,,free
1598,floradanica_1598.tif,Diatoma pectinalis (Müll.) Ag. / Diatoma arcuatum Lgb.,1818,J. W. Hornemann,Alger,Digitale Samlinger: Billeder:Særudgivelser:Flora Danica:Hæfte:Hft. 27,,Eunotia pectinalis (Müll.) Rabenh.,,,,free
1599,floradanica_1599.tif,Oscillatoria zostericola Lgb. / Oscillatoria muralis Ag.,1818,J. W. Hornemann,Alger,Digitale Samlinger: Billeder:Særudgivelser:Flora Danica:Hæfte:Hft. 27,,Calothrix confervicola (Dillw.) Ag.,,,,free
1600,floradanica_1600.tif,Sphacelaria reticulata Lgb.,1818,J. W. Hornemann,Alger,Digitale Samlinger: Billeder:Særudgivelser:Flora Danica:Hæfte:Hft. 27,,,,,,free
1601,floradanica_1601.tif,Bangia viridis Lgb. / Bangia crispa Lgb.,1818,J. W. Hornemann,Alger,Digitale Samlinger: Billeder:Særudgivelser:Flora Danica:Hæfte:Hft. 27,,(Syn. Bangia fuscopurpurea (Dillw.) Lgb.),,,,free
1602,floradanica_1602.tif,Scytonema Bangii Lgb. / Scytonema Myochrous Lgb.,1818,J. W. Hornemann,Alger,Digitale Samlinger: Billeder:Særudgivelser:Flora Danica:Hæfte:Hft. 27,,Microcoleus Friesii (Ag.) Thur.,,,,free
1603,floradanica_1603.tif,Bryopsis Lyngbyei Horn.,1818,J. W. Hornemann,Alger,Digitale Samlinger: Billeder:Særudgivelser:Flora Danica:Hæfte:Hft. 27,,Bryopsis plumosa (Huds.) Ag.,,,,free
1604,floradanica_1604.tif,Batrachospermum Myosurus DC.,1818,J. W. Hornemann,Alger,Digitale Samlinger: Billeder:Særudgivelser:Flora Danica:Hæfte:Hft. 27,,Hydrurus foetidus (Vill.) Kirchm.,,,,free
1605,floradanica_1605.tif,Aescidium Berberis Horn. (Pers.),1818,J. W. Hornemann,Svampe,Digitale Samlinger: Billeder:Særudgivelser:Flora Danica:Hæfte:Hft. 27,,Aecidium Berberidis Pers. (cf. Puccinia graminis).,,,,free
1606,floradanica_1606.tif,Agaricus gilvus Pers.,1818,J. W. Hornemann,Svampe,Digitale Samlinger: Billeder:Særudgivelser:Flora Danica:Hæfte:Hft. 27,,Agaricus (Clitocybe) tyrianthinus Fr.,,,,free
1607,floradanica_1607.tif,Agaricus oreades Bolt. (excl. synon),1818,J. W. Hornemann,Svampe,Digitale Samlinger: Billeder:Særudgivelser:Flora Danica:Hæfte:Hft. 27,,Agaricus (Collybia) fusipes Bull.,,,,free
1608,floradanica_1608.tif,Agaricus prolixus Fr.,1818,J. W. Hornemann,Svampe,Digitale Samlinger: Billeder:Særudgivelser:Flora Danica:Hæfte:Hft. 27,,(Collybia)!,,,,free
1609,floradanica_1609.tif,Agaricus collinus Schum.,1818,J. W. Hornemann,Svampe,Digitale Samlinger: Billeder:Særudgivelser:Flora Danica:Hæfte:Hft. 27,,(Collybia)!,,,,free
1610,floradanica_1610.tif,Agaricus rutilans Schäff. var. Pers.,1818,J. W. Hornemann,Svampe,Digitale Samlinger: Billeder:Særudgivelser:Flora Danica:Hæfte:Hft. 27,,(Tricholoma)!,,,,free
1611,floradanica_1611.tif,Agaricus odorus Bull.,1818,J. W. Hornemann,Svampe,Digitale Samlinger: Billeder:Særudgivelser:Flora Danica:Hæfte:Hft. 27,,(Clitocybe)!,,,,free
1612,floradanica_1612.tif,Agaricus purus Pers.,1818,J. W. Hornemann,Svampe,Digitale Samlinger: Billeder:Særudgivelser:Flora Danica:Hæfte:Hft. 27,,"Agaricus (Mycena) purus [alfa], roseus Pers.",,,,free
1613,floradanica_1613.tif,Agaricus tuberosus Bull.,1818,J. W. Hornemann,Svampe,Digitale Samlinger: Billeder:Særudgivelser:Flora Danica:Hæfte:Hft. 27,,(Collybia)!,,,,free
1614,floradanica_1614.tif,Agaricus citrinellus Pers. / Agaricus chloranthus Fr.,1818,J. W. Hornemann,Svampe,Digitale Samlinger: Billeder:Særudgivelser:Flora Danica:Hæfte:Hft. 27,,(Mycena)!,,,,free
1615,floradanica_1615.tif,Agaricus polygrammus Bull. / Agaricus pilosus Horn.,1818,J. W. Hornemann,Svampe,Digitale Samlinger: Billeder:Særudgivelser:Flora Danica:Hæfte:Hft. 27,,(Mycena)!,-,,-,free
1616,floradanica_1616.tif,Agaricus dryinus Horn.,1818,J. W. Hornemann,Svampe,Digitale Samlinger: Billeder:Særudgivelser:Flora Danica:Hæfte:Hft. 27,,Agaricus (Pleurotus) ostreatus Jacq.,-,,-,free
1617,floradanica_1617.tif,Helvella cantarelloides Bull.,1818,J. W. Hornemann,Svampe,Digitale Samlinger: Billeder:Særudgivelser:Flora Danica:Hæfte:Hft. 27,,Cantharellus infundibuliformis Fr.,-,,-,free
1618,floradanica_1618.tif,Boletus albidus Pers. (ovinus Schäff.),1818,J. W. Hornemann,Svampe,Digitale Samlinger: Billeder:Særudgivelser:Flora Danica:Hæfte:Hft. 27,,Polyporus ovinus (Schäff.) Fr.,-,,-,free
1619,floradanica_1619.tif,Thelephora lilacina Pers. / Stereum rubiginosum (Schrad.) Fr.,1818,J. W. Hornemann,Svampe,Digitale Samlinger: Billeder:Særudgivelser:Flora Danica:Hæfte:Hft. 27,,Stereum spadiceum Fr.,-,,-,free
1620,floradanica_1620.tif,Peziza triformis Fr. / Peziza biformis Horn.,1818,J. W. Hornemann,Svampe,Digitale Samlinger: Billeder:Særudgivelser:Flora Danica:Hæfte:Hft. 27,,Helotium cerinum (Pers.) Karst.,-,,-,free
1621,floradanica_1621.tif,Salicornia herbacea var. patula Horn.,1819,J. W. Hornemann,Karplanter,Digitale Samlinger: Billeder:Særudgivelser:Flora Danica:Hæfte:Hft. 28,Chenopodiaceae,Salicornia ramosissima J. Woods,Salturt,Salturtfamilien,Kortakset,free
1622,floradanica_1622.tif,Schoenus compressus L.,1819,J. W. Hornemann,Karplanter,Digitale Samlinger: Billeder:Særudgivelser:Flora Danica:Hæfte:Hft. 28,Cyperaceae,Blysmus compressus (L.) Link,Kogleaks,Halvgræsfamilien,Fladtrykt,free
1623,floradanica_1623.tif,Agrostis alba L.,1819,J. W. Hornemann,Karplanter,Digitale Samlinger: Billeder:Særudgivelser:Flora Danica:Hæfte:Hft. 28,Poaceae,Agrostis stolonifera L. var. stolonifera,Hvene,Græsfamilien,Kryb-,free
1624,floradanica_1624.tif,Arundo Calamagrostis L.,1819,J. W. Hornemann,Karplanter,Digitale Samlinger: Billeder:Særudgivelser:Flora Danica:Hæfte:Hft. 28,Poaceae,Calamagrostis canescens (Weber) Roth,Rørhvene,Græsfamilien,Eng-,free
1625,floradanica_1625.tif,Aira alpina L. (forma vivipara).,1819,J. W. Hornemann,Karplanter,Digitale Samlinger: Billeder:Særudgivelser:Flora Danica:Hæfte:Hft. 28,Poaceae,Deschampsia alpina (L.) Roem. & Schult.,Bunke,Græsfamilien,Fjeld-,free
1626,floradanica_1626.tif,Poa maritima Horn.,1819,J. W. Hornemann,Karplanter,Digitale Samlinger: Billeder:Særudgivelser:Flora Danica:Hæfte:Hft. 28,Poaceae,Catabrosa aquatica (L.) Beauv.,Tæppegræs,Græsfamilien,,free
1627,floradanica_1627.tif,Festuca hirsuta Horn.,1819,J. W. Hornemann,Karplanter,Digitale Samlinger: Billeder:Særudgivelser:Flora Danica:Hæfte:Hft. 28,Poaceae,Festuca rubra L. ssp. arenaria (Osbeck) Syme,Svingel,Græsfamilien,Klit-,free
1628,floradanica_1628.tif,Festuca glauca Horn.,1819,J. W. Hornemann,Karplanter,Digitale Samlinger: Billeder:Særudgivelser:Flora Danica:Hæfte:Hft. 28,Poaceae,Festuca trachyphylla (Hackel) Krajina,Svingel,Græsfamilien,Bakke-,free
1629,floradanica_1629.tif,Avena fatua L.,1819,J. W. Hornemann,Karplanter,Digitale Samlinger: Billeder:Særudgivelser:Flora Danica:Hæfte:Hft. 28,Poaceae,Avena fatua L.,Havre,Græsfamilien,Flyve-,free
1630,floradanica_1630.tif,Bromus giganteus L.,1819,J. W. Hornemann,Karplanter,Digitale Samlinger: Billeder:Særudgivelser:Flora Danica:Hæfte:Hft. 28,Poaceae,Festuca gigantea (L.) Vill.,Svingel,Græsfamilien,Kæmpe-,free
1631,floradanica_1631.tif,Elymus europaeus L.,1819,J. W. Hornemann,Karplanter,Digitale Samlinger: Billeder:Særudgivelser:Flora Danica:Hæfte:Hft. 28,Poaceae,Hordelymus europaeus (L.) C. O. Harz,Skovbyg,Græsfamilien,,free
1632,floradanica_1632.tif,Hordeum maritimum With.,1819,J. W. Hornemann,Karplanter,Digitale Samlinger: Billeder:Særudgivelser:Flora Danica:Hæfte:Hft. 28,Poaceae,Hordeum marinum Hudson,Byg,Græsfamilien,Strand-,free
1633,floradanica_1633.tif,Galium saxatile L.,1819,J. W. Hornemann,Karplanter,Digitale Samlinger: Billeder:Særudgivelser:Flora Danica:Hæfte:Hft. 28,Rubiaceae,Galium saxatile L.,Snerre,Krapfamilien,Lyng-,free
1634,floradanica_1634.tif,"Plantago maritima [gamma], dentata R. & S.",1819,J. W. Hornemann,Karplanter,Digitale Samlinger: Billeder:Særudgivelser:Flora Danica:Hæfte:Hft. 28,Plantaginaceae,Plantago maritima L.,Vejbred,Vejbredfamilien,Strand-,free
1635,floradanica_1635.tif,Potamogeton lucens var. Horn.,1819,J. W. Hornemann,Karplanter,Digitale Samlinger: Billeder:Særudgivelser:Flora Danica:Hæfte:Hft. 28,Potamogetonaceae,Potamogeton alpinus Balb.,Vandaks,Vandaksfamilien,Rust-,free
1636,floradanica_1636.tif,Physalis Alkekengi L.,1819,J. W. Hornemann,Karplanter,Digitale Samlinger: Billeder:Særudgivelser:Flora Danica:Hæfte:Hft. 28,Solanaceae,Physalis alkekengi L.,Jødekirsebær,Natskyggefamilien,,free
1637,floradanica_1637.tif,Erythraea pulchella Fr.,1819,J. W. Hornemann,Karplanter,Digitale Samlinger: Billeder:Særudgivelser:Flora Danica:Hæfte:Hft. 28,Gentianaceae,Centaurium pulchellum (Swartz) Druce,Tusindgylden,Ensianfamilien,Liden,free
1638,floradanica_1638.tif,"Atriplex hastata [beta], calotheca Rafn.",1819,J. W. Hornemann,Karplanter,Digitale Samlinger: Billeder:Særudgivelser:Flora Danica:Hæfte:Hft. 28,Chenopodiaceae,Atriplex hastata  L.,Mælde,Salturtfamilien,Skønbægret,free
1639,floradanica_1639.tif,Angelica silvestris L.,1819,J. W. Hornemann,Karplanter,Digitale Samlinger: Billeder:Særudgivelser:Flora Danica:Hæfte:Hft. 28,Apiaceae,Angelica sylvestris L.,Angelik,Skærmblomstfamilien,,free
1640,floradanica_1640.tif,Chaerophyllum sativum Gärtn.,1819,J. W. Hornemann,Karplanter,Digitale Samlinger: Billeder:Særudgivelser:Flora Danica:Hæfte:Hft. 28,Apiaceae,Anthriscus cerefolium (L.) Hoffm.,Kørvel,Skærmblomstfamilien,Have-,free
1641,floradanica_1641.tif,Galanthus nivalis L.,1819,J. W. Hornemann,Karplanter,Digitale Samlinger: Billeder:Særudgivelser:Flora Danica:Hæfte:Hft. 28,Amaryllidaceae,Galanthus nivalis L.,Vintergæk,Narcisfamilien,Almindelig,free
1642,floradanica_1642.tif,Colchicum autumnale L.,1819,J. W. Hornemann,Karplanter,Digitale Samlinger: Billeder:Særudgivelser:Flora Danica:Hæfte:Hft. 28,Liliaceae,Colchicum autumnale L.,Tidløs,Liljefamilien,Høst-,free
1643,floradanica_1643.tif,Silene anglica L.,1819,J. W. Hornemann,Karplanter,Digitale Samlinger: Billeder:Særudgivelser:Flora Danica:Hæfte:Hft. 28,Caryophyllaceae,Silene gallica L.,Limurt,Nellikefamilien,Engelsk,free
1644,floradanica_1644.tif,Sedum sexangulare Horn.,1819,J. W. Hornemann,Karplanter,Digitale Samlinger: Billeder:Særudgivelser:Flora Danica:Hæfte:Hft. 28,Crassulaceae,Sedum sexangulare,Stenurt,Stenurtfamilien,Seksradet,free
1645,floradanica_1645.tif,Cerastium vulgatum L.,1819,J. W. Hornemann,Karplanter,Digitale Samlinger: Billeder:Særudgivelser:Flora Danica:Hæfte:Hft. 28,Caryophyllaceae,Cerastium fontanum Baumg. ssp. vulgare (Hartman) Greuter & Burdet var. vulgare,Hønsetarm,Nellikefamilien,Almindelig,free
1646,floradanica_1646.tif,Arenaria hirta Wormskj.,1819,J. W. Hornemann,Karplanter,Digitale Samlinger: Billeder:Særudgivelser:Flora Danica:Hæfte:Hft. 28,Caryophyllaceae,Minuartia rubella (Wahlenb.) Hiern.,Norel,Nellikefamilien,Rødlig,free
1647,floradanica_1647.tif,Prunus avium L.,1819,J. W. Hornemann,Karplanter,Digitale Samlinger: Billeder:Særudgivelser:Flora Danica:Hæfte:Hft. 28,Rosaceae,Prunus avium L.,Kirsebær,Rosenfamilien,Fugle-,free
1648,floradanica_1648.tif,Potentilla verna Horn.,1819,J. W. Hornemann,Karplanter,Digitale Samlinger: Billeder:Særudgivelser:Flora Danica:Hæfte:Hft. 28,Rosaceae,Potentilla heptaphylla L.,Potentil,Rosenfamilien,Mat,free
1649,floradanica_1649.tif,Lamium maculatum L.,1819,J. W. Hornemann,Karplanter,Digitale Samlinger: Billeder:Særudgivelser:Flora Danica:Hæfte:Hft. 28,Lamiaceae,Lamium maculatum L.,Tvetand,Læbeblomstfamilien,Plettet,free
1650,floradanica_1650.tif,Galeopsis ochroleuca Lam.,1819,J. W. Hornemann,Karplanter,Digitale Samlinger: Billeder:Særudgivelser:Flora Danica:Hæfte:Hft. 28,Lamiaceae,Galeopsis segetum Necker,Hanekro,Læbeblomstfamilien,Gul,free
1651,floradanica_1651.tif,Bunias orientalis L.,1819,J. W. Hornemann,Karplanter,Digitale Samlinger: Billeder:Særudgivelser:Flora Danica:Hæfte:Hft. 28,Brassicaceae,Bunias orientalis L.,Takkeklap,Korsblomstfamilien,,free
1652,floradanica_1652.tif,Chondrilla juncea L.,1819,J. W. Hornemann,Karplanter,Digitale Samlinger: Billeder:Særudgivelser:Flora Danica:Hæfte:Hft. 28,Asteraceae,Chondrilla juncea L.,Solhvirvel,Kurvblomstfamilien,,free
1653,floradanica_1653.tif,Scorzonera humilis L. [beta] angustifolia Horn.,1819,J. W. Hornemann,Karplanter,Digitale Samlinger: Billeder:Særudgivelser:Flora Danica:Hæfte:Hft. 28,Asteraceae,Scorzonera humilis L.,Skorsoner,Kurvblomstfamilien,Lav,free
1654,floradanica_1654.tif,Artemisia Absinthium L.,1819,J. W. Hornemann,Karplanter,Digitale Samlinger: Billeder:Særudgivelser:Flora Danica:Hæfte:Hft. 28,Asteraceae,Artemisia absinthium L.,Malurt,Kurvblomstfamilien,Have-,free
1655,floradanica_1655.tif,Artemisia maritima L.,1819,J. W. Hornemann,Karplanter,Digitale Samlinger: Billeder:Særudgivelser:Flora Danica:Hæfte:Hft. 28,Asteraceae,Artemisia maritima L. ssp. maritima,Malurt,Kurvblomstfamilien,Strand-,free
1656,floradanica_1656.tif,Chara ceratophylla Wallr.,1819,J. W. Hornemann,Alger,Digitale Samlinger: Billeder:Særudgivelser:Flora Danica:Hæfte:Hft. 28,,"Chara ceratophylla [beta], microptilon A. Br. (Ch. Laitfolia Willd.).",-,,-,free
1657,floradanica_1657.tif,Viscum album L.,1819,J. W. Hornemann,Karplanter,Digitale Samlinger: Billeder:Særudgivelser:Flora Danica:Hæfte:Hft. 28,Loranthaceae,Viscum album L.,Mistelten,Misteltenfamilien,,free
1658,floradanica_1658.tif,Splachnum angustatum L.,1819,J. W. Hornemann,Mosser,Digitale Samlinger: Billeder:Særudgivelser:Flora Danica:Hæfte:Hft. 28,,Tetraplodon angustatus (L.) Br. et Sch.,-,,-,free
1659,floradanica_1659.tif,Splachnum Wormskjoldii Horn.,1819,J. W. Hornemann,Mosser,Digitale Samlinger: Billeder:Særudgivelser:Flora Danica:Hæfte:Hft. 28,,,-,,-,free
1660,floradanica_1660.tif,Weisia acuta Hedw. / Weissia lancelota H. et Tayl.,1819,J. W. Hornemann,Mosser,Digitale Samlinger: Billeder:Særudgivelser:Flora Danica:Hæfte:Hft. 28,,Blindia acuta (Huds.) Br. et Sch.,-,,-,free
1661,floradanica_1661.tif,Didymodon glaucescens Web. et M.,1819,J. W. Hornemann,Mosser,Digitale Samlinger: Billeder:Særudgivelser:Flora Danica:Hæfte:Hft. 28,,Trichostomum glaucescens Hedw.,-,,-,free
1662,floradanica_1662.tif,Leskea paludosa W. et M.,1819,J. W. Hornemann,Mosser,Digitale Samlinger: Billeder:Særudgivelser:Flora Danica:Hæfte:Hft. 28,,Leskea polycarpa var. paludosa (Hedw.) Schimp.,-,,-,free
1663,floradanica_1663.tif,Ulva umbilicalis Lgb.,1819,J. W. Hornemann,Alger,Digitale Samlinger: Billeder:Særudgivelser:Flora Danica:Hæfte:Hft. 28,,Porphyra laciniata (Lightf.) Ag.,-,,-,free
1664,floradanica_1664.tif,"Gastridium filiforme [beta], incrassatum Lgb.",1819,J. W. Hornemann,Alger,Digitale Samlinger: Billeder:Særudgivelser:Flora Danica:Hæfte:Hft. 28,,Dumontia filiformis J. Ag.,-,,-,free
1665,floradanica_1665.tif,Callithamnion repens (Dillw.) Lgb.,1819,J. W. Hornemann,Alger,Digitale Samlinger: Billeder:Særudgivelser:Flora Danica:Hæfte:Hft. 28,,Spermothamnium Turneri Aresch.?,-,,-,free
1666,floradanica_1666.tif,Ectocarpus chalybeus (Rth.) Lgb. / Hutchinsia stricta Horn.,1819,J. W. Hornemann,Alger,Digitale Samlinger: Billeder:Særudgivelser:Flora Danica:Hæfte:Hft. 28,,Chantransia chalybea (Roth.) Grev.,-,,-,free
1667,floradanica_1667.tif,Scytosiphon clathratus Lgb.,1819,J. W. Hornemann,Alger,Digitale Samlinger: Billeder:Særudgivelser:Flora Danica:Hæfte:Hft. 28,,Enteromorpha clathrata (Roth.) Grev.,-,,-,free
1668,floradanica_1668.tif,Conferva fenestralis Roth. / Conferva muscisola Web. et M.,1819,J. W. Hornemann,Alger,Digitale Samlinger: Billeder:Særudgivelser:Flora Danica:Hæfte:Hft. 28,,?,-,,-,free
1669,floradanica_1669.tif,Chordaria multifida Lgb.,1819,J. W. Hornemann,Alger,Digitale Samlinger: Billeder:Særudgivelser:Flora Danica:Hæfte:Hft. 28,,Nemalion multifidum (W. et M.) J. Ag.,-,,-,free
1670,floradanica_1670.tif,Agaricus capillaris Schum. / Mitrula Heyderi Pers.,1819,J. W. Hornemann,Svampe,Digitale Samlinger: Billeder:Særudgivelser:Flora Danica:Hæfte:Hft. 28,,Agaricus (Mycena) debilis Fr.,-,,-,free
1671,floradanica_1671.tif,Agaricus niveus Pers.,1819,J. W. Hornemann,Svampe,Digitale Samlinger: Billeder:Særudgivelser:Flora Danica:Hæfte:Hft. 28,,Coprinus niveus (Pers.) Fr.,-,,-,free
1672,floradanica_1672.tif,Agaricus ericetorum Pers. v. viridis / Agaricus Mouceron Tratt.,1819,J. W. Hornemann,Svampe,Digitale Samlinger: Billeder:Særudgivelser:Flora Danica:Hæfte:Hft. 28,,Agaricus (Omphalia) umbelliformis L. var.,-,,-,free
1673,floradanica_1673.tif,Agaricus roseus Horn. / Agaricus spadiceo-griseus Schäff.,1819,J. W. Hornemann,Svampe,Digitale Samlinger: Billeder:Særudgivelser:Flora Danica:Hæfte:Hft. 28,,Agaricus (Mycena) purus Pers.,-,,-,free
1674,floradanica_1674.tif,Agaricus subdulcis Fr.,1819,J. W. Hornemann,Svampe,Digitale Samlinger: Billeder:Særudgivelser:Flora Danica:Hæfte:Hft. 28,,Lactarius obnubilus Fr.,-,,-,free
1675,floradanica_1675.tif,Agaricus caperatus Fr.,1819,J. W. Hornemann,Svampe,Digitale Samlinger: Billeder:Særudgivelser:Flora Danica:Hæfte:Hft. 28,,(Pholiota)!,-,,-,free
1676,floradanica_1676.tif,Agaricus epiphyllus Pers. / Agaricus medius Schum.,1819,J. W. Hornemann,Svampe,Digitale Samlinger: Billeder:Særudgivelser:Flora Danica:Hæfte:Hft. 28,,Marasmius epiphyllus (Pers.) Fr.,-,,-,free
1677,floradanica_1677.tif,Agaricus granulosus Pers. / Agaricus ceraseus Wulf.,1819,J. W. Hornemann,Svampe,Digitale Samlinger: Billeder:Særudgivelser:Flora Danica:Hæfte:Hft. 28,,(Lepiota)!,-,,-,free
1678,floradanica_1678.tif,Agaricus splachnoides Horn. / Agaricus cucullatus Horn.,1819,J. W. Hornemann,Svampe,Digitale Samlinger: Billeder:Særudgivelser:Flora Danica:Hæfte:Hft. 28,,Marasmius splachnoides (Horn.) Fr.,-,,-,free
1679,floradanica_1679.tif,Agaricus roseo-albus Horn.,1819,J. W. Hornemann,Svampe,Digitale Samlinger: Billeder:Særudgivelser:Flora Danica:Hæfte:Hft. 28,,(Pluteus)!,-,,-,free
1680,floradanica_1680.tif,Lycoperdon pyriforme Schäff. / Trichia notata Schum.,1819,J. W. Hornemann,Svampe,Digitale Samlinger: Billeder:Særudgivelser:Flora Danica:Hæfte:Hft. 28,,Trichia serotina Schrad.,-,,-,free
1681,floradanica_1681.tif,Fedia olitoria (L.) Vahl,1821,J. W. Hornemann,Karplanter,Digitale Samlinger: Billeder:Særudgivelser:Flora Danica:Hæfte:Hft. 29,Valerianaceae,Valerianella locusta (L.) Laterrade em. Betcke,Vårsalat,Baldrianfamilien,Tandfri,free
1682,floradanica_1682.tif,Cyperus flavescens L.,1821,J. W. Hornemann,Karplanter,Digitale Samlinger: Billeder:Særudgivelser:Flora Danica:Hæfte:Hft. 29,Cyperaceae,Cyperus flavescens L.,Fladaks,Halvgræsfamilien,Gul,free
1683,floradanica_1683.tif,Arundo silvatica Schrad.,1821,J. W. Hornemann,Karplanter,Digitale Samlinger: Billeder:Særudgivelser:Flora Danica:Hæfte:Hft. 29,Poaceae,Calamagrostis arundinacea (L.) Roth,Rørhvene,Græsfamilien,Skov-,free
1684,floradanica_1684.tif,Arundo baltica Flügg.,1821,J. W. Hornemann,Karplanter,Digitale Samlinger: Billeder:Særudgivelser:Flora Danica:Hæfte:Hft. 29,Poaceae,Ammophila arenaria x Calamagrostis epigeios,Hjælme,Græsfamilien,Østersø-,free
1685,floradanica_1685.tif,Poa trivialis L.,1821,J. W. Hornemann,Karplanter,Digitale Samlinger: Billeder:Særudgivelser:Flora Danica:Hæfte:Hft. 29,Poaceae,Poa trivialis L.,Rapgræs,Græsfamilien,Almindelig,free
1686,floradanica_1686.tif,Poa annua L.,1821,J. W. Hornemann,Karplanter,Digitale Samlinger: Billeder:Særudgivelser:Flora Danica:Hæfte:Hft. 29,Poaceae,Poa annua L.,Rapgræs,Græsfamilien,Enårig,free
1687,floradanica_1687.tif,Potamogeton praelongus Wulf.,1821,J. W. Hornemann,Karplanter,Digitale Samlinger: Billeder:Særudgivelser:Flora Danica:Hæfte:Hft. 29,Potamogetonaceae,Potamogeton praelongus Wulfen,Vandaks,Vandaksfamilien,Langbladet,free
1688,floradanica_1688.tif,Myosotis sparsiflora Mik.,1821,J. W. Hornemann,Karplanter,Digitale Samlinger: Billeder:Særudgivelser:Flora Danica:Hæfte:Hft. 29,Boraginaceae,Myosotis sparsiflora Mikan ex Pohl,Forglemmigej,Rubladfamilien,Fåblomstret,free
1689,floradanica_1689.tif,Juncus maritimus Lam.,1821,J. W. Hornemann,Karplanter,Digitale Samlinger: Billeder:Særudgivelser:Flora Danica:Hæfte:Hft. 29,Juncaceae,Juncus maritimus Lam.,Siv,Sivfamilien,Strand-,free
1690,floradanica_1690.tif,Juncus capitatus Weig.,1821,J. W. Hornemann,Karplanter,Digitale Samlinger: Billeder:Særudgivelser:Flora Danica:Hæfte:Hft. 29,Juncaceae,Juncus capitatus Weigel.,Siv,Sivfamilien,Fin,free
1691,floradanica_1691.tif,"Juncus trifidus [beta], monanthus (Jacq.).",1821,J. W. Hornemann,Karplanter,Digitale Samlinger: Billeder:Særudgivelser:Flora Danica:Hæfte:Hft. 29,Juncaceae,Juncus trifidus L.,Siv,Sivfamilien,Treblad-,free
1692,floradanica_1692.tif,Luzula congesta Horn.,1821,J. W. Hornemann,Karplanter,Digitale Samlinger: Billeder:Særudgivelser:Flora Danica:Hæfte:Hft. 29,Juncaceae,Luzula multiflora (Retz.) Lej. ssp. congesta (Thuill.) Hyl.,Frytle,Sivfamilien,Hoved-,free
1693,floradanica_1693.tif,Pyrola chlorantha Sw.,1821,J. W. Hornemann,Karplanter,Digitale Samlinger: Billeder:Særudgivelser:Flora Danica:Hæfte:Hft. 29,Pyrolaceae,Pyrola chlorantha Swartz,Vintergrøn,Vintergrønfamilien,Grønlig,free
1694,floradanica_1694.tif,Dianthus Carthusianorum L.,1821,J. W. Hornemann,Karplanter,Digitale Samlinger: Billeder:Særudgivelser:Flora Danica:Hæfte:Hft. 29,Caryophyllaceae,Dianthus carthusianorum L.,Nellike,Nellikefamilien,Kartheuser-,free
1695,floradanica_1695.tif,Rosa canina L.,1821,J. W. Hornemann,Karplanter,Digitale Samlinger: Billeder:Særudgivelser:Flora Danica:Hæfte:Hft. 29,Rosaceae,Rosa canina (L.) Crépin,Rose,Rosenfamilien,Hunde-,free
1696,floradanica_1696.tif,Rubus glandulosus Bell.,1821,J. W. Hornemann,Karplanter,Digitale Samlinger: Billeder:Særudgivelser:Flora Danica:Hæfte:Hft. 29,Rosaceae,Rubus sp.,Brombær,Rosenfamilien,,free
1697,floradanica_1697.tif,Rubus Sprengelii Whe. et N. E.,1821,J. W. Hornemann,Karplanter,Digitale Samlinger: Billeder:Særudgivelser:Flora Danica:Hæfte:Hft. 29,Rosaceae,Rubus sp.,Brombær,Rosenfamilien,,free
1698,floradanica_1698.tif,Aconitum neomontanum Köll.,1821,J. W. Hornemann,Karplanter,Digitale Samlinger: Billeder:Særudgivelser:Flora Danica:Hæfte:Hft. 29,Ranunculaceae,Aconitum napellus L.,Stormhat,Ranunkelfamilien,Ægte,free
1699,floradanica_1699.tif,Ranunculus nivalis L.,1821,J. W. Hornemann,Karplanter,Digitale Samlinger: Billeder:Særudgivelser:Flora Danica:Hæfte:Hft. 29,Ranunculaceae,Ranunculus nivalis L.,Ranunkel,Ranunkelfamilien,Sne-,free
1700,floradanica_1700.tif,Ranunculus polyanthemos L.,1821,J. W. Hornemann,Karplanter,Digitale Samlinger: Billeder:Særudgivelser:Flora Danica:Hæfte:Hft. 29,Ranunculaceae,Ranunculus polyanthemos L. ssp. polyanthemos,Ranunkel,Ranunkelfamilien,Mangeblomstret,free
1701,floradanica_1701.tif,Lamium intermedium Fr.(?),1821,J. W. Hornemann,Karplanter,Digitale Samlinger: Billeder:Særudgivelser:Flora Danica:Hæfte:Hft. 29,Lamiaceae,Lamium amplexicaule L.,Tvetand,Læbeblomstfamilien,Liden,free
1702,floradanica_1702.tif,Ballota ruderalis Sw.,1821,J. W. Hornemann,Karplanter,Digitale Samlinger: Billeder:Særudgivelser:Flora Danica:Hæfte:Hft. 29,Lamiaceae,Ballota nigra L.,Tandbæger,Læbeblomstfamilien,Almindelig,free
1703,floradanica_1703.tif,Ajuga genevensis L.,1821,J. W. Hornemann,Karplanter,Digitale Samlinger: Billeder:Særudgivelser:Flora Danica:Hæfte:Hft. 29,Lamiaceae,Ajuga genevensis L.,Læbeløs,Læbeblomstfamilien,Fjeld-,free
1704,floradanica_1704.tif,Alyssum calycinum L.,1821,J. W. Hornemann,Karplanter,Digitale Samlinger: Billeder:Særudgivelser:Flora Danica:Hæfte:Hft. 29,Brassicaceae,Alyssum alyssoides (L.) L.,Grådodder,Korsblomstfamilien,Almindelig,free
1705,floradanica_1705.tif,Melilotus vulgaris Willd.,1821,J. W. Hornemann,Karplanter,Digitale Samlinger: Billeder:Særudgivelser:Flora Danica:Hæfte:Hft. 29,Fabaceae,Melilotus alba Medicus,Stenkløver,Ærteblomstfamilien,Hvid,free
1706,floradanica_1706.tif,Trifolium hybridum L.,1821,J. W. Hornemann,Karplanter,Digitale Samlinger: Billeder:Særudgivelser:Flora Danica:Hæfte:Hft. 29,Fabaceae,Trifolium hybridum L.,Kløver,Ærteblomstfamilien,Alsike-,free
1707,floradanica_1707.tif,Trifolium filiforme Horn.,1821,J. W. Hornemann,Karplanter,Digitale Samlinger: Billeder:Særudgivelser:Flora Danica:Hæfte:Hft. 29,Fabaceae,Trifolium dubium Sibth.,Kløver,Ærteblomstfamilien,Fin,free
1708,floradanica_1708.tif,Leontodon palustre Horn.,1821,J. W. Hornemann,Karplanter,Digitale Samlinger: Billeder:Særudgivelser:Flora Danica:Hæfte:Hft. 29,Asteraceae,Taraxacum palustre (Lyons) Symons,Mælkebøtte,Kurvblomstfamilien,Smalbladet,free
1709,floradanica_1709.tif,Carex extensa Good.,1821,J. W. Hornemann,Karplanter,Digitale Samlinger: Billeder:Særudgivelser:Flora Danica:Hæfte:Hft. 29,Cyperaceae,Carex extensa Good.,Star,Halvgræsfamilien,Udspilet,free
1710,floradanica_1710.tif,Carex argyroglochin Horn.,1821,J. W. Hornemann,Karplanter,Digitale Samlinger: Billeder:Særudgivelser:Flora Danica:Hæfte:Hft. 29,Cyperaceae,Carex ovalis Good. var. argyroglochin (Hornem.) ?,Star,Halvgræsfamilien,Sølv-,free
1711,floradanica_1711.tif,Carex hirta L. var. sublaevis Horn.,1821,J. W. Hornemann,Karplanter,Digitale Samlinger: Billeder:Særudgivelser:Flora Danica:Hæfte:Hft. 29,Cyperaceae,Carex hirta L.,Star,Halvgræsfamilien,Håret,free
1712,floradanica_1712.tif,Sphagnum cuspidatum Ehrh.,1821,J. W. Hornemann,Mosser,Digitale Samlinger: Billeder:Særudgivelser:Flora Danica:Hæfte:Hft. 29,,Spaghnum cuspidatum Ehrh. f. submersa,-,,-,free
1713,floradanica_1713.tif,Dicranum adiantoides Sw.,1821,J. W. Hornemann,Mosser,Digitale Samlinger: Billeder:Særudgivelser:Flora Danica:Hæfte:Hft. 29,,Fissidens adiantoides (L.) Hedw.,-,,-,free
1714,floradanica_1714.tif,Jungermannia platyphylla L. / Jungermannia ciliaris L.,1821,J. W. Hornemann,Mosser,Digitale Samlinger: Billeder:Særudgivelser:Flora Danica:Hæfte:Hft. 29,,Madotheca platyphylla (L.) [beta] major.,-,,-,free
1715,floradanica_1715.tif,Jungermannia excisa Horn. / Jungermannia heterophylla Schrad.,1821,J. W. Hornemann,Mosser,Digitale Samlinger: Billeder:Særudgivelser:Flora Danica:Hæfte:Hft. 29,,"Jungermannia ventricosa [beta], porphyroleuca N. E.",-,,-,free
1716,floradanica_1716.tif,Jungermannia scalaris Horn. / Jungermannia polyanthos L.,1821,J. W. Hornemann,Mosser,Digitale Samlinger: Billeder:Særudgivelser:Flora Danica:Hæfte:Hft. 29,,Jungermannia subapicalis N. E.,-,,-,free
1717,floradanica_1717.tif,Jungermannia byssacea Horn. / Jungermannia pusilla L.,1821,J. W. Hornemann,Mosser,Digitale Samlinger: Billeder:Særudgivelser:Flora Danica:Hæfte:Hft. 29,,Trigonathus divaricatus (Franc.) Spruch.,-,,-,free
1718,floradanica_1718.tif,Lecanora Turneri (E. B.) Ach. / Lecanora brunnea (Wahlenb.) Ach.,1821,J. W. Hornemann,Laver,Digitale Samlinger: Billeder:Særudgivelser:Flora Danica:Hæfte:Hft. 29,,"Haematomma coccineum [alfa], ochrolecum Th. Fr.",-,,-,free
1719,floradanica_1719.tif,Parmelia pulverulenta (Schreb.) Ach.,1821,J. W. Hornemann,Laver,Digitale Samlinger: Billeder:Særudgivelser:Flora Danica:Hæfte:Hft. 29,,Physica pulverulenta (Schreb.) Nyl.,-,,-,free
1720,floradanica_1720.tif,"Lecidea atrolba [beta], fimbriata Ach. / Lecidea Wahlenbergii Ach.",1821,J. W. Hornemann,Laver,Digitale Samlinger: Billeder:Særudgivelser:Flora Danica:Hæfte:Hft. 29,,Rhizocarpon reductum Th. Fr. (?),-,,-,free
1721,floradanica_1721.tif,Stereocaulon incrustatum Flörk.,1821,J. W. Hornemann,Laver,Digitale Samlinger: Billeder:Særudgivelser:Flora Danica:Hæfte:Hft. 29,,,-,,-,free
1722,floradanica_1722.tif,Calicium hyperellum Ach. / Calicium capitellatum Ach.,1821,J. W. Hornemann,Laver,Digitale Samlinger: Billeder:Særudgivelser:Flora Danica:Hæfte:Hft. 29,,Calicium hyperellum var. viride (Pers.),-,,-,free
1723,floradanica_1723.tif,"Chorda Filum [beta], inflata Lgb.",1821,J. W. Hornemann,Alger,Digitale Samlinger: Billeder:Særudgivelser:Flora Danica:Hæfte:Hft. 29,,Scytosiphon Filum (L.) monstr. inflata.,-,,-,free
1724,floradanica_1724.tif,"Vaucheria dichotoma (L.) DC. / Vaucheria dichotoma [beta], submarina Lgb.",1821,J. W. Hornemann,Alger,Digitale Samlinger: Billeder:Særudgivelser:Flora Danica:Hæfte:Hft. 29,,Vaucheria sp.,-,,-,free
1725,floradanica_1725.tif,Vaucheria geminata Lgb. / Vaucheria sessilis (Vauch.) DC. / Vaucheria clavata Lgb.,1821,J. W. Hornemann,Alger,Digitale Samlinger: Billeder:Særudgivelser:Flora Danica:Hæfte:Hft. 29,,Vaucheria littorea Hfm. Bang.,-,,-,free
1726,floradanica_1726.tif,Vaucheria hamata Horn. / Vaucheria caespitosa Horn.,1821,J. W. Hornemann,Alger,Digitale Samlinger: Billeder:Særudgivelser:Flora Danica:Hæfte:Hft. 29,,Vaucheria terrestris Lgb. (?),-,,-,free
1727,floradanica_1727.tif,Vaucheria racemosa Horn. / Vaucheria ovata Horn.,1821,J. W. Hornemann,Alger,Digitale Samlinger: Billeder:Særudgivelser:Flora Danica:Hæfte:Hft. 29,,Vaucheria hamata Walz. v. racemosa.,-,,-,free
1728,floradanica_1728.tif,Chaetophora pellita Lgb. / Chaetophora clavata Horn.,1821,J. W. Hornemann,Alger,Digitale Samlinger: Billeder:Særudgivelser:Flora Danica:Hæfte:Hft. 29,,Cruoria pellita (Lgb.) Fr.,-,,-,free
1729,floradanica_1729.tif,Agaricus Myomyces Horn.,1821,J. W. Hornemann,Svampe,Digitale Samlinger: Billeder:Særudgivelser:Flora Danica:Hæfte:Hft. 29,,Agaricus (Tricholoma) saponaceus F. var. fusiformis Sch.,-,,-,free
1730,floradanica_1730.tif,Agaricus Phiala Schum. / Agaricus hirputes Schum,1821,J. W. Hornemann,Svampe,Digitale Samlinger: Billeder:Særudgivelser:Flora Danica:Hæfte:Hft. 29,,Agaricus (Omphelea) pictus Fr. var.,-,,-,free
1731,floradanica_1731.tif,Agaricus pratensis Horn. / Agaricus volvaceus Bull,1821,J. W. Hornemann,Svampe,Digitale Samlinger: Billeder:Særudgivelser:Flora Danica:Hæfte:Hft. 29,,Hygophorus Lacmus Fr.,-,,-,free
1732,floradanica_1732.tif,Agaricus clypeolarius Bull / Agaricus subliquescens Schum.,1821,J. W. Hornemann,Svampe,Digitale Samlinger: Billeder:Særudgivelser:Flora Danica:Hæfte:Hft. 29,,(Lepiota)!,-,,-,free
1733,floradanica_1733.tif,Agaricus planus Schum.,1821,J. W. Hornemann,Svampe,Digitale Samlinger: Billeder:Særudgivelser:Flora Danica:Hæfte:Hft. 29,,Lactarius panucius Fr.,-,,-,free
1734,floradanica_1734.tif,Agaricus nebularis Batsch,1821,J. W. Hornemann,Svampe,Digitale Samlinger: Billeder:Særudgivelser:Flora Danica:Hæfte:Hft. 29,,(Clitocybe)!,-,,-,free
1735,floradanica_1735.tif,Agaricus pratensis Pers. v. flavescens / Agaricus dentatus Schum.,1821,J. W. Hornemann,Svampe,Digitale Samlinger: Billeder:Særudgivelser:Flora Danica:Hæfte:Hft. 29,,Hygophorus pratensis var. flavescens Fr.,-,,-,free
1736,floradanica_1736.tif,Agaricus rhodopolius Fr.,1821,J. W. Hornemann,Svampe,Digitale Samlinger: Billeder:Særudgivelser:Flora Danica:Hæfte:Hft. 29,,(Entoloma)!,-,,-,free
1737,floradanica_1737.tif,Agaricus speciosus Fr.,1821,J. W. Hornemann,Svampe,Digitale Samlinger: Billeder:Særudgivelser:Flora Danica:Hæfte:Hft. 29,,(Volvaria)!,-,,-,free
1738,floradanica_1738.tif,Thelephora hirsuta Willd. / Thelephora cruenta Horn.,1821,J. W. Hornemann,Svampe,Digitale Samlinger: Billeder:Særudgivelser:Flora Danica:Hæfte:Hft. 29,,Stereum hirsutum (Willd.) Fr.,-,,-,free
1739,floradanica_1739.tif,Cantharellus crispus Fr,1821,J. W. Hornemann,Svampe,Digitale Samlinger: Billeder:Særudgivelser:Flora Danica:Hæfte:Hft. 29,,Trogia crispa Fr. (Merulius crispus Pers.),-,,-,free
1740,floradanica_1740.tif,Tulostoma brumale Pers. / Piligena lycoperdiodes Schum.,1821,J. W. Hornemann,Svampe,Digitale Samlinger: Billeder:Særudgivelser:Flora Danica:Hæfte:Hft. 29,,Tulasnodea mammosa Fr.,-,,-,free
1741,floradanica_1741.tif,"Callitriche verna [beta], hermaphrodita Horn.",1823,J. W. Hornemann,Karplanter,Digitale Samlinger: Billeder:Særudgivelser:Flora Danica:Hæfte:Hft. 30,Callitrichaceae,Callitriche stagnalis Scop.,Vandstjerne,Vandstjernefamilien,Storfrugtet,free
1742,floradanica_1742.tif,Scirpus radicans Schk.,1823,J. W. Hornemann,Karplanter,Digitale Samlinger: Billeder:Særudgivelser:Flora Danica:Hæfte:Hft. 30,Cyperaceae,Scirpus radicans Schkuhr,Kogleaks,Halvgræsfamilien,Bølget,free
1743,floradanica_1743.tif,Scirpus Duvalii Hopp.,1823,J. W. Hornemann,Karplanter,Digitale Samlinger: Billeder:Særudgivelser:Flora Danica:Hæfte:Hft. 30,Cyperaceae,Schoenoplectus lacustris x triqueter,Kogleaks,Halvgræsfamilien,Butkantet,free
1744,floradanica_1744.tif,Leersia oryzoides Sw.,1823,J. W. Hornemann,Karplanter,Digitale Samlinger: Billeder:Særudgivelser:Flora Danica:Hæfte:Hft. 30,Poaceae,Leersia oryzoides (L.) Swartz,Risgræs,Græsfamilien,,free
1745,floradanica_1745.tif,Isnardia palustris L.,1823,J. W. Hornemann,Karplanter,Digitale Samlinger: Billeder:Særudgivelser:Flora Danica:Hæfte:Hft. 30,Onagraceae,Ludwigia palustris (L.) Elliott,Vandkryb,Natlysfamilien,,free
1746,floradanica_1746.tif,Potamogeton pectinatus L.,1823,J. W. Hornemann,Karplanter,Digitale Samlinger: Billeder:Særudgivelser:Flora Danica:Hæfte:Hft. 30,Potamogetonaceae,Potamogeton pectinatus L.,Vandaks,Vandaksfamilien,Børstebladet,free
1747,floradanica_1747.tif,Potamogeton acutifolius Link.,1823,J. W. Hornemann,Karplanter,Digitale Samlinger: Billeder:Særudgivelser:Flora Danica:Hæfte:Hft. 30,Potamogetonaceae,Potamogeton acutifolius Link in Roemer & Schultes,Vandaks,Vandaksfamilien,Spidsbladet,free
1748,floradanica_1748.tif,Viola arvensis Murr.,1823,J. W. Hornemann,Karplanter,Digitale Samlinger: Billeder:Særudgivelser:Flora Danica:Hæfte:Hft. 30,Violaceae,Viola arvensis Murray,Stedmoderblomst,Violfamilien,Ager-,free
1749,floradanica_1749.tif,Sium Falcaria L.,1823,J. W. Hornemann,Karplanter,Digitale Samlinger: Billeder:Særudgivelser:Flora Danica:Hæfte:Hft. 30,Apiaceae,Falcaria vulgaris Bernh.,Seglblad,Skærmblomstfamilien,,free
1750,floradanica_1750.tif,Selinum Oreoselinum (L.) Scop.,1823,J. W. Hornemann,Karplanter,Digitale Samlinger: Billeder:Særudgivelser:Flora Danica:Hæfte:Hft. 30,Apiaceae,Peucedanum oreoselinum (L.) Moench,Svovlrod,Skærmblomstfamilien,Bakke-,free
1751,floradanica_1751.tif,Laserpitium prutenicum L.,1823,J. W. Hornemann,Karplanter,Digitale Samlinger: Billeder:Særudgivelser:Flora Danica:Hæfte:Hft. 30,Apiaceae,Laserpitium prutenicum L.,Foldfrø,Skærmblomstfamilien,Tysk,free
1752,floradanica_1752.tif,Oenothera muricata Murr.,1823,J. W. Hornemann,Karplanter,Digitale Samlinger: Billeder:Særudgivelser:Flora Danica:Hæfte:Hft. 30,Onagraceae,Oenothera oakesiana ??,Natlys,Natlysfamilien,Klit-,free
1753,floradanica_1753.tif,Oxalis corniculata L.,1823,J. W. Hornemann,Karplanter,Digitale Samlinger: Billeder:Særudgivelser:Flora Danica:Hæfte:Hft. 30,Oxalidaceae,Oxalis corniculata L.,Surkløver,Surkløverfamilien,Nedliggende,free
1754,floradanica_1754.tif,Alsinella viscosa Hartm.,1823,J. W. Hornemann,Karplanter,Digitale Samlinger: Billeder:Særudgivelser:Flora Danica:Hæfte:Hft. 30,Caryophyllaceae,Minuartia viscosa (Schreber) Schinz & Thell.,Norel,Nellikefamilien,Klæbrig,free
1755,floradanica_1755.tif,Mentha Pulegium L.,1823,J. W. Hornemann,Karplanter,Digitale Samlinger: Billeder:Særudgivelser:Flora Danica:Hæfte:Hft. 30,Lamiaceae,Mentha pulegium L.,Mynte,Læbeblomstfamilien,Polej-,free
1756,floradanica_1756.tif,Leonurus Cardiaca L. var.,1823,J. W. Hornemann,Karplanter,Digitale Samlinger: Billeder:Særudgivelser:Flora Danica:Hæfte:Hft. 30,Lamiaceae,Leonurus cardiaca L. ssp. cardiaca,Hjertespand,Læbeblomstfamilien,Almindelig,free
1757,floradanica_1757.tif,Galeopsis Ladanum L.,1823,J. W. Hornemann,Karplanter,Digitale Samlinger: Billeder:Særudgivelser:Flora Danica:Hæfte:Hft. 30,Lamiaceae,Galeopsis ladanum L.,Hanekro,Læbeblomstfamilien,Sand-,free
1758,floradanica_1758.tif,Pedicularis ramosa Wormskj.,1823,J. W. Hornemann,Karplanter,Digitale Samlinger: Billeder:Særudgivelser:Flora Danica:Hæfte:Hft. 30,Scrophulariaceae,Pedicularis labradorica Wirsing,Troldurt,Maskeblomstfamilien,Labrador-,free
1759,floradanica_1759.tif,Erysimum praecox Sm.,1823,J. W. Hornemann,Karplanter,Digitale Samlinger: Billeder:Særudgivelser:Flora Danica:Hæfte:Hft. 30,Brassicaceae,Barbarea verna (Miller) Aschers.,Vinterkarse,Korsblomstfamilien,Langskulpet,free
1760,floradanica_1760.tif,Arabis arenosa (L.) Scop.,1823,J. W. Hornemann,Karplanter,Digitale Samlinger: Billeder:Særudgivelser:Flora Danica:Hæfte:Hft. 30,Brassicaceae,Cardaminopsis arenosa (L.) Hayek,Sandkarse,Korsblomstfamilien,Almindelig,free
1761,floradanica_1761.tif,Lepidium sativum L.,1823,J. W. Hornemann,Karplanter,Digitale Samlinger: Billeder:Særudgivelser:Flora Danica:Hæfte:Hft. 30,Brassicaceae,Lepidium sativum L.,Karse,Korsblomstfamilien,Have-,free
1762,floradanica_1762.tif,Cardamine intermedia Horn.,1823,J. W. Hornemann,Karplanter,Digitale Samlinger: Billeder:Særudgivelser:Flora Danica:Hæfte:Hft. 30,Brassicaceae,Cardamine hirsuta L.,Springklap,Korsblomstfamilien,Roset-,free
1763,floradanica_1763.tif,Gnaphalium luteo-album L.,1823,J. W. Hornemann,Karplanter,Digitale Samlinger: Billeder:Særudgivelser:Flora Danica:Hæfte:Hft. 30,Asteraceae,Gnaphalium luteo-album L.,Evighedsblomst,Kurvblomstfamilien,Gulhvid,free
1764,floradanica_1764.tif,Matricaria Chamomilla L.,1823,J. W. Hornemann,Karplanter,Digitale Samlinger: Billeder:Særudgivelser:Flora Danica:Hæfte:Hft. 30,Asteraceae,Chamomilla recutita (L.) Rauschert,Kamille,Kurvblomstfamilien,Vellugtende,free
1765,floradanica_1765.tif,Carex ericetorum Poll.,1823,J. W. Hornemann,Karplanter,Digitale Samlinger: Billeder:Særudgivelser:Flora Danica:Hæfte:Hft. 30,Cyperaceae,Carex ericetorum Pollich,Star,Halvgræsfamilien,Lyng-,free
1766,floradanica_1766.tif,Carex arenaria L.,1823,J. W. Hornemann,Karplanter,Digitale Samlinger: Billeder:Særudgivelser:Flora Danica:Hæfte:Hft. 30,Cyperaceae,Carex arenaria L.,Star,Halvgræsfamilien,Sand-,free
1767,floradanica_1767.tif,Carex paludosa Good.,1823,J. W. Hornemann,Karplanter,Digitale Samlinger: Billeder:Særudgivelser:Flora Danica:Hæfte:Hft. 30,Cyperaceae,Carex acutiformis Ehrh.,Star,Halvgræsfamilien,Kær-,free
1768,floradanica_1768.tif,Carex fulva Horn.,1823,J. W. Hornemann,Karplanter,Digitale Samlinger: Billeder:Særudgivelser:Flora Danica:Hæfte:Hft. 30,Cyperaceae,Carex sp.,Star,Halvgræsfamilien,,free
1769,floradanica_1769.tif,Carex montana L.,1823,J. W. Hornemann,Karplanter,Digitale Samlinger: Billeder:Særudgivelser:Flora Danica:Hæfte:Hft. 30,Cyperaceae,Carex montana L.,Star,Halvgræsfamilien,Bakke-,free
1770,floradanica_1770.tif,Equisetum umbrosum Willd.,1823,J. W. Hornemann,Karplanter,Digitale Samlinger: Billeder:Særudgivelser:Flora Danica:Hæfte:Hft. 30,Equisetaceae,Equisetum pratense Ehrh.,Padderok,Padderokfamilien,Lund-,free
1771,floradanica_1771.tif,Gymnostomum lapponicum Hedw.,1823,J. W. Hornemann,Mosser,Digitale Samlinger: Billeder:Særudgivelser:Flora Danica:Hæfte:Hft. 30,,Amphorifium lapponicum (H.) Schimp.,-,,-,free
1772,floradanica_1772.tif,Polytrychium laevigatum Wahlenb.,1823,J. W. Hornemann,Mosser,Digitale Samlinger: Billeder:Særudgivelser:Flora Danica:Hæfte:Hft. 30,,Psilopilum arcticim Brid. (Oligotrichum glabratum Lindb.).,-,,-,free
1773,floradanica_1773.tif,Jungermannia  julacea L. / Jungermannia  undulata Horn.,1823,J. W. Hornemann,Mosser,Digitale Samlinger: Billeder:Særudgivelser:Flora Danica:Hæfte:Hft. 30,,Chandonanthus julaceus (L.) Lindb.,-,,-,free
1774,floradanica_1774.tif,Jungermannia  crenulata Sm. / Jungermannia  compressa Hook.,1823,J. W. Hornemann,Mosser,Digitale Samlinger: Billeder:Særudgivelser:Flora Danica:Hæfte:Hft. 30,,Alicularia compressa (Hook.) N. E.,-,,-,free
1775,floradanica_1775.tif,Jungermannia  cordifolia Hook. / Jungermannia  sphaerocarpa Horn.,1823,J. W. Hornemann,Mosser,Digitale Samlinger: Billeder:Særudgivelser:Flora Danica:Hæfte:Hft. 30,,Jungermannia  polaris Lindb. (?) 112),-,,-,free
1776,floradanica_1776.tif,Conferva chrystallina Roth.,1823,J. W. Hornemann,Alger,Digitale Samlinger: Billeder:Særudgivelser:Flora Danica:Hæfte:Hft. 30,,Cladophora crystallina (Roth.) Kütz.,-,,-,free
1777,floradanica_1777.tif,Conferva centralis Horn.,1823,J. W. Hornemann,Alger,Digitale Samlinger: Billeder:Særudgivelser:Flora Danica:Hæfte:Hft. 30,,Spongomorpha arcta (Dillw.) Kütz.,-,,-,free
1778,floradanica_1778.tif,Conferva Aegagropila Lgb. / Conferva velutina Dillw.,1823,J. W. Hornemann,Alger,Digitale Samlinger: Billeder:Særudgivelser:Flora Danica:Hæfte:Hft. 30,,Cladophora Sauteri (N. E.) Kütz. ?,-,,-,free
1779,floradanica_1779.tif,Oscillatroia tenuis Ag. / Nostoc Flos aquae Lgb.,1823,J. W. Hornemann,Alger,Digitale Samlinger: Billeder:Særudgivelser:Flora Danica:Hæfte:Hft. 30,,Anabena Flos aquae (Lyngb.) Kütz.,-,,-,free
1780,floradanica_1780.tif,Conferva rivularis Horn.,1823,J. W. Hornemann,Alger,Digitale Samlinger: Billeder:Særudgivelser:Flora Danica:Hæfte:Hft. 30,,Rhizoctonium v. Cladophora sp.,-,,-,free
1781,floradanica_1781.tif,Sphaeria purpurea Fr. / Sphaeria rufa Pers.,1823,J. W. Hornemann,Svampe,Digitale Samlinger: Billeder:Særudgivelser:Flora Danica:Hæfte:Hft. 30,,Claviceps purpurea (Pers.) Fr.,-,,-,free
1782,floradanica_1782.tif,Sphaeria gelatinosa Tod. / Sphaeria gelatinosa Tod. var. pallida,1823,J. W. Hornemann,Svampe,Digitale Samlinger: Billeder:Særudgivelser:Flora Danica:Hæfte:Hft. 30,,Hypocrea gelatinosa (Tod.) Fr.,-,,-,free
1783,floradanica_1783.tif,Pistillaria diaphana Fr. (Clavaria Schum.) / Clavaria fragilils Holmskj.,1823,J. W. Hornemann,Svampe,Digitale Samlinger: Billeder:Særudgivelser:Flora Danica:Hæfte:Hft. 30,,,-,,-,free
1784,floradanica_1784.tif,Peziza Crucibulum Horn. / Peziza membranacea Schum.,1823,J. W. Hornemann,Svampe,Digitale Samlinger: Billeder:Særudgivelser:Flora Danica:Hæfte:Hft. 30,,Cyathus sp. 113),-,,-,free
1785,floradanica_1785.tif,Peziza Schumacheri Fr. / Peziza virescens Schum.,1823,J. W. Hornemann,Svampe,Digitale Samlinger: Billeder:Særudgivelser:Flora Danica:Hæfte:Hft. 30,,,-,,-,free
1786,floradanica_1786.tif,Peziza coerulescens Schum. / Peziza cerina Pers.,1823,J. W. Hornemann,Svampe,Digitale Samlinger: Billeder:Særudgivelser:Flora Danica:Hæfte:Hft. 30,,Peziza Schumacheri Fr. var. plumba Cooke.,-,,-,free
1787,floradanica_1787.tif,Peziza fimetaria Schum. / Peziza subhirsuta Schum. var. rubrocinnabarina Fr.,1823,J. W. Hornemann,Svampe,Digitale Samlinger: Billeder:Særudgivelser:Flora Danica:Hæfte:Hft. 30,,,-,,-,free
1788,floradanica_1788.tif,Peziza subhirsuta Schum. / Peziza nigrella Pers.,1823,J. W. Hornemann,Svampe,Digitale Samlinger: Billeder:Særudgivelser:Flora Danica:Hæfte:Hft. 30,,,-,,-,free
1789,floradanica_1789.tif,Hydnum minutum Schum. / Hydnum cirrhatum Pers.,1823,J. W. Hornemann,Svampe,Digitale Samlinger: Billeder:Særudgivelser:Flora Danica:Hæfte:Hft. 30,,,-,,-,free
1790,floradanica_1790.tif,Polyporus pubescens (Schum.) Fr. / Polyporus Ribis (Schum.) Fr.,1823,J. W. Hornemann,Svampe,Digitale Samlinger: Billeder:Særudgivelser:Flora Danica:Hæfte:Hft. 30,,,-,,-,free
1791,floradanica_1791.tif,Polyporus populinus (Schum.) Fr.,1823,J. W. Hornemann,Svampe,Digitale Samlinger: Billeder:Særudgivelser:Flora Danica:Hæfte:Hft. 30,,,-,,-,free
1792,floradanica_1792.tif,Boletus castaneus Bull.,1823,J. W. Hornemann,Svampe,Digitale Samlinger: Billeder:Særudgivelser:Flora Danica:Hæfte:Hft. 30,,Boletus vaccinus Pers.,-,,-,free
1793,floradanica_1793.tif,Polyporus giganteus Horn.,1823,J. W. Hornemann,Svampe,Digitale Samlinger: Billeder:Særudgivelser:Flora Danica:Hæfte:Hft. 30,,Polyporus intybaceus Fr.,-,,-,free
1794,floradanica_1794.tif,Boletus spumeus Horn.,1823,J. W. Hornemann,Svampe,Digitale Samlinger: Billeder:Særudgivelser:Flora Danica:Hæfte:Hft. 30,,Polyporus epileucus Fr.,-,,-,free
1795,floradanica_1795.tif,Agaricus granulosus Horn.,1823,J. W. Hornemann,Svampe,Digitale Samlinger: Billeder:Særudgivelser:Flora Danica:Hæfte:Hft. 30,,Agaricus (Lepiota) cinnabarimus (Alb. et Schw.) Fr.,-,,-,free
1796,floradanica_1796.tif,Agaricus cerrussatus Fr.,1823,J. W. Hornemann,Svampe,Digitale Samlinger: Billeder:Særudgivelser:Flora Danica:Hæfte:Hft. 30,,(Clitocybe)!,-,,-,free
1797,floradanica_1797.tif,Agaricus lignatilis Fr.,1823,J. W. Hornemann,Svampe,Digitale Samlinger: Billeder:Særudgivelser:Flora Danica:Hæfte:Hft. 30,,(Pleurotus)!,-,,-,free
1798,floradanica_1798.tif,Agaricus cepaestipes Sow.,1823,J. W. Hornemann,Svampe,Digitale Samlinger: Billeder:Særudgivelser:Flora Danica:Hæfte:Hft. 30,,(Lepiota)! (forma pumila),-,,-,free
1799,floradanica_1799.tif,Agaricus aureus Horn.,1823,J. W. Hornemann,Svampe,Digitale Samlinger: Billeder:Særudgivelser:Flora Danica:Hæfte:Hft. 30,,Agaricus torosus Fr. (Pholiota).,-,,-,free
1800,floradanica_1800.tif,Lycoperdon umbrinum Pers.,1823,J. W. Hornemann,Svampe,Digitale Samlinger: Billeder:Særudgivelser:Flora Danica:Hæfte:Hft. 30,,Lycoperdon constellatum Fr.,-,,-,free
1801,floradanica_1801.tif,Scirpus ovatus Roth.,1825,J. W. Hornemann,Karplanter,Digitale Samlinger: Billeder:Særudgivelser:Flora Danica:Hæfte:Hft. 31,Cyperaceae,Eleocharis ovata (Roth) Roemer & Schultes,Sumpstrå,Halvgræsfamilien,Ægformet,free
1802,floradanica_1802.tif,Agrostis vulgaris pumila (L.) Horn.,1825,J. W. Hornemann,Karplanter,Digitale Samlinger: Billeder:Særudgivelser:Flora Danica:Hæfte:Hft. 31,Poaceae,Agrostis capillaris L.,Hvene,Græsfamilien,Almindelig,free
1803,floradanica_1803.tif,Arundo stricta Timm.,1825,J. W. Hornemann,Karplanter,Digitale Samlinger: Billeder:Særudgivelser:Flora Danica:Hæfte:Hft. 31,Poaceae,Calamagrostis stricta (Timm) Koeler,Rørhvene,Græsfamilien,Stivtoppet,free
1804,floradanica_1804.tif,Alopecurus fulvus Sm.,1825,J. W. Hornemann,Karplanter,Digitale Samlinger: Billeder:Særudgivelser:Flora Danica:Hæfte:Hft. 31,Poaceae,Alopecurus aequalis Sobol.,Rævehale,Græsfamilien,Gul,free
1805,floradanica_1805.tif,Festuca speciosa Schreb. (Bromus inermis Leyss.),1825,J. W. Hornemann,Karplanter,Digitale Samlinger: Billeder:Særudgivelser:Flora Danica:Hæfte:Hft. 31,Poaceae,Bromus inermis Leyss.,Hejre,Græsfamilien,Stakløs,free
1806,floradanica_1806.tif,Bromus tectorum L.,1825,J. W. Hornemann,Karplanter,Digitale Samlinger: Billeder:Særudgivelser:Flora Danica:Hæfte:Hft. 31,Poaceae,Bromus tectorum L.,Hejre,Græsfamilien,Tag-,free
1807,floradanica_1807.tif,Potamogeton nitens Web. (P. curvifolius Hartm.).,1825,J. W. Hornemann,Karplanter,Digitale Samlinger: Billeder:Særudgivelser:Flora Danica:Hæfte:Hft. 31,Potamogetonaceae,Potamogeton nitens  Weber,Vandaks,Vandaksfamilien,Kortstilket,free
1808,floradanica_1808.tif,Plantago arenaria Waldst. et Kit.,1825,J. W. Hornemann,Karplanter,Digitale Samlinger: Billeder:Særudgivelser:Flora Danica:Hæfte:Hft. 31,Plantaginaceae,Plantago arenaria Waldst. & Kit.,Vejbred,Vejbredfamilien,Grenet,free
1809,floradanica_1809.tif,Primula norvegica Retz.,1825,J. W. Hornemann,Karplanter,Digitale Samlinger: Billeder:Særudgivelser:Flora Danica:Hæfte:Hft. 31,Primulaceae,Primula nutans Georgi,Kodriver,Kodriverfamilien,Norsk,free
1810,floradanica_1810.tif,Verbascum cuspidatum Schrad.,1825,J. W. Hornemann,Karplanter,Digitale Samlinger: Billeder:Særudgivelser:Flora Danica:Hæfte:Hft. 31,Scrophulariaceae,Verbascum densiflorum Bertol.,Kongelys,Maskeblomstfamilien,Uldbladet,free
1811,floradanica_1811.tif,Verbascum collinum Schrad.,1825,J. W. Hornemann,Karplanter,Digitale Samlinger: Billeder:Særudgivelser:Flora Danica:Hæfte:Hft. 31,Scrophulariaceae,Verbascum nigrum x thapsus,Kongelys,Maskeblomstfamilien,Mørk x Filtbladet,free
1812,floradanica_1812.tif,Viola stricta Horn.,1825,J. W. Hornemann,Karplanter,Digitale Samlinger: Billeder:Særudgivelser:Flora Danica:Hæfte:Hft. 31,Violaceae,Viola persicifolia Schreber,Viol,Violfamilien,Rank,free
1813,floradanica_1813.tif,Vinca minor L.,1825,J. W. Hornemann,Karplanter,Digitale Samlinger: Billeder:Særudgivelser:Flora Danica:Hæfte:Hft. 31,Apocynaceae,Vinca minor L.,Singrøn,Singrønfamilien,Liden,free
1814,floradanica_1814.tif,Erythraea littoralis Fr.,1825,J. W. Hornemann,Karplanter,Digitale Samlinger: Billeder:Særudgivelser:Flora Danica:Hæfte:Hft. 31,Gentianaceae,Centaurium littorale (D. Turner) Gilmour,Tusindgylden,Ensianfamilien,Strand-,free
1815,floradanica_1815.tif,Epilobium roseum Schreb.,1825,J. W. Hornemann,Karplanter,Digitale Samlinger: Billeder:Særudgivelser:Flora Danica:Hæfte:Hft. 31,Onagraceae,Epilobium roseum Schreber,Dueurt,Natlysfamilien,Rosen-,free
1816,floradanica_1816.tif,Pyrola rotundifolia L.,1825,J. W. Hornemann,Karplanter,Digitale Samlinger: Billeder:Særudgivelser:Flora Danica:Hæfte:Hft. 31,Pyrolaceae,Pyrola rotundifolia L. ssp. rotundifolia,Vintergrøn,Vintergrønfamilien,Mose-,free
1817,floradanica_1817.tif,Pyrola groenlandica Horn.,1825,J. W. Hornemann,Karplanter,Digitale Samlinger: Billeder:Særudgivelser:Flora Danica:Hæfte:Hft. 31,Pyrolaceae,Pyrola grandiflora Radius,Vintergrøn,Vintergrønfamilien,Storblomstret,free
1818,floradanica_1818.tif,Sedum reflexum L.,1825,J. W. Hornemann,Karplanter,Digitale Samlinger: Billeder:Særudgivelser:Flora Danica:Hæfte:Hft. 31,Crassulaceae,Sedum reflexum L.,Stenurt,Stenurtfamilien,Bjerg-,free
1819,floradanica_1819.tif,Potentilla nemoralis Nestl.,1825,J. W. Hornemann,Karplanter,Digitale Samlinger: Billeder:Særudgivelser:Flora Danica:Hæfte:Hft. 31,Rosaceae,Potentilla anglica Laicharding,Potentil,Rosenfamilien,Liggende,free
1820,floradanica_1820.tif,Potentilla recta L.,1825,J. W. Hornemann,Karplanter,Digitale Samlinger: Billeder:Særudgivelser:Flora Danica:Hæfte:Hft. 31,Rosaceae,Potentilla recta L.,Potentil,Rosenfamilien,Rank,free
1821,floradanica_1821.tif,Pedicularis lanata Cham.,1825,J. W. Hornemann,Karplanter,Digitale Samlinger: Billeder:Særudgivelser:Flora Danica:Hæfte:Hft. 31,Scrophulariaceae,Pedicularis lanata Cham. & Schlecht.,Troldurt,Maskeblomstfamilien,Uldhåret,free
1822,floradanica_1822.tif,Thymus Acinos var. villosus (Pers.) Horn.,1825,J. W. Hornemann,Karplanter,Digitale Samlinger: Billeder:Særudgivelser:Flora Danica:Hæfte:Hft. 31,Lamiaceae,Satureja acinos (L.) Scheele,Voldtimian,Læbeblomstfamilien,,free
1823,floradanica_1823.tif,Scutellaria hastifolia L.,1825,J. W. Hornemann,Karplanter,Digitale Samlinger: Billeder:Særudgivelser:Flora Danica:Hæfte:Hft. 31,Lamiaceae,Scutellaria hastifolia L.,Skjolddrager,Læbeblomstfamilien,Spydbladet,free
1824,floradanica_1824.tif,Camelina dentata (Willd.) Pers.,1825,J. W. Hornemann,Karplanter,Digitale Samlinger: Billeder:Særudgivelser:Flora Danica:Hæfte:Hft. 31,Brassicaceae,Camelina alyssum (Miller) Thell. ssp. alyssum,Dodder,Korsblomstfamilien,Hjerteskulpet,free
1825,floradanica_1825.tif,Malva pusilla Sm.,1825,J. W. Hornemann,Karplanter,Digitale Samlinger: Billeder:Særudgivelser:Flora Danica:Hæfte:Hft. 31,Malvaceae,Malva pusilla Sm.,Katost,Katostfamilien,Liden,free
1826,floradanica_1826.tif,Genista germanica L.,1825,J. W. Hornemann,Karplanter,Digitale Samlinger: Billeder:Særudgivelser:Flora Danica:Hæfte:Hft. 31,Fabaceae,Genista germanica L.,Visse,Ærteblomstfamilien,Tysk,free
1827,floradanica_1827.tif,Apargia hirta Sm.,1825,J. W. Hornemann,Karplanter,Digitale Samlinger: Billeder:Særudgivelser:Flora Danica:Hæfte:Hft. 31,,Thrincia hirta Roth.,-,,-,free
1828,floradanica_1828.tif,Tussilago spuria Retz.,1825,J. W. Hornemann,Karplanter,Digitale Samlinger: Billeder:Særudgivelser:Flora Danica:Hæfte:Hft. 31,Asteraceae,Petasites spurius (Retz.) Reichenb.,Hestehov,Kurvblomstfamilien,Filtet,free
1829,floradanica_1829.tif,Carex Schreberi Schrank.,1825,J. W. Hornemann,Karplanter,Digitale Samlinger: Billeder:Særudgivelser:Flora Danica:Hæfte:Hft. 31,Cyperaceae,Carex praecox Schreber,Star,Halvgræsfamilien,Russisk,free
1830,floradanica_1830.tif,Bryonia dioica Jacq.,1825,J. W. Hornemann,Karplanter,Digitale Samlinger: Billeder:Særudgivelser:Flora Danica:Hæfte:Hft. 31,Cucurbitaceae,Bryonia cretica L. ssp.  dioica (Jacq.) Tutin,Galdebær,Græskarfamilien,Tvebo,free
1831,floradanica_1831.tif,Jungermannia dilatata L. / Jungermannia obtusifolia Hook.,1825,J. W. Hornemann,Mosser,Digitale Samlinger: Billeder:Særudgivelser:Flora Danica:Hæfte:Hft. 31,,Frullania dilatata (L.) N. E.,-,,-,free
1832,floradanica_1832.tif,Jungermannia furcata L.,1825,J. W. Hornemann,Mosser,Digitale Samlinger: Billeder:Særudgivelser:Flora Danica:Hæfte:Hft. 31,,Metzgeria furcata (L.) N. E.,-,,-,free
1833,floradanica_1833.tif,Anthoceros laevis L.,1825,J. W. Hornemann,Mosser,Digitale Samlinger: Billeder:Særudgivelser:Flora Danica:Hæfte:Hft. 31,,,-,,-,free
1834,floradanica_1834.tif,Alcynoidium attenuatum Ag.,1825,J. W. Hornemann,Ukendt,Digitale Samlinger: Billeder:Særudgivelser:Flora Danica:Hæfte:Hft. 31,,Non vegetabile,-,,-,free
1835,floradanica_1835.tif,Sphaerococcus purpurascens (Huds.) Ag.,1825,J. W. Hornemann,Alger,Digitale Samlinger: Billeder:Særudgivelser:Flora Danica:Hæfte:Hft. 31,,Cystoclonium purpurascens (Huds.) Kütz.,-,,-,free
1836,floradanica_1836.tif,"Hutchinsia elongata [beta], denudata Ag.",1825,J. W. Hornemann,Alger,Digitale Samlinger: Billeder:Særudgivelser:Flora Danica:Hæfte:Hft. 31,,Polysiphonia elongata (Huds.) Harv.,,,,free
1837,floradanica_1837.tif,Scytosiphon percursa Ag. / Diatoma marinum Lgb.,1825,J. W. Hornemann,Alger,Digitale Samlinger: Billeder:Særudgivelser:Flora Danica:Hæfte:Hft. 31,,Diplonema percursum (Ag.) Kjellm. (ex p.).,-,,-,free
1838,floradanica_1838.tif,"Conferva zonata Web. et M. / Zygnema pectinatum Lgb. / Conferva vesicata [beta], fuscescens Ag.",1825,J. W. Hornemann,Alger,Digitale Samlinger: Billeder:Særudgivelser:Flora Danica:Hæfte:Hft. 31,,Ulothrix zonata (W. et M.) Kütz.,-,,-,free
1839,floradanica_1839.tif,Nostoc pruniforme Ag. / Linkia atra Lgb.,1825,J. W. Hornemann,Ukendt,Digitale Samlinger: Billeder:Særudgivelser:Flora Danica:Hæfte:Hft. 31,,Rivularia atra Roth.,-,,-,free
1840,floradanica_1840.tif,Ulva crispa Ag. / Achnanthes brevipes Ag.,1825,J. W. Hornemann,Alger,Digitale Samlinger: Billeder:Særudgivelser:Flora Danica:Hæfte:Hft. 31,,Prasiola crispa (Ag.) Menegh.,-,,-,free
1841,floradanica_1841.tif,Bangia atropurpurea Ag. / Bangia atropurpurea Ag. var. fuscopurpurea Ag.,1825,J. W. Hornemann,Alger,Digitale Samlinger: Billeder:Særudgivelser:Flora Danica:Hæfte:Hft. 31,,Bangia fuscopurpurea (Dillw.) Lbg.,-,,-,free
1842,floradanica_1842.tif,Ulva Lactuca Horn.,1825,J. W. Hornemann,Alger,Digitale Samlinger: Billeder:Særudgivelser:Flora Danica:Hæfte:Hft. 31,,Monostroma sp.,-,,-,free
1843,floradanica_1843.tif,Agaricus subcavus Schum. / Agaricus sordidus Schum.,1825,J. W. Hornemann,Svampe,Digitale Samlinger: Billeder:Særudgivelser:Flora Danica:Hæfte:Hft. 31,,(Armillaria)!,-,,-,free
1844,floradanica_1844.tif,Agaricus urbus Fr. / Agaricus canaliculatus Schum.,1825,J. W. Hornemann,Svampe,Digitale Samlinger: Billeder:Særudgivelser:Flora Danica:Hæfte:Hft. 31,,(Tricholoma)! = Agaricus incurvus Schum.,-,,-,free
1845,floradanica_1845.tif,Agaricus lacteus Pers. / Agaricus sciophanus Fr.,1825,J. W. Hornemann,Svampe,Digitale Samlinger: Billeder:Særudgivelser:Flora Danica:Hæfte:Hft. 31,,(Mycena)!,-,,-,free
1846,floradanica_1846.tif,Agaricus lacerus v. maritimus Fr. / Agaricus lateritius Fr. (Agaricus cinnamomeus Sch.),1825,J. W. Hornemann,Svampe,Digitale Samlinger: Billeder:Særudgivelser:Flora Danica:Hæfte:Hft. 31,,Agaricus (Inocybe) maritimus Fr.,-,,-,free
1847,floradanica_1847.tif,Agaricus phyllophilus Pers.,1825,J. W. Hornemann,Svampe,Digitale Samlinger: Billeder:Særudgivelser:Flora Danica:Hæfte:Hft. 31,,(Cliotybe)!,-,,-,free
1848,floradanica_1848.tif,Agaricus disseminatus Pers.,1825,J. W. Hornemann,Svampe,Digitale Samlinger: Billeder:Særudgivelser:Flora Danica:Hæfte:Hft. 31,,(Psathyrella)!,-,,-,free
1849,floradanica_1849.tif,Polyporus suavolens Fr.,1825,J. W. Hornemann,Svampe,Digitale Samlinger: Billeder:Særudgivelser:Flora Danica:Hæfte:Hft. 31,,Trametes suavolens Fr.,-,,-,free
1850,floradanica_1850.tif,Polyporus adustus Fr. / Boletus piperatus Bull.,1825,J. W. Hornemann,Svampe,Digitale Samlinger: Billeder:Særudgivelser:Flora Danica:Hæfte:Hft. 31,,,-,,-,free
1851,floradanica_1851.tif,Thelephora viscosa Pers. / Thelephora crustacea Schum.,1825,J. W. Hornemann,Svampe,Digitale Samlinger: Billeder:Særudgivelser:Flora Danica:Hæfte:Hft. 31,,Tremella viscosa Berkel.,-,,-,free
1852,floradanica_1852.tif,Clavaria contorta Holmskj. / Clavaria argillacea Pers. / Stilbum Mucerdae Fr.,1825,J. W. Hornemann,Svampe,Digitale Samlinger: Billeder:Særudgivelser:Flora Danica:Hæfte:Hft. 31,,Hydrophora Mucerdae Fr.,-,,-,free
1853,floradanica_1853.tif,Peziza abietina Pers. / Peziza gemmata Schum.,1825,J. W. Hornemann,Svampe,Digitale Samlinger: Billeder:Særudgivelser:Flora Danica:Hæfte:Hft. 31,,,-,,-,free
1854,floradanica_1854.tif,Peziza fuligiena Schum. / Peziza arenaria Horn. / Peziza patula Schum.,1825,J. W. Hornemann,Svampe,Digitale Samlinger: Billeder:Særudgivelser:Flora Danica:Hæfte:Hft. 31,,Peziza maritima Fr.,-,,-,free
1855,floradanica_1855.tif,Peziza alba Schum. / Peziza lenticularis Bull. / Peziza helotioides Fr.,1825,J. W. Hornemann,Svampe,Digitale Samlinger: Billeder:Særudgivelser:Flora Danica:Hæfte:Hft. 31,,Helotium album (Schum.).,-,,-,free
1856,floradanica_1856.tif,Acscobolus glaber Pers. / Ascobolus furfuraceus Pers. / Ascobolus aerugineus Fr.,1825,J. W. Hornemann,Svampe,Digitale Samlinger: Billeder:Særudgivelser:Flora Danica:Hæfte:Hft. 31,,,-,,-,free
1857,floradanica_1857.tif,Dacrymyces virescens Schum. / Dacrymyces stillatus N. E. / Dacrymyces Syringae Fr.,1825,J. W. Hornemann,Svampe,Digitale Samlinger: Billeder:Særudgivelser:Flora Danica:Hæfte:Hft. 31,,Nematelia virescens (Schum.) Cord.,-,,-,free
1858,floradanica_1858.tif,Sphaeria carpophila Pers. / Sphaeria tremelloides Schum.,1825,J. W. Hornemann,Svampe,Digitale Samlinger: Billeder:Særudgivelser:Flora Danica:Hæfte:Hft. 31,,Xylaria carpophila (P.) Fr.,-,,-,free
1859,floradanica_1859.tif,Sphaeria disciformis Hffm. / Sphaeria caprina Fr.,1825,J. W. Hornemann,Svampe,Digitale Samlinger: Billeder:Særudgivelser:Flora Danica:Hæfte:Hft. 31,,Diatrype disciformis (Hffm.) Fr.,-,,-,free
1860,floradanica_1860.tif,Cenangium acutum Fr. / Hysterium commune Fr. / Hysterium Sambuci Schum.,1825,J. W. Hornemann,Svampe,Digitale Samlinger: Billeder:Særudgivelser:Flora Danica:Hæfte:Hft. 31,,Hysterium Sambuci Schum. = Opegrapha varia Pers.,-,,-,free
1861,floradanica_1861.tif,Scirpus caespitosus L.,1827,J. W. Hornemann,Karplanter,Digitale Samlinger: Billeder:Særudgivelser:Flora Danica:Hæfte:Hft. 32,Cyperaceae,Trichophorum cespitosum (L.) Hartman,Kogleaks,Halvgræsfamilien,Tue-,free
1862,floradanica_1862.tif,Scirpus pauciflorus Lightf.,1827,J. W. Hornemann,Karplanter,Digitale Samlinger: Billeder:Særudgivelser:Flora Danica:Hæfte:Hft. 32,Cyperaceae,Eleocharis quinqueflora (F. X. Hartmann) O. Schwarz,Kogleaks,Halvgræsfamilien,Fåblomstret,free
1863,floradanica_1863.tif,Triticum littoreum Schum.,1827,J. W. Hornemann,Karplanter,Digitale Samlinger: Billeder:Særudgivelser:Flora Danica:Hæfte:Hft. 32,Poaceae,Elytrigia repens (L.) Nevski ssp. caesius,Kvik,Græsfamilien,Blågrøn,free
1864,floradanica_1864.tif,Lolium arvense Horn.,1827,J. W. Hornemann,Karplanter,Digitale Samlinger: Billeder:Særudgivelser:Flora Danica:Hæfte:Hft. 32,Poaceae,Lolium remotum Schrank,Rajgræs,Græsfamilien,Hør-,free
1865,floradanica_1865.tif,Potamogeton zosteraefolius Schum.,1827,J. W. Hornemann,Karplanter,Digitale Samlinger: Billeder:Særudgivelser:Flora Danica:Hæfte:Hft. 32,Potamogetonaceae,Potamogeton compressus L.,Vandaks,Vandaksfamilien,Bændel-,free
1866,floradanica_1866.tif,Galium pusillum Horn.,1827,J. W. Hornemann,Karplanter,Digitale Samlinger: Billeder:Særudgivelser:Flora Danica:Hæfte:Hft. 32,Rubiaceae,Galium pumilum coll.,Snerre,Krapfamilien,Park-,free
1867,floradanica_1867.tif,Hottonia palustris L. var. fl. roseis.,1827,J. W. Hornemann,Karplanter,Digitale Samlinger: Billeder:Særudgivelser:Flora Danica:Hæfte:Hft. 32,Primulaceae,Hottonia palustris L.,Vandrøllike,Kodriverfamilien,,free
1868,floradanica_1868.tif,Myrrhis bulbosa (L.) Spr.,1827,J. W. Hornemann,Karplanter,Digitale Samlinger: Billeder:Særudgivelser:Flora Danica:Hæfte:Hft. 32,Apiaceae,Chaerophyllum bulbosum L.,Hulsvøb,Skærmblomstfamilien,Knoldet,free
1869,floradanica_1869.tif,Ornithogalum arvense Pers.,1827,J. W. Hornemann,Karplanter,Digitale Samlinger: Billeder:Særudgivelser:Flora Danica:Hæfte:Hft. 32,Liliaceae,Gagea villosa (Bieb.) Duby,Guldstjerne,Liljefamilien,Ager-,free
1870,floradanica_1870.tif,Allium vineale L.,1827,J. W. Hornemann,Karplanter,Digitale Samlinger: Billeder:Særudgivelser:Flora Danica:Hæfte:Hft. 32,Liliaceae,Allium vineale L. var. vineale,Løg,Liljefamilien,Almindelig Sand-,free
1871,floradanica_1871.tif,Juncus pygmaeus Thuill.,1827,J. W. Hornemann,Karplanter,Digitale Samlinger: Billeder:Særudgivelser:Flora Danica:Hæfte:Hft. 32,Juncaceae,Juncus pygmaeus L. C. M. Richard   ???,Siv,Sivfamilien,Dværg-,free
1872,floradanica_1872.tif,Juncus obtusiflorus Ehrh.,1827,J. W. Hornemann,Karplanter,Digitale Samlinger: Billeder:Særudgivelser:Flora Danica:Hæfte:Hft. 32,Juncaceae,Juncus subnodulosus Schrank,Siv,Sivfamilien,Butblomstret,free
1873,floradanica_1873.tif,Rumex paluster (palustris) Sm.,1827,J. W. Hornemann,Karplanter,Digitale Samlinger: Billeder:Særudgivelser:Flora Danica:Hæfte:Hft. 32,Polygonaceae,Rumex palustris Sm.,Skræppe,Skedeknæfamilien,Sump-,free
1874,floradanica_1874.tif,Geum intermedium Ehrh.,1827,J. W. Hornemann,Karplanter,Digitale Samlinger: Billeder:Særudgivelser:Flora Danica:Hæfte:Hft. 32,Rosaceae,Geum rivale x urbanum,Nellikerod,Rosenfamilien,Høj,free
1875,floradanica_1875.tif,Potentilla retusa Horn.,1827,J. W. Hornemann,Karplanter,Digitale Samlinger: Billeder:Særudgivelser:Flora Danica:Hæfte:Hft. 32,Rosaceae,Potentilla tridentata Sol. in Ait.,Potentil,Rosenfamilien,Tretands-,free
1876,floradanica_1876.tif,Mentha viridis L.,1827,J. W. Hornemann,Karplanter,Digitale Samlinger: Billeder:Særudgivelser:Flora Danica:Hæfte:Hft. 32,Lamiaceae,Mentha spicata L.,Mynte,Læbeblomstfamilien,Grøn,free
1877,floradanica_1877.tif,Stachys ambigua Sm. / Stachys ambigua Sm.,1827,J. W. Hornemann,Karplanter,Digitale Samlinger: Billeder:Særudgivelser:Flora Danica:Hæfte:Hft. 32,Lamiaceae,Stachys sp.,Galtetand,Læbeblomstfamilien,,free
1878,floradanica_1878.tif,Pedicularis flammea L.,1827,J. W. Hornemann,Karplanter,Digitale Samlinger: Billeder:Særudgivelser:Flora Danica:Hæfte:Hft. 32,Scrophulariaceae,Pedicularis flammea L.,Troldurt,Maskeblomstfamilien,Brand-,free
1879,floradanica_1879.tif,Arabis Holboellii Horn.,1827,J. W. Hornemann,Karplanter,Digitale Samlinger: Billeder:Særudgivelser:Flora Danica:Hæfte:Hft. 32,Brassicaceae,Arabis holboellii Hornem.,Kalkkarse,Korsblomstfamilien,Klippe-,free
1880,floradanica_1880.tif,Lunaria biennis DC.,1827,J. W. Hornemann,Karplanter,Digitale Samlinger: Billeder:Særudgivelser:Flora Danica:Hæfte:Hft. 32,Brassicaceae,Lunaria annua L.,Judaspenge,Korsblomstfamilien,,free
1881,floradanica_1881.tif,Nasturtium silvestre (L.) R. Br.,1827,J. W. Hornemann,Karplanter,Digitale Samlinger: Billeder:Særudgivelser:Flora Danica:Hæfte:Hft. 32,Brassicaceae,Rorippa sylvestris (L.) Besser,Guldkarse,Korsblomstfamilien,Vej-,free
1882,floradanica_1882.tif,Malva Alcea L.,1827,J. W. Hornemann,Karplanter,Digitale Samlinger: Billeder:Særudgivelser:Flora Danica:Hæfte:Hft. 32,Malvaceae,Malva alcea L.,Katost,Katostfamilien,Rosen-,free
1883,floradanica_1883.tif,Melilotus dentatus (Waldst. et Kit.) Pers.,1827,J. W. Hornemann,Karplanter,Digitale Samlinger: Billeder:Særudgivelser:Flora Danica:Hæfte:Hft. 32,Fabaceae,Melilotus dentata (Waldst. & Kit.) Pers.,Stenkløver,Ærteblomstfamilien,Strand-,free
1884,floradanica_1884.tif,Cirsium acaule [beta],1827,J. W. Hornemann,Karplanter,Digitale Samlinger: Billeder:Særudgivelser:Flora Danica:Hæfte:Hft. 32,Asteraceae,Cirsium acaule Scop.,Tidsel,Kurvblomstfamilien,Lav,free
1885,floradanica_1885.tif,Senecio erucaefolius L.,1827,J. W. Hornemann,Karplanter,Digitale Samlinger: Billeder:Særudgivelser:Flora Danica:Hæfte:Hft. 32,Asteraceae,Senecio erucifolius L.,Brandbæger,Kurvblomstfamilien,Smalfliget,free
1886,floradanica_1886.tif,Carex teretiuscula Good.,1827,J. W. Hornemann,Karplanter,Digitale Samlinger: Billeder:Særudgivelser:Flora Danica:Hæfte:Hft. 32,Cyperaceae,Carex diandra Schrank,Star,Halvgræsfamilien,Trindstænglet,free
1887,floradanica_1887.tif,Carex paradoxa Willd.,1827,J. W. Hornemann,Karplanter,Digitale Samlinger: Billeder:Særudgivelser:Flora Danica:Hæfte:Hft. 32,Cyperaceae,Carex appropinquata Schumacher,Star,Halvgræsfamilien,Langakset,free
1888,floradanica_1888.tif,Carex Lyngbyei Horn.,1827,J. W. Hornemann,Karplanter,Digitale Samlinger: Billeder:Særudgivelser:Flora Danica:Hæfte:Hft. 32,Cyperaceae,Carex lyngbyei Hornem.,Star,Halvgræsfamilien,Lyngbyes,free
1889,floradanica_1889.tif,Atriplex portulacoides L.,1827,J. W. Hornemann,Karplanter,Digitale Samlinger: Billeder:Særudgivelser:Flora Danica:Hæfte:Hft. 32,Chenopodiaceae,Halimione portulacoides (L.) Aellen,Kilebæger,Salturtfamilien,Stilkløs,free
1890,floradanica_1890.tif,Mercurialis annua L.,1827,J. W. Hornemann,Karplanter,Digitale Samlinger: Billeder:Særudgivelser:Flora Danica:Hæfte:Hft. 32,Euphorbiaceae,Mercurialis annua L.,Bingelurt,Vortemælkfamilien,Enårig,free
1891,floradanica_1891.tif,Phascum crispum Hedw. / Phascum piliferum Schreb.,1827,J. W. Hornemann,Mosser,Digitale Samlinger: Billeder:Særudgivelser:Flora Danica:Hæfte:Hft. 32,,"Phascum acaule [beta], piliferum Lindb.",-,,-,free
1892,floradanica_1892.tif,Fontinalis antipyretica L.,1827,J. W. Hornemann,Mosser,Digitale Samlinger: Billeder:Særudgivelser:Flora Danica:Hæfte:Hft. 32,,,-,,-,free
1893,floradanica_1893.tif,Gymnostomum curvirostrum Hedw. / Gymnostomum ovatum Hedw.,1827,J. W. Hornemann,Mosser,Digitale Samlinger: Billeder:Særudgivelser:Flora Danica:Hæfte:Hft. 32,,Pottia cavifollia Ehrh.,-,,-,free
1894,floradanica_1894.tif,Jungermannia Tamarisci L.,1827,J. W. Hornemann,Mosser,Digitale Samlinger: Billeder:Særudgivelser:Flora Danica:Hæfte:Hft. 32,,Frullania Tamarisci (L.) N. E.,-,,-,free
1895,floradanica_1895.tif,Jungermannia anomala Hook.,1827,J. W. Hornemann,Mosser,Digitale Samlinger: Billeder:Særudgivelser:Flora Danica:Hæfte:Hft. 32,,Leptoscyphus anomalus (Hook.) Lindb.,-,,-,free
1896,floradanica_1896.tif,Jungermannia incisa Horn. / Jungermannia Trichomanes Dicks.,1827,J. W. Hornemann,Mosser,Digitale Samlinger: Billeder:Særudgivelser:Flora Danica:Hæfte:Hft. 32,,Jungermannia exsecta Schmid. 119),-,,-,free
1897,floradanica_1897.tif,"Cornicularia ochroleuca Ach. / Cenomyce deformis [alfa], crenulata Ach.",1827,J. W. Hornemann,Laver,Digitale Samlinger: Billeder:Særudgivelser:Flora Danica:Hæfte:Hft. 32,,Alectoria ochroleuca var. cincinnata (Fr.) Nyl.,-,,-,free
1898,floradanica_1898.tif,Lecanora miniata Ach. / Collema pulposum Ach.,1827,J. W. Hornemann,Laver,Digitale Samlinger: Billeder:Særudgivelser:Flora Danica:Hæfte:Hft. 32,,"Caloplaca elegans [beta], tenuis (Wahlenb.) Th. Fr.",-,,-,free
1899,floradanica_1899.tif,Lecidea uliginosa Ach. / Verrucaria maura Ach.,1827,J. W. Hornemann,Laver,Digitale Samlinger: Billeder:Særudgivelser:Flora Danica:Hæfte:Hft. 32,,Biatora uliginosa Fr.,-,,-,free
1900,floradanica_1900.tif,Laminaria esculenta Lmrx. var.,1827,J. W. Hornemann,Alger,Digitale Samlinger: Billeder:Særudgivelser:Flora Danica:Hæfte:Hft. 32,,Aleria esculenta (L.) Grev. (pl. junior),-,,-,free
1901,floradanica_1901.tif,Laminaria Phyllitis Ag.,1827,J. W. Hornemann,Alger,Digitale Samlinger: Billeder:Særudgivelser:Flora Danica:Hæfte:Hft. 32,,Laminaria saccharina (L.) f. Phyllitis (Ag.).,-,,-,free
1902,floradanica_1902.tif,Cystoseira fibrosa Ag.,1827,J. W. Hornemann,Alger,Digitale Samlinger: Billeder:Særudgivelser:Flora Danica:Hæfte:Hft. 32,,,-,,-,free
1903,floradanica_1903.tif,Chorda lomentaria Lgb.,1827,J. W. Hornemann,Alger,Digitale Samlinger: Billeder:Særudgivelser:Flora Danica:Hæfte:Hft. 32,,,-,,-,free
1904,floradanica_1904.tif,Nodularia fluviatilis (L.) Lgb.,1827,J. W. Hornemann,Alger,Digitale Samlinger: Billeder:Særudgivelser:Flora Danica:Hæfte:Hft. 32,,Sacheria rigida Sirodot.,-,,-,free
1905,floradanica_1905.tif,Hutchinsia Brodiaei Lgb. / Hutchinsia byssoides (Dillw.) Ag.,1827,J. W. Hornemann,Alger,Digitale Samlinger: Billeder:Særudgivelser:Flora Danica:Hæfte:Hft. 32,,Polysiphonia Brodiaei (Dillw.) Grev. f. Lyngbyei Kjellm.,,,,free
1906,floradanica_1906.tif,Callithamnium reosum Lgb. / Conferva flaccida Lgb.,1827,J. W. Hornemann,Alger,Digitale Samlinger: Billeder:Særudgivelser:Flora Danica:Hæfte:Hft. 32,,Elachista fucicola (Velley) Fries.,-,,-,free
1907,floradanica_1907.tif,Agaricus virgineus Pers. / Agaricus eburneus Horn.,1827,J. W. Hornemann,Svampe,Digitale Samlinger: Billeder:Særudgivelser:Flora Danica:Hæfte:Hft. 32,,Hygrophorus virgineus (Wulf) Fr.,-,,-,free
1908,floradanica_1908.tif,Agaricus connatus Schum.,1827,J. W. Hornemann,Svampe,Digitale Samlinger: Billeder:Særudgivelser:Flora Danica:Hæfte:Hft. 32,,(Cliotybe)!,-,,-,free
1909,floradanica_1909.tif,"Agaricus furcatus [beta], heterophyllus Fr. / Agaricus aurantiacus Fr.",1827,J. W. Hornemann,Svampe,Digitale Samlinger: Billeder:Særudgivelser:Flora Danica:Hæfte:Hft. 32,,Russula heterophylla Fr.,-,,-,free
1910,floradanica_1910.tif,Agaricus sulfureus Bull. / Agaricus rutilans Pers.,1827,J. W. Hornemann,Svampe,Digitale Samlinger: Billeder:Særudgivelser:Flora Danica:Hæfte:Hft. 32,,(Tricholoma)!,-,,-,free
1911,floradanica_1911.tif,Agaricus nudus Horn. (Agaricus quadrifarius Schum.) / Agaricus pantherinus DC.,1827,J. W. Hornemann,Svampe,Digitale Samlinger: Billeder:Særudgivelser:Flora Danica:Hæfte:Hft. 32,,Agaricus (Mycena) pelianthinus Fr.,-,,-,free
1912,floradanica_1912.tif,Agaricus suaveolens Schum. / Agaricus theiogalatus Bull.,1827,J. W. Hornemann,Svampe,Digitale Samlinger: Billeder:Særudgivelser:Flora Danica:Hæfte:Hft. 32,,(Cliotybe)!,-,,-,free
1913,floradanica_1913.tif,Agaricus Necator Pers.,1827,J. W. Hornemann,Svampe,Digitale Samlinger: Billeder:Særudgivelser:Flora Danica:Hæfte:Hft. 32,,Lactarius turpis (Weinm.) Fr.,-,,-,free
1914,floradanica_1914.tif,Agaricus olivaceo-albus Fr. / Agaricus hypotheius Fr.,1827,J. W. Hornemann,Svampe,Digitale Samlinger: Billeder:Særudgivelser:Flora Danica:Hæfte:Hft. 32,,Hygrophorus hypotheius Fr.,-,,-,free
1915,floradanica_1915.tif,Peziza squamosa Schum. / Peziza sulfurata Schum. / Peziza livida Schum.,1827,J. W. Hornemann,Svampe,Digitale Samlinger: Billeder:Særudgivelser:Flora Danica:Hæfte:Hft. 32,,,-,,-,free
1916,floradanica_1916.tif,Peziza Polytrichi Schum. / Peziza rutilans Fr. / Peziza tomentosa Fr.,1827,J. W. Hornemann,Svampe,Digitale Samlinger: Billeder:Særudgivelser:Flora Danica:Hæfte:Hft. 32,,Leucoloma rutilans (Fr.) Fuck.,-,,-,free
1917,floradanica_1917.tif,Peziza calycina Fr. / Peziza alboviolascens Fr. / Peziza grannulaeformis Schum.,1827,J. W. Hornemann,Svampe,Digitale Samlinger: Billeder:Særudgivelser:Flora Danica:Hæfte:Hft. 32,,Helotium calycinum (Schum.) Karst.,-,,-,free
1918,floradanica_1918.tif,"Peziza diversicolor [beta], viridis Fr. / Peziza sulfurea Pers. / Peziza caulicola Fr.",1827,J. W. Hornemann,Svampe,Digitale Samlinger: Billeder:Særudgivelser:Flora Danica:Hæfte:Hft. 32,,Lachnum sulfureum (Pers.) Karst.,-,,-,free
1919,floradanica_1919.tif,Rhizomorpha subterranea Pers.,1827,J. W. Hornemann,Ukendt,Digitale Samlinger: Billeder:Særudgivelser:Flora Danica:Hæfte:Hft. 32,,Rhizomorpha fragilis Roth. (Mycelium Agarici).,-,,-,free
1920,floradanica_1920.tif,Lycoperdon giganteum Batsch.,1827,J. W. Hornemann,Svampe,Digitale Samlinger: Billeder:Særudgivelser:Flora Danica:Hæfte:Hft. 32,,,-,,-,free
1921,floradanica_1921.tif,Veronica alpina var. corymbosa Horn.,1829,J. W. Hornemann,Karplanter,Digitale Samlinger: Billeder:Særudgivelser:Flora Danica:Hæfte:Hft. 33,Scrophulariaceae,Veronica alpina L.,Ærenpris,Maskeblomstfamilien,Alpe-,free
1922,floradanica_1922.tif,Scirpus glaucus Sm.,1829,J. W. Hornemann,Karplanter,Digitale Samlinger: Billeder:Særudgivelser:Flora Danica:Hæfte:Hft. 33,Cyperaceae,Schoenoplectus tabernaemontani (C. C. Gmelin) Palla,Kogleaks,Halvgræsfamilien,Blågrøn,free
1923,floradanica_1923.tif,Scirpus multicaulis Sm.,1829,J. W. Hornemann,Karplanter,Digitale Samlinger: Billeder:Særudgivelser:Flora Danica:Hæfte:Hft. 33,Cyperaceae,Eleocharis multicaulis (Sm.) Desv.,Sumpstrå,Halvgræsfamilien,Mangestænglet,free
1924,floradanica_1924.tif,Poa sudetica Hänk.,1829,J. W. Hornemann,Karplanter,Digitale Samlinger: Billeder:Særudgivelser:Flora Danica:Hæfte:Hft. 33,Poaceae,Poa chaixii Vill.,Rapgræs,Græsfamilien,Sudetisk,free
1925,floradanica_1925.tif,Festuca loliacea Horn.,1829,J. W. Hornemann,Karplanter,Digitale Samlinger: Billeder:Særudgivelser:Flora Danica:Hæfte:Hft. 33,Poaceae,Festuca pratensis L.,Svingel,Græsfamilien,Eng-,free
1926,floradanica_1926.tif,Montia fontana L. v. major,1829,J. W. Hornemann,Karplanter,Digitale Samlinger: Billeder:Særudgivelser:Flora Danica:Hæfte:Hft. 33,Portulacaceae,Montia fontana L. ssp. fontana,Vandarve,Portulakfamilien,Stor,free
1927,floradanica_1927.tif,Solanum nigrum villosum Horn.,1829,J. W. Hornemann,Karplanter,Digitale Samlinger: Billeder:Særudgivelser:Flora Danica:Hæfte:Hft. 33,Solanaceae,Solanum luteum Miller ssp. alatum (Moench) Dostál,Natskygge,Natskyggefamilien,Højrød,free
1928,floradanica_1928.tif,Myrrhis odorata (L.) Scop.,1829,J. W. Hornemann,Karplanter,Digitale Samlinger: Billeder:Særudgivelser:Flora Danica:Hæfte:Hft. 33,Apiaceae,Myrrhis odorata (L.) Scop.,Sødskærm,Skærmblomstfamilien,,free
1929,floradanica_1929.tif,Luzula parviflora (Ehrh.) Desv.,1829,J. W. Hornemann,Karplanter,Digitale Samlinger: Billeder:Særudgivelser:Flora Danica:Hæfte:Hft. 33,Juncaceae,Luzula parviflora (Ehrh.) Desv.,Frytle,Sivfamilien,Småblomstret,free
1930,floradanica_1930.tif,Spergula pentandra Horn.,1829,J. W. Hornemann,Karplanter,Digitale Samlinger: Billeder:Særudgivelser:Flora Danica:Hæfte:Hft. 33,Caryophyllaceae,Spergula morisonii Boreau in Duchartre,Spergel,Nellikefamilien,Vår-,free
1931,floradanica_1931.tif,Cerastium viscosum L. (C. ovale Pers.).,1829,J. W. Hornemann,Karplanter,Digitale Samlinger: Billeder:Særudgivelser:Flora Danica:Hæfte:Hft. 33,Caryophyllaceae,Cerastium glomeratum Thuill.,Hønsetarm,Nellikefamilien,Opret,free
1932,floradanica_1932.tif,Mentha silvestris L.,1829,J. W. Hornemann,Karplanter,Digitale Samlinger: Billeder:Særudgivelser:Flora Danica:Hæfte:Hft. 33,Lamiaceae,Mentha longifolia (L.) Hudson,Mynte,Læbeblomstfamilien,Grå,free
1933,floradanica_1933.tif,Brunella (Prunella) grandiflora Jacq.,1829,J. W. Hornemann,Karplanter,Digitale Samlinger: Billeder:Særudgivelser:Flora Danica:Hæfte:Hft. 33,Lamiaceae,Prunella grandiflora (L.) Scholler,Brunelle,Læbeblomstfamilien,Stor,free
1934,floradanica_1934.tif,Cochlearia danica v. integrifolia DC.,1829,J. W. Hornemann,Karplanter,Digitale Samlinger: Billeder:Særudgivelser:Flora Danica:Hæfte:Hft. 33,Brassicaceae,Cochlearia groenlandica L.,Kokleare,Korsblomstfamilien,Grønlandsk,free
1935,floradanica_1935.tif,Leontodon obliquus Horn.,1829,J. W. Hornemann,Karplanter,Digitale Samlinger: Billeder:Særudgivelser:Flora Danica:Hæfte:Hft. 33,Asteraceae,Taraxacum Palustria (section),Mælkebøtte,Kurvblomstfamilien,Smalbladet,free
1936,floradanica_1936.tif,"Pyrethrum inodorum [beta], maritimum",1829,J. W. Hornemann,Karplanter,Digitale Samlinger: Billeder:Særudgivelser:Flora Danica:Hæfte:Hft. 33,Asteraceae,Matricaria perforata Mérat,Kamille,Kurvblomstfamilien,Lugtløs,free
1937,floradanica_1937.tif,Achillea Millefolium L. var. rosea Horn.,1829,J. W. Hornemann,Karplanter,Digitale Samlinger: Billeder:Særudgivelser:Flora Danica:Hæfte:Hft. 33,Asteraceae,Achillea millefolium L.,Røllike,Kurvblomstfamilien,Almindelig,free
1938,floradanica_1938.tif,"Epipactis latifolia [beta], atrorubens.",1829,J. W. Hornemann,Karplanter,Digitale Samlinger: Billeder:Særudgivelser:Flora Danica:Hæfte:Hft. 33,Orchidaceae,Epipactis atrorubens (Hoffm.) Besser,Hullæbe,Gøgeurtfamilien,Rød,free
1939,floradanica_1939.tif,Poterium Sanguisorba L. (ex. p.),1829,J. W. Hornemann,Karplanter,Digitale Samlinger: Billeder:Særudgivelser:Flora Danica:Hæfte:Hft. 33,Rosaceae,Sanguisorba minor Scop. ssp. minor,Bibernelle,Rosenfamilien,Blodstillende,free
1940,floradanica_1940.tif,Chara hispida Horn.,1829,J. W. Hornemann,Alger,Digitale Samlinger: Billeder:Særudgivelser:Flora Danica:Hæfte:Hft. 33,,Chara aspera Willd.,,,,free
1941,floradanica_1941.tif,Chara tomentosa L.,1829,J. W. Hornemann,Alger,Digitale Samlinger: Billeder:Særudgivelser:Flora Danica:Hæfte:Hft. 33,,Chara ceratophylla * tomentosa Wallm.,,,,free
1942,floradanica_1942.tif,"Equisetum arvense [beta], Wahlenb.",1829,J. W. Hornemann,Karplanter,Digitale Samlinger: Billeder:Særudgivelser:Flora Danica:Hæfte:Hft. 33,Equisetaceae,Equisetum arvense L.,Padderok,Padderokfamilien,Ager-,free
1943,floradanica_1943.tif,Polypodium Dryopteris L.,1829,J. W. Hornemann,Karplanter,Digitale Samlinger: Billeder:Særudgivelser:Flora Danica:Hæfte:Hft. 33,Woodsiaceae,Gymnocarpium dryopteris (L.) Newman,Egebregne,Fjerbregnefamilien,Tredelt,free
1944,floradanica_1944.tif,Jungermannia multifida L.,1829,J. W. Hornemann,Mosser,Digitale Samlinger: Billeder:Særudgivelser:Flora Danica:Hæfte:Hft. 33,,Aneura multifida (L.) Dmrt.,,,,free
1945,floradanica_1945.tif,Jungermannia emarginata Ehrh. / Jungermannia inflata Huds.,1829,J. W. Hornemann,Mosser,Digitale Samlinger: Billeder:Særudgivelser:Flora Danica:Hæfte:Hft. 33,,Sarcoscyphus emarginatus (Ehrh.).,,,,free
1946,floradanica_1946.tif,Lecanora parella Ach. / Lecanora murorum Ach.,1829,J. W. Hornemann,Laver,Digitale Samlinger: Billeder:Særudgivelser:Flora Danica:Hæfte:Hft. 33,,Lecanora pallescens v. parella (L.) Schär.,,,,free
1947,floradanica_1947.tif,Verrucaria nitida Ach. / Endocarpon smaragdulum Wahlenb.,1829,J. W. Hornemann,Laver,Digitale Samlinger: Billeder:Særudgivelser:Flora Danica:Hæfte:Hft. 33,,Blastodesmia nitida (Schrad.) Mass.,,,,free
1948,floradanica_1948.tif,Calicium turbinatum (Pers.) Ach. / Calicium tympanellum Ach.,1829,J. W. Hornemann,Laver,Digitale Samlinger: Billeder:Særudgivelser:Flora Danica:Hæfte:Hft. 33,,Sphinctrina turbinata (Pers.) Nyl.,,,,free
1949,floradanica_1949.tif,Opegrapha rimalis Ach. / Opegrapha stenocarpa Ach.,1829,J. W. Hornemann,Laver,Digitale Samlinger: Billeder:Særudgivelser:Flora Danica:Hæfte:Hft. 33,,"Opegrapha varia [beta], signata.",,,,free
1950,floradanica_1950.tif,Parmelia pruinosa Ach. / Lecidea atro-alba Ach.,1829,J. W. Hornemann,Laver,Digitale Samlinger: Billeder:Særudgivelser:Flora Danica:Hæfte:Hft. 33,,Arthonia pruinosa Ach.,,,,free
1951,floradanica_1951.tif,Calicium roscidum Fr. / Calicium chrysocephalum Fr. / Calicium cerviculatum Ach.,1829,J. W. Hornemann,Laver,Digitale Samlinger: Billeder:Særudgivelser:Flora Danica:Hæfte:Hft. 33,,Calicium curtum Borr.,,,,free
1952,floradanica_1952.tif,Verrucaria maura Ach. / Palmella rubra Fr.,1829,J. W. Hornemann,Laver,Digitale Samlinger: Billeder:Særudgivelser:Flora Danica:Hæfte:Hft. 33,,?,,,,free
1953,floradanica_1953.tif,Sphacelaria scoparioides Lgb. / Chroolepus odoratus Ag.,1829,J. W. Hornemann,Alger,Digitale Samlinger: Billeder:Særudgivelser:Flora Danica:Hæfte:Hft. 33,,Trentepohlia odorata (Lgb.).,,,,free
1954,floradanica_1954.tif,Ectocarpus siliculosus Lgb. / Ceramium roseum Ag. var.,1829,J. W. Hornemann,Alger,Digitale Samlinger: Billeder:Særudgivelser:Flora Danica:Hæfte:Hft. 33,,Ectocarpus confervoides (Roth.) f. siliculosa Le Jol.,,,,free
1955,floradanica_1955.tif,Schizonema rutilans Ag. (Bangia Lgb.). / Hutchinsia implicata Lgb. / Cladostephus laxus Ag.,1829,J. W. Hornemann,Alger,Digitale Samlinger: Billeder:Særudgivelser:Flora Danica:Hæfte:Hft. 33,,Polysiphonia aculeata (Ag.) Kütz.,,,,free
1956,floradanica_1956.tif,Chaetophora elegans (Roth.) Ag. / Chaetophora elegans var. major,1829,J. W. Hornemann,Alger,Digitale Samlinger: Billeder:Særudgivelser:Flora Danica:Hæfte:Hft. 33,,Chaetophora elegans forma.,,,,free
1957,floradanica_1957.tif,Frugilaria hiemalis Lgb. / Diatoma auritum Lgb. / Echinella fasciculata Lgb.,1829,J. W. Hornemann,Alger,Digitale Samlinger: Billeder:Særudgivelser:Flora Danica:Hæfte:Hft. 33,,Diatoma Hyemale (Roth.) Heib.?,,,,free
1958,floradanica_1958.tif,Agaricus tegularis Schum. / Agaricus porphyrius Horn. (A. gracilis) Schum.,1829,J. W. Hornemann,Svampe,Digitale Samlinger: Billeder:Særudgivelser:Flora Danica:Hæfte:Hft. 33,,(Psilocybe) !,,,,free
1959,floradanica_1959.tif,Agaricus semiputris Bull. / Agaricus semiputris var.,1829,J. W. Hornemann,Svampe,Digitale Samlinger: Billeder:Særudgivelser:Flora Danica:Hæfte:Hft. 33,,Agaricus (Panaeolus) campanulatus L.,,,,free
1960,floradanica_1960.tif,"Agaricus ephemerus [beta], Fr. / Agaricus impatiens Horn.",1829,J. W. Hornemann,Svampe,Digitale Samlinger: Billeder:Særudgivelser:Flora Danica:Hæfte:Hft. 33,,Coprinus sociatus (Schum.) Fr.,,,,free
1961,floradanica_1961.tif,Agaricus alternatus Schum. / Agaricus Blennius Fr.,1829,J. W. Hornemann,Svampe,Digitale Samlinger: Billeder:Særudgivelser:Flora Danica:Hæfte:Hft. 33,,Coprinus alternatus (Schum.) Fr.,,,,free
1962,floradanica_1962.tif,Boletus luridus Schäff.,1829,J. W. Hornemann,Svampe,Digitale Samlinger: Billeder:Særudgivelser:Flora Danica:Hæfte:Hft. 33,,Boletus erythropus Pers.,,,,free
1963,floradanica_1963.tif,Polyporus cryptorum (Bull.) Fr. / Polyporus caesius (Schrad.) / Polyporus fumosus Fr. (Boletus coeruleus Schum.),1829,J. W. Hornemann,Svampe,Digitale Samlinger: Billeder:Særudgivelser:Flora Danica:Hæfte:Hft. 33,,Polyporus coeruleus (Schum.).,,,,free
1964,floradanica_1964.tif,Daedalea gibbosa Pers.,1829,J. W. Hornemann,Svampe,Digitale Samlinger: Billeder:Særudgivelser:Flora Danica:Hæfte:Hft. 33,,Trametes gibbosa (Pers.) Fr.,,,,free
1965,floradanica_1965.tif,Hydnum subsquamosum Batsch.,1829,J. W. Hornemann,Svampe,Digitale Samlinger: Billeder:Særudgivelser:Flora Danica:Hæfte:Hft. 33,,,,,,free
1966,floradanica_1966.tif,Clavaria flavipes Pers. / Clavaria fragilis Holmskj.,1829,J. W. Hornemann,Svampe,Digitale Samlinger: Billeder:Særudgivelser:Flora Danica:Hæfte:Hft. 33,,Clavaria vermiculata Scop.,,,,free
1967,floradanica_1967.tif,Clavaria byssiseda Pers. / Typhula villosa Fr.,1829,J. W. Hornemann,Svampe,Digitale Samlinger: Billeder:Særudgivelser:Flora Danica:Hæfte:Hft. 33,,,,,,free
1968,floradanica_1968.tif,Helvella lacunosa Afz. / Helvella elastica Bull.,1829,J. W. Hornemann,Svampe,Digitale Samlinger: Billeder:Særudgivelser:Flora Danica:Hæfte:Hft. 33,,,,,,free
1969,floradanica_1969.tif,Elaphomyces granulosus Fr. / Scleroderma vulgare var. squamosa Fr.,1829,J. W. Hornemann,Svampe,Digitale Samlinger: Billeder:Særudgivelser:Flora Danica:Hæfte:Hft. 33,,Elaphomyces rugosus Fr.,,,,free
1970,floradanica_1970.tif,Peziza onotica Pers. / Peziza hirta Schum. / Peziza Capula Holmskj.,1829,J. W. Hornemann,Svampe,Digitale Samlinger: Billeder:Særudgivelser:Flora Danica:Hæfte:Hft. 33,,Cyphella Capula (Holmskj.) Fr.,,,,free
1971,floradanica_1971.tif,Peziza vaccinea Schum. / Peziza Tuba Bolt. / Peziza citrina Batsch.,1829,J. W. Hornemann,Svampe,Digitale Samlinger: Billeder:Særudgivelser:Flora Danica:Hæfte:Hft. 33,,Helotium vaccinum (Schum.) Fr.,,,,free
1972,floradanica_1972.tif,Diderma umbilicatum Pers. / Diderma hemisphaericum (Bull.),1829,J. W. Hornemann,Slimsvampe,Digitale Samlinger: Billeder:Særudgivelser:Flora Danica:Hæfte:Hft. 33,,Didymium hemisphaericum Fr.,,,,free
1973,floradanica_1973.tif,Diderma ramosum Fr. / Diderma oblongum Schum. / Diderma oblongum Schum.,1829,J. W. Hornemann,Slimsvampe,Digitale Samlinger: Billeder:Særudgivelser:Flora Danica:Hæfte:Hft. 33,,Leocarpus ramosus (Schum.) Fr.,,,,free
1974,floradanica_1974.tif,Physarum solutum Schum. / Physarum cernuum Fr. / Physarum bulbiforme Schum.,1829,J. W. Hornemann,Slimsvampe,Digitale Samlinger: Billeder:Særudgivelser:Flora Danica:Hæfte:Hft. 33,,Tilmadoche soluta (Sch.) Fr.,,,,free
1975,floradanica_1975.tif,Arcyria cinerea Schum. / Arcyria umbrina Schum.,1829,J. W. Hornemann,Slimsvampe,Digitale Samlinger: Billeder:Særudgivelser:Flora Danica:Hæfte:Hft. 33,,Arcyria umbrina Schum. Fig. commutatae.,,,,free
1976,floradanica_1976.tif,Reticularia plumbea (Schum.) Fr. / Reticularia umbrina Fr.,1829,J. W. Hornemann,Slimsvampe,Digitale Samlinger: Billeder:Særudgivelser:Flora Danica:Hæfte:Hft. 33,,,,,,free
1977,floradanica_1977.tif,Reticularia carnea (Schum.) Fr. / Reticularia ungulina Fr. (Lycoperdon Schum.).,1829,J. W. Hornemann,Slimsvampe,Digitale Samlinger: Billeder:Særudgivelser:Flora Danica:Hæfte:Hft. 33,,,,,,free
1978,floradanica_1978.tif,Spumaria alba DC. / Diderma spumarioides Fr.,1829,J. W. Hornemann,Slimsvampe,Digitale Samlinger: Billeder:Særudgivelser:Flora Danica:Hæfte:Hft. 33,,Carcerina spumarioides Fr.,,,,free
1979,floradanica_1979.tif,Diderma minutum Schum. / Diderma granulatum Fr. (Spumaria Schum.).,1829,J. W. Hornemann,Slimsvampe,Digitale Samlinger: Billeder:Særudgivelser:Flora Danica:Hæfte:Hft. 33,,Leocarpus minutus (Sch.) Fr.,,,,free
1980,floradanica_1980.tif,Polyangium umbrinum Fr. / Physarum violaceum Schum.,1829,J. W. Hornemann,Slimsvampe,Digitale Samlinger: Billeder:Særudgivelser:Flora Danica:Hæfte:Hft. 33,,Physarum conglomeratum (Fr.) Rostaf.,,,,free
1981,floradanica_1981.tif,Utricularia neglecta Lehm.,1830,J. W. Hornemann,Karplanter,Digitale Samlinger: Billeder:Særudgivelser:Flora Danica:Hæfte:Hft. 34,Lentibulariaceae,Utricularia australis R.Br.,Blærerod,Blærerodfamilien,Slank,free
1982,floradanica_1982.tif,Veronica Buxbaumii Ten.,1830,J. W. Hornemann,Karplanter,Digitale Samlinger: Billeder:Særudgivelser:Flora Danica:Hæfte:Hft. 34,Scrophulariaceae,Veronica persica Poiret,Ærenpris,Maskeblomstfamilien,Storkronet,free
1983,floradanica_1983.tif,Scirpus triqueter L.,1830,J. W. Hornemann,Karplanter,Digitale Samlinger: Billeder:Særudgivelser:Flora Danica:Hæfte:Hft. 34,Cyperaceae,Scirpus triqueter L.,Kogleaks,Halvgræsfamilien,Trekantet,free
1984,floradanica_1984.tif,Phleum pratense L.,1830,J. W. Hornemann,Karplanter,Digitale Samlinger: Billeder:Særudgivelser:Flora Danica:Hæfte:Hft. 34,Poaceae,Phleum pratense L.  ssp. pratense,Rottehale,Græsfamilien,Eng-,free
1985,floradanica_1985.tif,Alopecurus pratensis L.,1830,J. W. Hornemann,Karplanter,Digitale Samlinger: Billeder:Særudgivelser:Flora Danica:Hæfte:Hft. 34,Poaceae,Alopecurus pratensis L.,Rævehale,Græsfamilien,Eng-,free
1986,floradanica_1986.tif,Triticum acutum Horn.,1830,J. W. Hornemann,Karplanter,Digitale Samlinger: Billeder:Særudgivelser:Flora Danica:Hæfte:Hft. 34,Poaceae,Elytrigia obtisiusculum  (Lange) Hyl.,Kvik,Græsfamilien,Klit-,free
1987,floradanica_1987.tif,Cuscuta Epilinum Whe.,1830,J. W. Hornemann,Karplanter,Digitale Samlinger: Billeder:Særudgivelser:Flora Danica:Hæfte:Hft. 34,Cuscutaceae,Cuscuta epilinum Weihe,Silke,Silkefamilien,Hør-,free
1988,floradanica_1988.tif,Myosotis palustris With.,1830,J. W. Hornemann,Karplanter,Digitale Samlinger: Billeder:Særudgivelser:Flora Danica:Hæfte:Hft. 34,Boraginaceae,Myosotis scorpioides L.,Forglemmigej,Rubladfamilien,Eng-,free
1989,floradanica_1989.tif,Coriandrum sativum L.,1830,J. W. Hornemann,Karplanter,Digitale Samlinger: Billeder:Særudgivelser:Flora Danica:Hæfte:Hft. 34,Apiaceae,Coriandrum sativum L.,Koriander,Skærmblomstfamilien,,free
1990,floradanica_1990.tif,Caucalis nodosa Huds. (Tordylium L.),1830,J. W. Hornemann,Karplanter,Digitale Samlinger: Billeder:Særudgivelser:Flora Danica:Hæfte:Hft. 34,Oleaceae,Torilis nodosa (L.) Gaertn.,Randfrø,Olivenfamilien,Knudet,free
1991,floradanica_1991.tif,Aethusa Cynapium L.,1830,J. W. Hornemann,Karplanter,Digitale Samlinger: Billeder:Særudgivelser:Flora Danica:Hæfte:Hft. 34,Apiaceae,Aethusa cynapinum L. s.l.,Hundepersille,Skærmblomstfamilien,,free
1992,floradanica_1992.tif,Rubus suberectus And.,1830,J. W. Hornemann,Karplanter,Digitale Samlinger: Billeder:Særudgivelser:Flora Danica:Hæfte:Hft. 34,Rosaceae,Rubus sp.,Brombær,Rosenfamilien,,free
1993,floradanica_1993.tif,Ranunculus tripartitus Horn.,1830,J. W. Hornemann,Karplanter,Digitale Samlinger: Billeder:Særudgivelser:Flora Danica:Hæfte:Hft. 34,Ranunculaceae,Ranunculus baudotii Godron,Vandranunkel,Ranunkelfamilien,Strand-,free
1994,floradanica_1994.tif,Geranium pusillum L.,1830,J. W. Hornemann,Karplanter,Digitale Samlinger: Billeder:Særudgivelser:Flora Danica:Hæfte:Hft. 34,Geraniaceae,Geranium pusillum L.,Storkenæb,Storkenæbfamilien,Liden,free
1995,floradanica_1995.tif,"Lotus corniculatus z[zeta], tenuifolius DC.",1830,J. W. Hornemann,Karplanter,Digitale Samlinger: Billeder:Særudgivelser:Flora Danica:Hæfte:Hft. 34,Fabaceae,Lotus glaber,Kællingetand,Ærteblomstfamilien,Smalbladet,free
1996,floradanica_1996.tif,Apargia autumnalis Willd.,1830,J. W. Hornemann,Karplanter,Digitale Samlinger: Billeder:Særudgivelser:Flora Danica:Hæfte:Hft. 34,Asteraceae,Leontodon autumnalis L.,Borst,Kurvblomstfamilien,Høst-,free
1997,floradanica_1997.tif,Crepis biennis L.,1830,J. W. Hornemann,Karplanter,Digitale Samlinger: Billeder:Særudgivelser:Flora Danica:Hæfte:Hft. 34,Asteraceae,Crepis biennis L.,Høgeskæg,Kurvblomstfamilien,Toårig,free
1998,floradanica_1998.tif,Centaurea Calcitrapa L.,1830,J. W. Hornemann,Karplanter,Digitale Samlinger: Billeder:Særudgivelser:Flora Danica:Hæfte:Hft. 34,Asteraceae,Centaurea calcitrapa L.,Knopurt,Kurvblomstfamilien,Stjerne-,free
1999,floradanica_1999.tif,Erigeron compositus Pursh.,1830,J. W. Hornemann,Karplanter,Digitale Samlinger: Billeder:Særudgivelser:Flora Danica:Hæfte:Hft. 34,Asteraceae,Erigeron compositus Pursh.,Bakkestjerne,Kurvblomstfamilien,Sol-,free
2000,floradanica_2000.tif,Ceratophyllum demersum L.,1830,J. W. Hornemann,Karplanter,Digitale Samlinger: Billeder:Særudgivelser:Flora Danica:Hæfte:Hft. 34,Ceratophyllaceae,Ceratophyllum demersum L.,Hornblad,Hornbladfamilien,Tornfrøet,free
2001,floradanica_2001.tif,Equisetum arvense L.,1830,J. W. Hornemann,Karplanter,Digitale Samlinger: Billeder:Særudgivelser:Flora Danica:Hæfte:Hft. 34,Equisetaceae,Equisetum arvense L.,Padderok,Padderokfamilien,Ager-,free
2002,floradanica_2002.tif,Dicranum Moerchianum Hornsch.,1830,J. W. Hornemann,Mosser,Digitale Samlinger: Billeder:Særudgivelser:Flora Danica:Hæfte:Hft. 34,,Dicranum (Arctoa) fulvellum (Dicks.) Sm.,,,,free
2003,floradanica_2003.tif,Dicranum falcatum Ehrh.,1830,J. W. Hornemann,Mosser,Digitale Samlinger: Billeder:Særudgivelser:Flora Danica:Hæfte:Hft. 34,,,,,,free
2004,floradanica_2004.tif,Jungermannia Blyttii M°rch.,1830,J. W. Hornemann,Mosser,Digitale Samlinger: Billeder:Særudgivelser:Flora Danica:Hæfte:Hft. 34,,Pallavicinia Blyttii (M°rch) Lindb.,,,,free
2005,floradanica_2005.tif,Jungermannia ventricosa Dicks. (pl. fructifera et gonidiifera). / Jungermannia albicans L.,1830,J. W. Hornemann,Mosser,Digitale Samlinger: Billeder:Særudgivelser:Flora Danica:Hæfte:Hft. 34,,Diplophyllum albicans (L.) Lindb.,,,,free
2006,floradanica_2006.tif,Jungermannia serpyllifolia Dicks.,1830,J. W. Hornemann,Mosser,Digitale Samlinger: Billeder:Særudgivelser:Flora Danica:Hæfte:Hft. 34,,Lejeunia serpyllifolia (Dicks.) Lib. (Jungerm. cavifolia Ehrh.),,,,free
2007,floradanica_2007.tif,Parmelia recurva Ach. / Parmelia stygia L.,1830,J. W. Hornemann,Laver,Digitale Samlinger: Billeder:Særudgivelser:Flora Danica:Hæfte:Hft. 34,,Parmelia incurva Pers.,,,,free
2008,floradanica_2008.tif,Lecanora straminea (Wahlenb.)Ach. / Lecanora ereutica (Wahlenb.),1830,J. W. Hornemann,Laver,Digitale Samlinger: Billeder:Særudgivelser:Flora Danica:Hæfte:Hft. 34,,Placodium stramineum (Wahlenb.),,,,free
2009,floradanica_2009.tif,Lecidea cinnabarina Smrf. / Urceolaria Acharii (Westr.) Ach.,1830,J. W. Hornemann,Laver,Digitale Samlinger: Billeder:Særudgivelser:Flora Danica:Hæfte:Hft. 34,,Aspicilia lacustris (With.) Th. Fr.,,,,free
2010,floradanica_2010.tif,Cornicularia ochroleuca Ach. / Cetraria cucullata (Sm.) Ach.,1830,J. W. Hornemann,Laver,Digitale Samlinger: Billeder:Særudgivelser:Flora Danica:Hæfte:Hft. 34,,"Alectoria ochroleuca (Ehrh.) Fr. [alfa], rigida (Vill.).",,,,free
2011,floradanica_2011.tif,Sphaerococcus mammillosus Ag.,1830,J. W. Hornemann,Alger,Digitale Samlinger: Billeder:Særudgivelser:Flora Danica:Hæfte:Hft. 34,,Gigartina mammillosa (Turn.) Ag.,,,,free
2012,floradanica_2012.tif,Mycinema Pteridis Ag. / Scytosiphon velutinus Horn.,1830,J. W. Hornemann,Ukendt,Digitale Samlinger: Billeder:Særudgivelser:Flora Danica:Hæfte:Hft. 34,,Pili e scapo subterraneo Pteridis Aquilinae.,,,,free
2013,floradanica_2013.tif,Syncollesia melaena Ag. / Byssocladium dendriticum Ag.,1830,J. W. Hornemann,Svampe,Digitale Samlinger: Billeder:Særudgivelser:Flora Danica:Hæfte:Hft. 34,,,,,,free
2014,floradanica_2014.tif,Oscillatoria limosa var. violacea Horn. / Oscillatoria flexuosa Horn.,1830,J. W. Hornemann,Alger,Digitale Samlinger: Billeder:Særudgivelser:Flora Danica:Hæfte:Hft. 34,,Oscillaria sp.,,,,free
2015,floradanica_2015.tif,"Peziza acicularis [beta], abietina Fr. / Diderma(?) Didymium (?) spurium Schum.",1830,J. W. Hornemann,Svampe,Digitale Samlinger: Billeder:Særudgivelser:Flora Danica:Hæfte:Hft. 34,,Helotium elongatum Fr.,,,,free
2016,floradanica_2016.tif,Stemonitis ferruginea Fr. / Stemonitis fusca Roth.,1830,J. W. Hornemann,Slimsvampe,Digitale Samlinger: Billeder:Særudgivelser:Flora Danica:Hæfte:Hft. 34,,,,,,free
2017,floradanica_2017.tif,"Arcyria nutans (Bull.) Grev. / Arcyria punicea [beta], vermicularis Fr.",1830,J. W. Hornemann,Slimsvampe,Digitale Samlinger: Billeder:Særudgivelser:Flora Danica:Hæfte:Hft. 34,,,,,,free
2018,floradanica_2018.tif,"Agaricus peronatus [beta], tomentellus Fr. / Agaricus peronatus Bolt",1830,J. W. Hornemann,Svampe,Digitale Samlinger: Billeder:Særudgivelser:Flora Danica:Hæfte:Hft. 34,,Marasmius urens Fr. var.,,,,free
2019,floradanica_2019.tif,"Agaricus dryophilus Bull. / Agaricus dryophilys Bull. var. [beta], (A. tuberosus Schum.)",1830,J. W. Hornemann,Svampe,Digitale Samlinger: Billeder:Særudgivelser:Flora Danica:Hæfte:Hft. 34,,(Collybia)!,,,,free
2020,floradanica_2020.tif,Agaricus udus Pers. / Agaricus porreus Fr.,1830,J. W. Hornemann,Svampe,Digitale Samlinger: Billeder:Særudgivelser:Flora Danica:Hæfte:Hft. 34,,(Psilocybe)!,,,,free
2021,floradanica_2021.tif,Agaricus candicans Horn. / Agaricus tenacellus Fr.,1830,J. W. Hornemann,Svampe,Digitale Samlinger: Billeder:Særudgivelser:Flora Danica:Hæfte:Hft. 34,,Agaricus (Clitocybe) obsoletus Batsch. (A. mustelinus Schum.),,,,free
2022,floradanica_2022.tif,"Agaricus tuberosus [beta], Fr. / Agaricus filopes Bull.",1830,J. W. Hornemann,Svampe,Digitale Samlinger: Billeder:Særudgivelser:Flora Danica:Hæfte:Hft. 34,,Agaricus (Collybia) Alumnus Fr. (A. parasiticus Schum.).,,,,free
2023,floradanica_2023.tif,Agaricus muscigenus Schum. / Agaricus plexipes Fr.,1830,J. W. Hornemann,Svampe,Digitale Samlinger: Billeder:Særudgivelser:Flora Danica:Hæfte:Hft. 34,,(Collybia)!,,,,free
2024,floradanica_2024.tif,Agaricus prasiosmus Horn. / Agaricus elegans Pers.,1830,J. W. Hornemann,Svampe,Digitale Samlinger: Billeder:Særudgivelser:Flora Danica:Hæfte:Hft. 34,,Agaricus (Mycena) crocatus Schrad.,,,,free
2025,floradanica_2025.tif,Agaricus strobilinus Pers. / Agaricus rosellus Fr. / Agaricus stylobates Pers.,1830,J. W. Hornemann,Svampe,Digitale Samlinger: Billeder:Særudgivelser:Flora Danica:Hæfte:Hft. 34,,(Mycena)!,,,,free
2026,floradanica_2026.tif,Merulius lacrymans (Wulf.) Fr.,1830,J. W. Hornemann,Svampe,Digitale Samlinger: Billeder:Særudgivelser:Flora Danica:Hæfte:Hft. 34,,,,,,free
2027,floradanica_2027.tif,Cantharellus galeatus Fr. / Merulius vastator Fr. / Merulius fugax Fr.,1830,J. W. Hornemann,Svampe,Digitale Samlinger: Billeder:Særudgivelser:Flora Danica:Hæfte:Hft. 34,,Cyphella galeata Fr.,,,,free
2028,floradanica_2028.tif,Polyporus Medulla panis (Pers.) Fr. / Polyporus zonatus Fr.,1830,J. W. Hornemann,Svampe,Digitale Samlinger: Billeder:Særudgivelser:Flora Danica:Hæfte:Hft. 34,,,,,,free
2029,floradanica_2029.tif,Daedalea ferruginea Schum.,1830,J. W. Hornemann,Svampe,Digitale Samlinger: Billeder:Særudgivelser:Flora Danica:Hæfte:Hft. 34,,,,,,free
2030,floradanica_2030.tif,Typhula Erythropus Fr. / Clavaria abietina Pers.,1830,J. W. Hornemann,Svampe,Digitale Samlinger: Billeder:Særudgivelser:Flora Danica:Hæfte:Hft. 34,,,,,,free
2031,floradanica_2031.tif,Peziza repanda Fr. (P. pedunculata Schum.) / Bulgaria pellucens Fr.,1830,J. W. Hornemann,Svampe,Digitale Samlinger: Billeder:Særudgivelser:Flora Danica:Hæfte:Hft. 34,,Peziza amplissima var. pedunculata (Sch.) Fr.,,,,free
2032,floradanica_2032.tif,Peziza ciliaris Schrad. / Peziza calyculiformis Schum. / Peziza pilosa Schum.,1830,J. W. Hornemann,Svampe,Digitale Samlinger: Billeder:Særudgivelser:Flora Danica:Hæfte:Hft. 34,,Hyalopeziza ciliaris (Schrad.) Fuck.,,,,free
2033,floradanica_2033.tif,Peziza epiphylla Pers. / Peziza chrysocoma Bull. / Peziza ferruginea Schum.,1830,J. W. Hornemann,Svampe,Digitale Samlinger: Billeder:Særudgivelser:Flora Danica:Hæfte:Hft. 34,,Helotium epiphyllum (Pers.) Fr.,,,,free
2034,floradanica_2034.tif,Peziza uveata Schum. / Peziza vernalis Schum.,1830,J. W. Hornemann,Svampe,Digitale Samlinger: Billeder:Særudgivelser:Flora Danica:Hæfte:Hft. 34,,,,,,free
2035,floradanica_2035.tif,Thelephora puteanea Schum. / Thelephora Pruni Schum.,1830,J. W. Hornemann,Svampe,Digitale Samlinger: Billeder:Særudgivelser:Flora Danica:Hæfte:Hft. 34,,Corticium puteaneum (Schum.) Fr.,,,,free
2036,floradanica_2036.tif,Sphaeria punctiformis Pers. / Sphaeria concentrica Bolt. / Sphaeria fusca Pers.,1830,J. W. Hornemann,Svampe,Digitale Samlinger: Billeder:Særudgivelser:Flora Danica:Hæfte:Hft. 34,,Sphaerella punctiformis (P.) Rabenh.,,,,free
2037,floradanica_2037.tif,Sphaeria serpens Pers. / Sphaeria Stigma Hffm. / Sphaeria verrucaeformis Ehrh.,1830,J. W. Hornemann,Svampe,Digitale Samlinger: Billeder:Særudgivelser:Flora Danica:Hæfte:Hft. 34,,Hypoxylon serpens (P.) Fr.,,,,free
2038,floradanica_2038.tif,Sphaeria scabrosa DC. / Sphaeria spinosa Pers. / Sphaeria parallela Fr.,1830,J. W. Hornemann,Svampe,Digitale Samlinger: Billeder:Særudgivelser:Flora Danica:Hæfte:Hft. 34,,Eutypa scabrosa (Bull.) Fuck. (Hypoxylon scabr. Bull.).,,,,free
2039,floradanica_2039.tif,"Sphaeria ambiens Pers. / Sphaeria quaternata Pers. / Sphaeria pilifera [beta], pinastri N. E.",1830,J. W. Hornemann,Svampe,Digitale Samlinger: Billeder:Særudgivelser:Flora Danica:Hæfte:Hft. 34,,Valsa ambiens Fr.,,,,free
2040,floradanica_2040.tif,"Sphaeria brevirostris [beta], congener Fr. (Sph. congener Schum.) / Sphaeria circumscissa Pers. / Sphaeria acuta Hffm.",1830,J. W. Hornemann,Svampe,Digitale Samlinger: Billeder:Særudgivelser:Flora Danica:Hæfte:Hft. 34,,Ceratostoma brevirostre (Fr.) Sacc.,,,,free
2041,floradanica_2041.tif,Zostera Noltei Horn.,1832,J. W. Hornemann,Karplanter,Digitale Samlinger: Billeder:Særudgivelser:Flora Danica:Hæfte:Hft. 35,Zosteraceae,Zostera noltii Hornem.,Bændeltang,Bændeltangfamlien,Dværg-,free
2042,floradanica_2042.tif,Crocus vernus L.,1832,J. W. Hornemann,Karplanter,Digitale Samlinger: Billeder:Særudgivelser:Flora Danica:Hæfte:Hft. 35,Iridaceae,Crocus vernus (L.) Hill,Krokus,Irisfamilien,Vår-,free
2043,floradanica_2043.tif,Festuca vivipara Sm.,1832,J. W. Hornemann,Karplanter,Digitale Samlinger: Billeder:Særudgivelser:Flora Danica:Hæfte:Hft. 35,Poaceae,Festuca vivipara (L.) Sm. ssp. vivipara,Svingel,Græsfamilien,Topspirende,free
2044,floradanica_2044.tif,Triticum violaceum Horn.,1832,J. W. Hornemann,Karplanter,Digitale Samlinger: Billeder:Særudgivelser:Flora Danica:Hæfte:Hft. 35,Poaceae,Roegneria violacea (Hornem.) Melderis,Hundekvik,Græsfamilien,Violet,free
2045,floradanica_2045.tif,Galium suaveolens Wahlenb.,1832,J. W. Hornemann,Karplanter,Digitale Samlinger: Billeder:Særudgivelser:Flora Danica:Hæfte:Hft. 35,Rubiaceae,Galium triflorum Michx.,Snerre,Krapfamilien,Treblomstret,free
2046,floradanica_2046.tif,Potamogeton acutifolius Horn.,1832,J. W. Hornemann,Karplanter,Digitale Samlinger: Billeder:Særudgivelser:Flora Danica:Hæfte:Hft. 35,Potamogetonaceae,Potamogeton compressus L.,Vandaks,Vandaksfamilien,Bændel-,free
2047,floradanica_2047.tif,Swertia perennis L.,1832,J. W. Hornemann,Karplanter,Digitale Samlinger: Billeder:Særudgivelser:Flora Danica:Hæfte:Hft. 35,Gentianaceae,Swertia perennis L.,Swertie,Ensianfamilien,,free
2048,floradanica_2048.tif,Chenopodium murale L.,1832,J. W. Hornemann,Karplanter,Digitale Samlinger: Billeder:Særudgivelser:Flora Danica:Hæfte:Hft. 35,Chenopodiaceae,Chenopodium murale L.,Gåsefod,Salturtfamilien,Mur-,free
2049,floradanica_2049.tif,Chenopodium hybridum L.,1832,J. W. Hornemann,Karplanter,Digitale Samlinger: Billeder:Særudgivelser:Flora Danica:Hæfte:Hft. 35,Chenopodiaceae,Chenopodium hybridum L.,Gåsefod,Salturtfamilien,Hjertebladet,free
2050,floradanica_2050.tif,Chaerophyllum sylvestre L.,1832,J. W. Hornemann,Karplanter,Digitale Samlinger: Billeder:Særudgivelser:Flora Danica:Hæfte:Hft. 35,Apiaceae,Anthriscus sylvestris (L.) Hoffm.,Kørvel,Skærmblomstfamilien,Vild,free
2051,floradanica_2051.tif,Monotropa Hypopitys Gorn.,1832,J. W. Hornemann,Karplanter,Digitale Samlinger: Billeder:Særudgivelser:Flora Danica:Hæfte:Hft. 35,Pyrolaceae,Monotropa hypopitys L. var. glabra Roth,Snylterod,Vintergrønfamilien,Glat,free
2052,floradanica_2052.tif,Euphorbia Cyparissias L.,1832,J. W. Hornemann,Karplanter,Digitale Samlinger: Billeder:Særudgivelser:Flora Danica:Hæfte:Hft. 35,Euphorbiaceae,Euphorbia cyparissias L.,Vortemælk,Vortemælkfamilien,Cypres-,free
2053,floradanica_2053.tif,Rubus hirtus Horn.,1832,J. W. Hornemann,Karplanter,Digitale Samlinger: Billeder:Særudgivelser:Flora Danica:Hæfte:Hft. 35,Rosaceae,Rubus sp.,Brombær,Rosenfamilien,,free
2054,floradanica_2054.tif,Chelidonium majus fol. quernis Bauh.,1832,J. W. Hornemann,Karplanter,Digitale Samlinger: Billeder:Særudgivelser:Flora Danica:Hæfte:Hft. 35,Papaveraceae,Chelidonium majus L. var. laciniatum (Miller) Syme,Svaleurt,Valmuefamilien,Fliget,free
2055,floradanica_2055.tif,Pedicularis palustris L.,1832,J. W. Hornemann,Karplanter,Digitale Samlinger: Billeder:Særudgivelser:Flora Danica:Hæfte:Hft. 35,Scrophulariaceae,Pedicularis palustris L.,Troldurt,Maskeblomstfamilien,Eng-,free
2056,floradanica_2056.tif,Brassica oleracea L.,1832,J. W. Hornemann,Karplanter,Digitale Samlinger: Billeder:Særudgivelser:Flora Danica:Hæfte:Hft. 35,Brassicaceae,Brassica oleracea L. var. oleracea,Kål,Korsblomstfamilien,Have-,free
2057,floradanica_2057.tif,Mentha latifolia Nolt.,1832,J. W. Hornemann,Karplanter,Digitale Samlinger: Billeder:Særudgivelser:Flora Danica:Hæfte:Hft. 35,Lamiaceae,Mentha aquatica L.,Mynte,Læbeblomstfamilien,Vand-,free
2058,floradanica_2058.tif,Carduus tenuiflorus Curt.,1832,J. W. Hornemann,Karplanter,Digitale Samlinger: Billeder:Særudgivelser:Flora Danica:Hæfte:Hft. 35,Asteraceae,Carduus tenuiflorus Curtis,Tidsel,Kurvblomstfamilien,Smalhovedet,free
2059,floradanica_2059.tif,Senecio saracenicus L.,1832,J. W. Hornemann,Karplanter,Digitale Samlinger: Billeder:Særudgivelser:Flora Danica:Hæfte:Hft. 35,Asteraceae,Senecio fluviatilis Walr.,Brandbæger,Kurvblomstfamilien,Sarracenisk,free
2060,floradanica_2060.tif,Carex capitata L.,1832,J. W. Hornemann,Karplanter,Digitale Samlinger: Billeder:Særudgivelser:Flora Danica:Hæfte:Hft. 35,Cyperaceae,Carex capitata L. ssp. arctogena (H. Smith) Hiit.,Star,Halvgræsfamilien,Rensdyr-,free
2061,floradanica_2061.tif,Myriophyllum alterniflorum DC.,1832,J. W. Hornemann,Karplanter,Digitale Samlinger: Billeder:Særudgivelser:Flora Danica:Hæfte:Hft. 35,Haloragaceae,Myriophyllum alterniflorum DC.,Tusindblad,Tusindbladfamilien,Hår-,free
2062,floradanica_2062.tif,Polytrichum aloides Hedw. / Polytrichum nanum Hedw.,1832,J. W. Hornemann,Mosser,Digitale Samlinger: Billeder:Særudgivelser:Flora Danica:Hæfte:Hft. 35,Poaceae,Poa trivialis L.,Rapgræs,Græsfamilien,Almindelig,free
2063,floradanica_2063.tif,"Phascum bryoides Dicks. / Phascum [gamma], piliferum Hsch. et N. E.",1832,J. W. Hornemann,Mosser,Digitale Samlinger: Billeder:Særudgivelser:Flora Danica:Hæfte:Hft. 35,,Pottia bryoides (Dicks.) Lindb.,,,,free
2064,floradanica_2064.tif,Gymnostomum minutulum  Schwgr. / Gymnostomum fasciculare Hedw.,1832,J. W. Hornemann,Mosser,Digitale Samlinger: Billeder:Særudgivelser:Flora Danica:Hæfte:Hft. 35,,"Pottia Starckei [beta], Davallii (Sm.) Lindb.",,,,free
2065,floradanica_2065.tif,Dicranum latifolium Hedw.,1832,J. W. Hornemann,Mosser,Digitale Samlinger: Billeder:Særudgivelser:Flora Danica:Hæfte:Hft. 35,,"Desmatodon latifolius (Hedw.) [beta], muticus.",,,,free
2066,floradanica_2066.tif,Bryum roseum Horn. / Bryum hornum Schreb.,1832,J. W. Hornemann,Mosser,Digitale Samlinger: Billeder:Særudgivelser:Flora Danica:Hæfte:Hft. 35,,Mnium affine Bland.,,,,free
2067,floradanica_2067.tif,Marchantia androgyna Sm.,1832,J. W. Hornemann,Mosser,Digitale Samlinger: Billeder:Særudgivelser:Flora Danica:Hæfte:Hft. 35,,Asterella hemisphaerica (L.) P. B.,,,,free
2068,floradanica_2068.tif,Jungermannia bicuspidata  L.,1832,J. W. Hornemann,Mosser,Digitale Samlinger: Billeder:Særudgivelser:Flora Danica:Hæfte:Hft. 35,,Trigonanthus bicuspidatus (L.) Spruc.,,,,free
2069,floradanica_2069.tif,Jungermannia connivens Dicks.,1832,J. W. Hornemann,Mosser,Digitale Samlinger: Billeder:Særudgivelser:Flora Danica:Hæfte:Hft. 35,,Trigonanthus connivens (Dicks.) Spruc.,,,,free
2070,floradanica_2070.tif,Jungermannia bidentata L.,1832,J. W. Hornemann,Mosser,Digitale Samlinger: Billeder:Særudgivelser:Flora Danica:Hæfte:Hft. 35,,Lophocolea bidentata (L.) N. E.,,,,free
2071,floradanica_2071.tif,Ulva Linza var. spiralis Horn.,1832,J. W. Hornemann,Alger,Digitale Samlinger: Billeder:Særudgivelser:Flora Danica:Hæfte:Hft. 35,,Ulva Lactuca (L.) Le Jolis var. spiralis.,,,,free
2072,floradanica_2072.tif,Ulva Lactuca var. bullosa Horn.,1832,J. W. Hornemann,Alger,Digitale Samlinger: Billeder:Særudgivelser:Flora Danica:Hæfte:Hft. 35,,Enteromorpha intestinalis Link forma bullosa.,,,,free
2073,floradanica_2073.tif,Tetraspora cylindrica (Wahlenb.) Ag. / Bulbochaete setigera Ag.,1832,J. W. Hornemann,Alger,Digitale Samlinger: Billeder:Særudgivelser:Flora Danica:Hæfte:Hft. 35,,,,,,free
2074,floradanica_2074.tif,Agaricus aurivellus Batsch.,1832,J. W. Hornemann,Svampe,Digitale Samlinger: Billeder:Særudgivelser:Flora Danica:Hæfte:Hft. 35,,(Pholiota)!,,,,free
2075,floradanica_2075.tif,Agaricus fascicularis Huds.,1832,J. W. Hornemann,Svampe,Digitale Samlinger: Billeder:Særudgivelser:Flora Danica:Hæfte:Hft. 35,,(Hypholoma)!,,,,free
2076,floradanica_2076.tif,"Agaricus mutabilis [beta], denudatus Fr. / Agaricus praecox Pers.",1832,J. W. Hornemann,Svampe,Digitale Samlinger: Billeder:Særudgivelser:Flora Danica:Hæfte:Hft. 35,,Agaricus (Pholiota) marginatus Batsch.,,,,free
2077,floradanica_2077.tif,"Agaricus squamosus Pers. / Agaricus squamosus Pers. var. [beta], thraustus.",1832,J. W. Hornemann,Svampe,Digitale Samlinger: Billeder:Særudgivelser:Flora Danica:Hæfte:Hft. 35,,(Stropharia)!,,,,free
2078,floradanica_2078.tif,Agaricus adiposus Batsch. / Agaricus epipterygius Scop.,1832,J. W. Hornemann,Svampe,Digitale Samlinger: Billeder:Særudgivelser:Flora Danica:Hæfte:Hft. 35,,(Pholiota)!,,,,free
2079,floradanica_2079.tif,Polyporus zonatus Fr. [beta]. / Polyporus abietinus Fr.,1832,J. W. Hornemann,Svampe,Digitale Samlinger: Billeder:Særudgivelser:Flora Danica:Hæfte:Hft. 35,,Polyporus hirsutus (Wulf.) Fr.,,,,free
2080,floradanica_2080.tif,Cantharellus tubaeformis Fr. / Helvella pulla Holmskj.,1832,J. W. Hornemann,Svampe,Digitale Samlinger: Billeder:Særudgivelser:Flora Danica:Hæfte:Hft. 35,,,,,,free
2081,floradanica_2081.tif,Peziza repanda Wahlenb. / Peziza Catinus Holmskj. / Peziza applanata Schum.,1832,J. W. Hornemann,Svampe,Digitale Samlinger: Billeder:Særudgivelser:Flora Danica:Hæfte:Hft. 35,,Peziza amplissima Fr.,,,,free
2082,floradanica_2082.tif,"Peziza diversicolor [beta], luteosubferruginea Fr. / Peziza alboviolascens [beta], nigro-caesia Fr. / Peziza anomala Pers.",1832,J. W. Hornemann,Svampe,Digitale Samlinger: Billeder:Særudgivelser:Flora Danica:Hæfte:Hft. 35,,Peziza variecolor Fr.,,,,free
2083,floradanica_2083.tif,"Myrotheium scybalorum (Schum.) Fr, / Cyphella muscicola [beta], inaequilatera Fr.",1832,J. W. Hornemann,Svampe,Digitale Samlinger: Billeder:Særudgivelser:Flora Danica:Hæfte:Hft. 35,,,,,,free
2084,floradanica_2084.tif,Peziza subcarnea Schum. / Peziza Caucus Rebent.,1832,J. W. Hornemann,Svampe,Digitale Samlinger: Billeder:Særudgivelser:Flora Danica:Hæfte:Hft. 35,,Helotium carneum Fr.,,,,free
2085,floradanica_2085.tif,Cribraria aurantiaca Schrad. / Dictudium didermoides (Cribraria Schum.).,1832,J. W. Hornemann,Slimsvampe,Digitale Samlinger: Billeder:Særudgivelser:Flora Danica:Hæfte:Hft. 35,,Claustria didermoides Fr.,,,,free
2086,floradanica_2086.tif,Lycogala plumbeum Schum. / Lycogala Epidendron Fr. (L. ferrugineum Schum.). / Lycogala plumbeum Schum.,1832,J. W. Hornemann,Slimsvampe,Digitale Samlinger: Billeder:Særudgivelser:Flora Danica:Hæfte:Hft. 35,,Lycogala Epidendrum var. ferruginea (Sch.) Fr.,,,,free
2087,floradanica_2087.tif,Physarum caesium Fr. / Craterium mutabile Fr. / Trichia physaroides Schum.,1832,J. W. Hornemann,Slimsvampe,Digitale Samlinger: Billeder:Særudgivelser:Flora Danica:Hæfte:Hft. 35,,Chondrioderma difforme (Pers.) Rostaf.,,,,free
2088,floradanica_2088.tif,Trichia flexuosa Schum. / Trichia crassa Schum. / Trichia fallax Pers.,1832,J. W. Hornemann,Slimsvampe,Digitale Samlinger: Billeder:Særudgivelser:Flora Danica:Hæfte:Hft. 35,,Arcyria flexuosa (Schum.) Fr.,,,,free
2089,floradanica_2089.tif,Trichia clavata Pers. / Trichia chrysosperma (Bull.) DC. / Trichia Serpula (Scop.) Fr.,1832,J. W. Hornemann,Slimsvampe,Digitale Samlinger: Billeder:Særudgivelser:Flora Danica:Hæfte:Hft. 35,,Hemiarcyria clavata (Pers.) Rostaf.,,,,free
2090,floradanica_2090.tif,Arcyria incarnata Pers. / Arcyria fusca Fr. / Arcyria cylindrica Schum.,1832,J. W. Hornemann,Slimsvampe,Digitale Samlinger: Billeder:Særudgivelser:Flora Danica:Hæfte:Hft. 35,,,,,,free
2091,floradanica_2091.tif,"Stemonitis ovata Pers. / Stemonitis obtusata [beta], globosa Fr. / Diderma acuminatum Schum.",1832,J. W. Hornemann,Slimsvampe,Digitale Samlinger: Billeder:Særudgivelser:Flora Danica:Hæfte:Hft. 35,,Stemonitis mammosa Fr.,,,,free
2092,floradanica_2092.tif,Didymium marginatum Fr. (Physarum Schum.). / Didymium furfuraceum Fr. / Didym. albo-punctatum (Schum.) Fr.,1832,J. W. Hornemann,Slimsvampe,Digitale Samlinger: Billeder:Særudgivelser:Flora Danica:Hæfte:Hft. 35,,Lepidoderma tigrinum (Schrad.) Rostaf.,,,,free
2093,floradanica_2093.tif,"Physarum hyalinum Pers. / Physarum utriculare [beta], sessile Fr. / Craterium turbinatum (Schum.) Fr.",1832,J. W. Hornemann,Slimsvampe,Digitale Samlinger: Billeder:Særudgivelser:Flora Danica:Hæfte:Hft. 35,,Badhamia hyalina (Pers.) Beck.,,,,free
2094,floradanica_2094.tif,Didymium farinaceum Schrad. / Didymium lobatum N. E. / Perichaena quercina Fr.,1832,J. W. Hornemann,Slimsvampe,Digitale Samlinger: Billeder:Særudgivelser:Flora Danica:Hæfte:Hft. 35,,Perichaena corticalis (Batsch) Rostaf.,,,,free
2095,floradanica_2095.tif,Physarum subulatum Schum. / Physarum bryophilum Fr. / Physarum fimetarium Schum.,1832,J. W. Hornemann,Slimsvampe,Digitale Samlinger: Billeder:Særudgivelser:Flora Danica:Hæfte:Hft. 35,,,,,,free
2096,floradanica_2096.tif,"Physarum nutans Pers. / Physarum nutans [beta], aureum. / Physarum Pini Schum.",1832,J. W. Hornemann,Slimsvampe,Digitale Samlinger: Billeder:Særudgivelser:Flora Danica:Hæfte:Hft. 35,,Tilmadoche nutans (Pers.) Rostaf.,,,,free
2097,floradanica_2097.tif,Erineum acerinum Pers. / Erineum betulinum Schum. / Erinerum alnigenum Kze.,1832,J. W. Hornemann,Ukendt,Digitale Samlinger: Billeder:Særudgivelser:Flora Danica:Hæfte:Hft. 35,,"Non vegetabilia, sed excrescentiae epidermales, a Phytopti sp. ortae.",,,,free
2098,floradanica_2098.tif,Erineum pyrinum Pers. / Erineum tiliaceum Pers. / Erineum populinum Schum.,1832,J. W. Hornemann,Ukendt,Digitale Samlinger: Billeder:Særudgivelser:Flora Danica:Hæfte:Hft. 35,,"Non vegetabilia, sed excrescentiae epidermales, a Phytopti sp. ortae.",,,,free
2099,floradanica_2099.tif,Himantia globulifera Schum. / Himantia ramosissima Horn.,1832,J. W. Hornemann,Ukendt,Digitale Samlinger: Billeder:Særudgivelser:Flora Danica:Hæfte:Hft. 35,,Mycelia haud determinanda.,,,,free
2100,floradanica_2100.tif,"Sphaeria Artocreas Tod. / Sphaeria coccinea Pers. / Sphaeria maculaeformis [beta], Aesculi Fr.",1832,J. W. Hornemann,Svampe,Digitale Samlinger: Billeder:Særudgivelser:Flora Danica:Hæfte:Hft. 35,,Discosia Artocreas (Tod.) Lib.(?),,,,free
2101,floradanica_2101.tif,Alchemilla fissa Schumm.,1834,J. W. Hornemann,Karplanter,Digitale Samlinger: Billeder:Særudgivelser:Flora Danica:Hæfte:Hft. 36,Rosaceae,Alchemilla faeroënsis (Lange) Buser,Løvefod,Rosenfamilien,Færø-,free
2102,floradanica_2102.tif,"Sagina apetala L. / Sagina apetala [beta], decumbens Horn.",1834,J. W. Hornemann,Karplanter,Digitale Samlinger: Billeder:Særudgivelser:Flora Danica:Hæfte:Hft. 36,Caryophyllaceae,Sagina apetala Ard. ssp. erecta (Hornem.) F. Hermann,Firling,Nellikefamilien,Mark-,free
2103,floradanica_2103.tif,"Sagina procumbens L. ( 1) var. nodosa, 2) gracilis, 3) crassifolia Nolt.).",1834,J. W. Hornemann,Karplanter,Digitale Samlinger: Billeder:Særudgivelser:Flora Danica:Hæfte:Hft. 36,Caryophyllaceae,Sagina procumbens L.,Firling,Nellikefamilien,Almindelig,free
2104,floradanica_2104.tif,Sagina maritima Don.,1834,J. W. Hornemann,Karplanter,Digitale Samlinger: Billeder:Særudgivelser:Flora Danica:Hæfte:Hft. 36,Caryophyllaceae,Sagina maritima G. Don,Firling,Nellikefamilien,Strand-,free
2105,floradanica_2105.tif,Potamogeton fluitans Roth.,1834,J. W. Hornemann,Karplanter,Digitale Samlinger: Billeder:Særudgivelser:Flora Danica:Hæfte:Hft. 36,Potamogetonaceae,Potamogeton nodosus Poiret in Lam.,Vandaks,Vandaksfamilien,Langstilket,free
2106,floradanica_2106.tif,Potamogeton filiformis Pers.,1834,J. W. Hornemann,Karplanter,Digitale Samlinger: Billeder:Særudgivelser:Flora Danica:Hæfte:Hft. 36,Potamogetonaceae,Potamogeton filiformis Pers.,Vandaks,Vandaksfamilien,Tråd-,free
2107,floradanica_2107.tif,Potamogeton obtusifolius Mert. et Koch.,1834,J. W. Hornemann,Karplanter,Digitale Samlinger: Billeder:Særudgivelser:Flora Danica:Hæfte:Hft. 36,Potamogetonaceae,Potamogeton obtusifolius Mert. & Koch in Röhling,Vandaks,Vandaksfamilien,Butbladet,free
2108,floradanica_2108.tif,Drosera intermedia Hayne.,1834,J. W. Hornemann,Karplanter,Digitale Samlinger: Billeder:Særudgivelser:Flora Danica:Hæfte:Hft. 36,Drosereceae,Drosera intermedia Hayne in Dreves,Soldug,Soldugfamilien,Liden,free
2109,floradanica_2109.tif,Allium carinatum L.,1834,J. W. Hornemann,Karplanter,Digitale Samlinger: Billeder:Særudgivelser:Flora Danica:Hæfte:Hft. 36,Liliaceae,Allium carinatum L.,Løg,Liljefamilien,Kølet,free
2110,floradanica_2110.tif,Allium angulosum (L.),1834,J. W. Hornemann,Karplanter,Digitale Samlinger: Billeder:Særudgivelser:Flora Danica:Hæfte:Hft. 36,Liliaceae,Allium senescens L. ssp. montanum (F. W. Schmidt) J. Holub,Løg,Liljefamilien,Kantet,free
2111,floradanica_2111.tif,Allium sphaerocephalum L.,1834,J. W. Hornemann,Karplanter,Digitale Samlinger: Billeder:Særudgivelser:Flora Danica:Hæfte:Hft. 36,Liliaceae,Allium sphaerocephalon L.,Løg,Liljefamilien,Middelhavs Pryd-,free
2112,floradanica_2112.tif,Juncus acutiflorus Ehrh.,1834,J. W. Hornemann,Karplanter,Digitale Samlinger: Billeder:Særudgivelser:Flora Danica:Hæfte:Hft. 36,Juncaceae,Juncus acutiflorus Ehrh. ex Hoffm.,Siv,Sivfamilien,Spidsblomstret,free
2113,floradanica_2113.tif,Orchis pyramidalis L.,1834,J. W. Hornemann,Karplanter,Digitale Samlinger: Billeder:Særudgivelser:Flora Danica:Hæfte:Hft. 36,Orchidaceae,Anacamptis pyramidalis (L.) L. C. M. Richard,Horndrager,Gøgeurtfamilien,,free
2114,floradanica_2114.tif,Stellaria crassifolia Ehrh.,1834,J. W. Hornemann,Karplanter,Digitale Samlinger: Billeder:Særudgivelser:Flora Danica:Hæfte:Hft. 36,Caryophyllaceae,Stellaria crassifolia Ehrh.,Fladstjerne,Nellikefamilien,Tykbladet,free
2115,floradanica_2115.tif,Stellaria glauca With.,1834,J. W. Hornemann,Karplanter,Digitale Samlinger: Billeder:Særudgivelser:Flora Danica:Hæfte:Hft. 36,Caryophyllaceae,Stellaria palustris Retz.,Fladstjerne,Nellikefamilien,Kær-,free
2116,floradanica_2116.tif,Stellaria graminea L.,1834,J. W. Hornemann,Karplanter,Digitale Samlinger: Billeder:Særudgivelser:Flora Danica:Hæfte:Hft. 36,Caryophyllaceae,Stellaria graminea L.,Fladstjerne,Nellikefamilien,Græsbladet,free
2117,floradanica_2117.tif,Cerastium tetrandrum Curt.,1834,J. W. Hornemann,Karplanter,Digitale Samlinger: Billeder:Særudgivelser:Flora Danica:Hæfte:Hft. 36,Caryophyllaceae,Cerastium diffusum Pers.  ssp. diffusum,Hønsetarm,Nellikefamilien,Firehannet,free
2118,floradanica_2118.tif,Pyrus communis L.,1834,J. W. Hornemann,Karplanter,Digitale Samlinger: Billeder:Særudgivelser:Flora Danica:Hæfte:Hft. 36,Rosaceae,Pyrus communis L.,Pære,Rosenfamilien,Vild,free
2119,floradanica_2119.tif,Artemisia gallica Willd.,1834,J. W. Hornemann,Karplanter,Digitale Samlinger: Billeder:Særudgivelser:Flora Danica:Hæfte:Hft. 36,Asteraceae,Artemisia maritima L.,Malurt,Kurvblomstfamilien,Strand-,free
2120,floradanica_2120.tif,Callitriche autumnalis L.,1834,J. W. Hornemann,Karplanter,Digitale Samlinger: Billeder:Særudgivelser:Flora Danica:Hæfte:Hft. 36,Callitrichaceae,Callitriche hermaphroditica L,Vandstjerne,Vandstjernefamilien,Høst-,free
2121,floradanica_2121.tif,Najas marina L.,1834,J. W. Hornemann,Karplanter,Digitale Samlinger: Billeder:Særudgivelser:Flora Danica:Hæfte:Hft. 36,Najadaceae,Najas marina L.,Najade,Najadefamilien,Stor,free
2122,floradanica_2122.tif,Carex bicolor All.,1834,J. W. Hornemann,Karplanter,Digitale Samlinger: Billeder:Særudgivelser:Flora Danica:Hæfte:Hft. 36,Cyperaceae,Carex bicolor All.,Star,Halvgræsfamilien,Tofarvet,free
2123,floradanica_2123.tif,Jungermannia barbata Schreb.,1834,J. W. Hornemann,Mosser,Digitale Samlinger: Billeder:Særudgivelser:Flora Danica:Hæfte:Hft. 36,,,,,,free
2124,floradanica_2124.tif,Jungermannia reptans L.,1834,J. W. Hornemann,Mosser,Digitale Samlinger: Billeder:Særudgivelser:Flora Danica:Hæfte:Hft. 36,,Lepidozia reptans (L.) N. E.,,,,free
2125,floradanica_2125.tif,Andreaea Rothii Mohr. / Andreaea rupestris Horn.,1834,J. W. Hornemann,Mosser,Digitale Samlinger: Billeder:Særudgivelser:Flora Danica:Hæfte:Hft. 36,,Andreaea petrophila Ehrh.,,,,free
2126,floradanica_2126.tif,Encalypta streptocarpa Hedw.,1834,J. W. Hornemann,Mosser,Digitale Samlinger: Billeder:Særudgivelser:Flora Danica:Hæfte:Hft. 36,,Encalypta contorta (Wulf.) Hopp.,,,,free
2127,floradanica_2127.tif,Encalypta rhabdocarpa Schwõgr.,1834,J. W. Hornemann,Mosser,Digitale Samlinger: Billeder:Særudgivelser:Flora Danica:Hæfte:Hft. 36,,,,,,free
2128,floradanica_2128.tif,Bryum ligulatum Schreb.,1834,J. W. Hornemann,Mosser,Digitale Samlinger: Billeder:Særudgivelser:Flora Danica:Hæfte:Hft. 36,,Mnium undulatum L. (M. ligulatum Schum.),,,,free
2129,floradanica_2129.tif,Bryum cuspidatum Schreb.,1834,J. W. Hornemann,Mosser,Digitale Samlinger: Billeder:Særudgivelser:Flora Danica:Hæfte:Hft. 36,,Mnium cuspidatum (Schreb.) Hedw. (M. silvaticum Lindb.).,,,,free
2130,floradanica_2130.tif,Lecanora chlorophana (Wahlb.) Ach. / Lecanora argopholis (Wahlenb.) Ach.,1834,J. W. Hornemann,Laver,Digitale Samlinger: Billeder:Særudgivelser:Flora Danica:Hæfte:Hft. 36,,Acarospora chlorophana (Wahlenb.) Mass.,,,,free
2131,floradanica_2131.tif,Laminaria debilis Ag. (L. cuneata Suhr.),1834,J. W. Hornemann,Alger,Digitale Samlinger: Billeder:Særudgivelser:Flora Danica:Hæfte:Hft. 36,,"Phyllitis Fascia (F. D.) K³tz. [beta], caespitosa Le Jol.",,,,free
2132,floradanica_2132.tif,Sporochnus aculeatus (L.) Ag.,1834,J. W. Hornemann,Alger,Digitale Samlinger: Billeder:Særudgivelser:Flora Danica:Hæfte:Hft. 36,,Desmarestia aculeata (L.) Grev. f. vernalis.,,,,free
2133,floradanica_2133.tif,Sphaerococcus crispus (L.) v. ciliata Suhr.,1834,J. W. Hornemann,Alger,Digitale Samlinger: Billeder:Særudgivelser:Flora Danica:Hæfte:Hft. 36,,Chondrus aculeata (L.) var. ciliata (Suhr).,,,,free
2134,floradanica_2134.tif,Scytosiphon verrucosus Lgb. / Conferva bombycina (Ag.) var. bipunctata Suhr.,1834,J. W. Hornemann,Alger,Digitale Samlinger: Billeder:Særudgivelser:Flora Danica:Hæfte:Hft. 36,,Enteromorpha sp.,,,,free
2135,floradanica_2135.tif,Microcystis Noltei Ag. / Chaetophora subcutanea Lgb. mscr.,1834,J. W. Hornemann,Alger,Digitale Samlinger: Billeder:Særudgivelser:Flora Danica:Hæfte:Hft. 36,,Euglena sanguinea Ehrenb. (encystata).,,,,free
2136,floradanica_2136.tif,Palmella alpicola Lgb. / Protococcus viridis Ag.,1834,J. W. Hornemann,Ukendt,Digitale Samlinger: Billeder:Særudgivelser:Flora Danica:Hæfte:Hft. 36,,Gloeocapsa Magma (BrÚb.) K³tz. (?),,,,free
2137,floradanica_2137.tif,Batrachospermum moniliforme Roth.,1834,J. W. Hornemann,Alger,Digitale Samlinger: Billeder:Særudgivelser:Flora Danica:Hæfte:Hft. 36,,,,,,free
2138,floradanica_2138.tif,Fragilaria carnea Lgb. / Frustulina parasitica Ag. / Echinella ricciaeformis Ag.,1834,J. W. Hornemann,Alger,Digitale Samlinger: Billeder:Særudgivelser:Flora Danica:Hæfte:Hft. 36,,Fragilaria v. Striatella sp.,,,,free
2139,floradanica_2139.tif,Agaricus foenisecii Schum. / Agaricus epipterygius Scop. forma,1834,J. W. Hornemann,Svampe,Digitale Samlinger: Billeder:Særudgivelser:Flora Danica:Hæfte:Hft. 36,,Agaricus (Psathyra) torpens Fr. (non A. foenisecii Pers.).,,,,free
2140,floradanica_2140.tif,Agaricus rubescens Pers.,1834,J. W. Hornemann,Svampe,Digitale Samlinger: Billeder:Særudgivelser:Flora Danica:Hæfte:Hft. 36,,(Amanita)!,,,,free
2141,floradanica_2141.tif,Agaricus lacteus Pers. / Agaricus stercorarius Fl. D.,1834,J. W. Hornemann,Svampe,Digitale Samlinger: Billeder:Særudgivelser:Flora Danica:Hæfte:Hft. 36,,Agaricus (Stropharia) stercorarius Schum.,,,,free
2142,floradanica_2142.tif,Agaricus capillaris Schum. / Agaricus vaginatus Bull.,1834,J. W. Hornemann,Svampe,Digitale Samlinger: Billeder:Særudgivelser:Flora Danica:Hæfte:Hft. 36,,(Mycena)!,,,,free
2143,floradanica_2143.tif,Agaricus phalloides Horn. (A. irroratus Schum.),1834,J. W. Hornemann,Svampe,Digitale Samlinger: Billeder:Særudgivelser:Flora Danica:Hæfte:Hft. 36,,"Agaricus (Amanita) Mappa (Fr.) [beta], irroratus (Schum.).",,,,free
2144,floradanica_2144.tif,Agaricus mastoideus Fr.,1834,J. W. Hornemann,Svampe,Digitale Samlinger: Billeder:Særudgivelser:Flora Danica:Hæfte:Hft. 36,,(Lepiota)!,,,,free
2145,floradanica_2145.tif,Agaricus phalloides Vaill. var.,1834,J. W. Hornemann,Svampe,Digitale Samlinger: Billeder:Særudgivelser:Flora Danica:Hæfte:Hft. 36,,Agaricus (Amanita) porphyrius Fr.,,,,free
2146,floradanica_2146.tif,Agaricus magnificus Fr.,1834,J. W. Hornemann,Svampe,Digitale Samlinger: Billeder:Særudgivelser:Flora Danica:Hæfte:Hft. 36,,(Amanita)!,,,,free
2147,floradanica_2147.tif,Varietas singularis Agar. rubescentis Fl. Dan.,1834,J. W. Hornemann,Svampe,Digitale Samlinger: Billeder:Særudgivelser:Flora Danica:Hæfte:Hft. 36,,Agaricus (Amanita) rubescens v. circinnata Pers.,,,,free
2148,floradanica_2148.tif,Agaricus globosus Schum. / Agaricus adnatus Schum.,1834,J. W. Hornemann,Svampe,Digitale Samlinger: Billeder:Særudgivelser:Flora Danica:Hæfte:Hft. 36,,Agaricus (Entoloma) madidus Fr.,,,,free
2149,floradanica_2149.tif,Sphaeria multiformis Fr. / Sphaeria fragiformis Pers.,1834,J. W. Hornemann,Svampe,Digitale Samlinger: Billeder:Særudgivelser:Flora Danica:Hæfte:Hft. 36,,Hypoxylon granulosum Bull.,,,,free
2150,floradanica_2150.tif,Uredo segetum Pers. / Lycogala Epidendron var. carnea.,1834,J. W. Hornemann,Svampe,Digitale Samlinger: Billeder:Særudgivelser:Flora Danica:Hæfte:Hft. 36,,Ustilago segetum (Bull.) Dittm.,,,,free
2151,floradanica_2151.tif,Sphaeria fusca Pers. / Sphaeria Populi Schum.,1834,J. W. Hornemann,Svampe,Digitale Samlinger: Billeder:Særudgivelser:Flora Danica:Hæfte:Hft. 36,,Hypoxylon fuscum (Pers.) Fr.,,,,free
2152,floradanica_2152.tif,Sphaeria deusta Hffm.,1834,J. W. Hornemann,Svampe,Digitale Samlinger: Billeder:Særudgivelser:Flora Danica:Hæfte:Hft. 36,,Ustulina vulgaris Tul.,,,,free
2153,floradanica_2153.tif,Sphaeria Cerasi Schum. / Sphaeria coarctata Schum.,1834,J. W. Hornemann,Svampe,Digitale Samlinger: Billeder:Særudgivelser:Flora Danica:Hæfte:Hft. 36,,"Dothidea Cerasi Fr. (Syst. myc. 2, 553)?",,,,free
2154,floradanica_2154.tif,Sphaeria angustata Schum. / Sphaeria rhodomela Fr. (S. melogramma Sch.),1834,J. W. Hornemann,Svampe,Digitale Samlinger: Billeder:Særudgivelser:Flora Danica:Hæfte:Hft. 36,,?,,,,free
2155,floradanica_2155.tif,Sphaeria cohaerens Pers. var.? (Sph. Ribesii Sch.) / Sphaeria caudata Schum.,1834,J. W. Hornemann,Svampe,Digitale Samlinger: Billeder:Særudgivelser:Flora Danica:Hæfte:Hft. 36,,Dothidea Ribesia (Rebesia Schum.) Fr.,,,,free
2156,floradanica_2156.tif,Sphaeria lanciformis Fr. (Sph. Betulae Sch.) / Sphaeria hysteriiformis Schum.,1834,J. W. Hornemann,Svampe,Digitale Samlinger: Billeder:Særudgivelser:Flora Danica:Hæfte:Hft. 36,,Pseudovalsa lanciformis (Fr.) Ces. et de Not.,,,,free
2157,floradanica_2157.tif,"Sphaeria disciformis Hoffm. / Sphaeria fragiformis (Pers.) [beta], radians Fr.",1834,J. W. Hornemann,Svampe,Digitale Samlinger: Billeder:Særudgivelser:Flora Danica:Hæfte:Hft. 36,,Hypocrea lenta (Tod.) Berkel.,,,,free
2158,floradanica_2158.tif,Sphaeria nivea Hoffm. / Sphaeria herbarum Pers.,1834,J. W. Hornemann,Svampe,Digitale Samlinger: Billeder:Særudgivelser:Flora Danica:Hæfte:Hft. 36,,Valsa nivea (Hffm.) Fr.,,,,free
2159,floradanica_2159.tif,Sphaeria monocarpa Schum. (Peziza rhizopus Fr.) / Sphaeria cupularis Pers.,1834,J. W. Hornemann,Svampe,Digitale Samlinger: Billeder:Særudgivelser:Flora Danica:Hæfte:Hft. 36,,"Peziza melastoma [beta], rhizopus Fr.",,,,free
2160,floradanica_2160.tif,Sphaeria angulata Schum. / Sphaeria foedans Fr. (Sph. nitida Schum.).,1834,J. W. Hornemann,Svampe,Digitale Samlinger: Billeder:Særudgivelser:Flora Danica:Hæfte:Hft. 36,,Diatrypella verrucaeformis Nitzsch.,,,,free
2161,floradanica_2161.tif,Scirpus parvulus R. et Sch.,1836,J. W. Hornemann,Karplanter,Digitale Samlinger: Billeder:Særudgivelser:Flora Danica:Hæfte:Hft. 37,Cyperaceae,Eleocharis parvula (Roemer & Schultes) Bluff  Ness & S,Kogleaks,Halvgræsfamilien,Lav,free
2162,floradanica_2162.tif,Panicum glaucum L.,1836,J. W. Hornemann,Karplanter,Digitale Samlinger: Billeder:Særudgivelser:Flora Danica:Hæfte:Hft. 37,Poaceae,Setaria pumila (Poir.) Roem. & Scult.,Skærmaks,Græsfamilien,Blågrøn,free
2163,floradanica_2163.tif,Panicum verticillatum L.,1836,J. W. Hornemann,Karplanter,Digitale Samlinger: Billeder:Særudgivelser:Flora Danica:Hæfte:Hft. 37,Poaceae,Setaria verticillata (L.) Beauv.,Skærmaks,Græsfamilien,Krans-,free
2164,floradanica_2164.tif,Arundo Phragmites var. tenella  Nolt.,1836,J. W. Hornemann,Karplanter,Digitale Samlinger: Billeder:Særudgivelser:Flora Danica:Hæfte:Hft. 37,Poaceae,Phragmites australis (Cav.) Trin. ex Steudel,Tagrør,Græsfamilien,,free
2165,floradanica_2165.tif,Arundo Epigejos L.,1836,J. W. Hornemann,Karplanter,Digitale Samlinger: Billeder:Særudgivelser:Flora Danica:Hæfte:Hft. 37,Poaceae,Calamagrostis epigeios (L.) Roth,Rørhvene,Græsfamilien,Bjerg-,free
2166,floradanica_2166.tif,Poa serotina Ehrh.,1836,J. W. Hornemann,Karplanter,Digitale Samlinger: Billeder:Særudgivelser:Flora Danica:Hæfte:Hft. 37,Poaceae,Poa palustris L.,Rapgræs,Græsfamilien,Stortoppet,free
2167,floradanica_2167.tif,Campanula  Trachelium L. var. urticifolia Horn.,1836,J. W. Hornemann,Karplanter,Digitale Samlinger: Billeder:Særudgivelser:Flora Danica:Hæfte:Hft. 37,Campanulaceae,Campanula trachelium L.,Klokke,Klokkefamilien,Nælde-,free
2168,floradanica_2168.tif,Conium maculatum L.,1836,J. W. Hornemann,Karplanter,Digitale Samlinger: Billeder:Særudgivelser:Flora Danica:Hæfte:Hft. 37,Apiaceae,Conium maculatum L.,Skarntyde,Skærmblomstfamilien,,free
2169,floradanica_2169.tif,Sambucus nigra L. var. laciniata Willd.,1836,J. W. Hornemann,Karplanter,Digitale Samlinger: Billeder:Særudgivelser:Flora Danica:Hæfte:Hft. 37,Caprifoliaceae,Sambucus nigra L.  var. laciniata,Hyld,Gedebladfamilien,Fligbladet,free
2170,floradanica_2170.tif,Narcissus Pseudonarcissus L.,1836,J. W. Hornemann,Karplanter,Digitale Samlinger: Billeder:Særudgivelser:Flora Danica:Hæfte:Hft. 37,Amaryllidaceae,Narcissus pseudonarcissus L.,Påskelilje,Narcisfamilien,,free
2171,floradanica_2171.tif,Juncus alpinus Vill. (J. nodulosus Wahlenb.).,1836,J. W. Hornemann,Karplanter,Digitale Samlinger: Billeder:Særudgivelser:Flora Danica:Hæfte:Hft. 37,Juncaceae,Juncus alpinoarticulatus Chaix. ssp. nodulosus,Siv,Sivfamilien,Stilk-,free
2172,floradanica_2172.tif,Lychnis silvestris Rafn.,1836,J. W. Hornemann,Karplanter,Digitale Samlinger: Billeder:Særudgivelser:Flora Danica:Hæfte:Hft. 37,Caryophyllaceae,Silene dioica (L.) Clairv.,Pragtstjerne,Nellikefamilien,Dag-,free
2173,floradanica_2173.tif,Lychnis triflora Horn.,1836,J. W. Hornemann,Karplanter,Digitale Samlinger: Billeder:Særudgivelser:Flora Danica:Hæfte:Hft. 37,Caryophyllaceae,Silene furcata Rafin. ssp. furcata,Pragtstjerne,Nellikefamilien,Vahls,free
2174,floradanica_2174.tif,Sedum Telephium L.,1836,J. W. Hornemann,Karplanter,Digitale Samlinger: Billeder:Særudgivelser:Flora Danica:Hæfte:Hft. 37,Crassulaceae,Sedum telephium L.,"""Sct. Hansurt; Sankthansurt; Sankt Hans' Urt""",Stenurtfamilien,,free
2175,floradanica_2175.tif,Potentilla supina L.,1836,J. W. Hornemann,Karplanter,Digitale Samlinger: Billeder:Særudgivelser:Flora Danica:Hæfte:Hft. 37,Rosaceae,Potentilla supina L.,Potentil,Rosenfamilien,Lav,free
2176,floradanica_2176.tif,Anemone Vahlii Horn.,1836,J. W. Hornemann,Karplanter,Digitale Samlinger: Billeder:Særudgivelser:Flora Danica:Hæfte:Hft. 37,Ranunculaceae,Anemone richardsonii Hook,Anemone,Ranunkelfamilien,Sne-,free
2177,floradanica_2177.tif,Vicia tenuifolia Roth.,1836,J. W. Hornemann,Karplanter,Digitale Samlinger: Billeder:Særudgivelser:Flora Danica:Hæfte:Hft. 37,Fabaceae,Vicia tenuifolia Roth,Vikke,Ærteblomstfamilien,Langklaset,free
2178,floradanica_2178.tif,Bidens tripartita L.,1836,J. W. Hornemann,Karplanter,Digitale Samlinger: Billeder:Særudgivelser:Flora Danica:Hæfte:Hft. 37,Asteraceae,Bidens tripartita L.,Brøndsel,Kurvblomstfamilien,Fliget,free
2179,floradanica_2179.tif,Echinops sphaerocephalus L.,1836,J. W. Hornemann,Karplanter,Digitale Samlinger: Billeder:Særudgivelser:Flora Danica:Hæfte:Hft. 37,Asteraceae,Echinops sphaerocephalus L.,Tidselkugle,Kurvblomstfamilien,Fligbladet,free
2180,floradanica_2180.tif,Carex brizoides L.,1836,J. W. Hornemann,Karplanter,Digitale Samlinger: Billeder:Særudgivelser:Flora Danica:Hæfte:Hft. 37,Cyperaceae,Carex brizoides L.,Star,Halvgræsfamilien,Hjertegræs-,free
2181,floradanica_2181.tif,Carex oligocarpa Horn.,1836,J. W. Hornemann,Karplanter,Digitale Samlinger: Billeder:Særudgivelser:Flora Danica:Hæfte:Hft. 37,Cyperaceae,Carex supina Wbg. ssp. spaniocarpa (Steud.) Hult.,Star,Halvgræsfamilien,Steppe-,free
2182,floradanica_2182.tif,Populus alba L.,1836,J. W. Hornemann,Karplanter,Digitale Samlinger: Billeder:Særudgivelser:Flora Danica:Hæfte:Hft. 37,Salicaceae,Populus alba L.,Poppel,Pilefamilien,Sølv-,free
2183,floradanica_2183.tif,Populus canescens Sm.,1836,J. W. Hornemann,Karplanter,Digitale Samlinger: Billeder:Særudgivelser:Flora Danica:Hæfte:Hft. 37,Salicaceae,Populus alba x tremula,Gråpoppel,Pilefamilien,,free
2184,floradanica_2184.tif,Populus tremula L.,1836,J. W. Hornemann,Karplanter,Digitale Samlinger: Billeder:Særudgivelser:Flora Danica:Hæfte:Hft. 37,Salicaceae,Populus tremula L.,Bævreasp,Pilefamilien,,free
2185,floradanica_2185.tif,Polypodium hyperboreum Wahlenb.,1836,J. W. Hornemann,Karplanter,Digitale Samlinger: Billeder:Særudgivelser:Flora Danica:Hæfte:Hft. 37,Athyriaceae,Woodsia alpina (Bolton) S. F. Gray,Frynsebregne,Fjerbregnefamilien,Fjeld-,free
2186,floradanica_2186.tif,Polypodium ilvense (L.) Sw.,1836,J. W. Hornemann,Karplanter,Digitale Samlinger: Billeder:Særudgivelser:Flora Danica:Hæfte:Hft. 37,Athyriaceae,Woodsia ilvensis (L.) R. Br.,Frynsebregne,Fjerbregnefamilien,Almindelig,free
2187,floradanica_2187.tif,Aspidium rigidum Horn.,1836,J. W. Hornemann,Karplanter,Digitale Samlinger: Billeder:Særudgivelser:Flora Danica:Hæfte:Hft. 37,Dryopteridaceae,Dryopteris fragrans (L.) Scott,Mangeløv,Mangeløvfamilien,Duftende,free
2188,floradanica_2188.tif,Salvinia natans All.,1836,J. W. Hornemann,Karplanter,Digitale Samlinger: Billeder:Særudgivelser:Flora Danica:Hæfte:Hft. 37,Salviniaceae,Salvinia natans All.,Flydebregne,Flydebregnefamilien,,free
2189,floradanica_2189.tif,Jungermannia acuta Lindenb.,1836,J. W. Hornemann,Mosser,Digitale Samlinger: Billeder:Særudgivelser:Flora Danica:Hæfte:Hft. 37,,"Jungermannia Mülleri [beta], acuta Lindb.",,,,free
2190,floradanica_2190.tif,Jungermannia minuta Dicks.,1836,J. W. Hornemann,Mosser,Digitale Samlinger: Billeder:Særudgivelser:Flora Danica:Hæfte:Hft. 37,,,,,,free
2191,floradanica_2191.tif,Jungermannia trilobata L.,1836,J. W. Hornemann,Mosser,Digitale Samlinger: Billeder:Særudgivelser:Flora Danica:Hæfte:Hft. 37,,Mastigobryum trilobatum (L.) N. E.,,,,free
2192,floradanica_2192.tif,Jungermannia umbrosa Schrad.,1836,J. W. Hornemann,Mosser,Digitale Samlinger: Billeder:Særudgivelser:Flora Danica:Hæfte:Hft. 37,,Scapania umbrosa (Schrad.) N. E.,,,,free
2193,floradanica_2193.tif,Jungermannia tomentella Ehrh.,1836,J. W. Hornemann,Mosser,Digitale Samlinger: Billeder:Særudgivelser:Flora Danica:Hæfte:Hft. 37,,Trichocolea tomentella (Ehrh.) Dmrt.,,,,free
2194,floradanica_2194.tif,Jungermannia caespiticia Horn.,1836,J. W. Hornemann,Mosser,Digitale Samlinger: Billeder:Særudgivelser:Flora Danica:Hæfte:Hft. 37,,Jungermannia pumila With.,,,,free
2195,floradanica_2195.tif,Jungermannia compacta Horn.,1836,J. W. Hornemann,Mosser,Digitale Samlinger: Billeder:Særudgivelser:Flora Danica:Hæfte:Hft. 37,,Jungermannia caespiticia Lindenb. Nomina in hisce 3 tabulis commutata sunt. 134),,,,free
2196,floradanica_2196.tif,Jungermannia pumila Horn.,1836,J. W. Hornemann,Mosser,Digitale Samlinger: Billeder:Særudgivelser:Flora Danica:Hæfte:Hft. 37,,Scapania compacta (Roth.) N. E. Nomina in hisce 3 tabulis commutata sunt. 134),,,,free
2197,floradanica_2197.tif,Laminaria saccharina (L.) Ag.,1836,J. W. Hornemann,Alger,Digitale Samlinger: Billeder:Særudgivelser:Flora Danica:Hæfte:Hft. 37,,,,,,free
2198,floradanica_2198.tif,Delesseria alata var. dilatata Ag. / Deless. sanguinea var. lanceolata Ag.,1836,J. W. Hornemann,Alger,Digitale Samlinger: Billeder:Særudgivelser:Flora Danica:Hæfte:Hft. 37,,Delesseria alata (Huds.) Lmrx.,,,,free
2199,floradanica_2199.tif,Halymenia ligulata (E. B.) Ag.,1836,J. W. Hornemann,Alger,Digitale Samlinger: Billeder:Særudgivelser:Flora Danica:Hæfte:Hft. 37,,,,,,free
2200,floradanica_2200.tif,Chondria clavellosa Ag.,1836,J. W. Hornemann,Alger,Digitale Samlinger: Billeder:Særudgivelser:Flora Danica:Hæfte:Hft. 37,,Chylocladia clavellosa (Turn.) Grev.,,,,free
2201,floradanica_2201.tif,Zonaria plantaginea (Roth.) Ag.,1836,J. W. Hornemann,Alger,Digitale Samlinger: Billeder:Særudgivelser:Flora Danica:Hæfte:Hft. 37,,Punctaria plantaginea (Roth.) Grev.,,,,free
2202,floradanica_2202.tif,Mesogloja Hornemanni Suhr,1836,J. W. Hornemann,Alger,Digitale Samlinger: Billeder:Særudgivelser:Flora Danica:Hæfte:Hft. 37,,Helminthora divaricata (Ag.) J. Ag. ?,,,,free
2203,floradanica_2203.tif,Mesogloja vermicularis (E. B.) Le Jol.,1836,J. W. Hornemann,Alger,Digitale Samlinger: Billeder:Særudgivelser:Flora Danica:Hæfte:Hft. 37,,,,,,free
2204,floradanica_2204.tif,Cladostephus Myriophyllum Horn.,1836,J. W. Hornemann,Alger,Digitale Samlinger: Billeder:Særudgivelser:Flora Danica:Hæfte:Hft. 37,,Cladostephus spongiosus (Lgb.) Ag.,,,,free
2205,floradanica_2205.tif,"Cladostephus Myriophyll. [beta], Ceratophyllum Horn.",1836,J. W. Hornemann,Alger,Digitale Samlinger: Billeder:Særudgivelser:Flora Danica:Hæfte:Hft. 37,,"Cladostephus verticillatus [beta], Ceratophyllum.",,,,free
2206,floradanica_2206.tif,"Cladostephus spongiosus [beta], laxus Horn.",1836,J. W. Hornemann,Alger,Digitale Samlinger: Billeder:Særudgivelser:Flora Danica:Hæfte:Hft. 37,,Cladostephus verticillatus (Lightf.) Ag.,,,,free
2207,floradanica_2207.tif,Schizonema quadripunctatum Ag. / Ceramium ceramicola Ag.,1836,J. W. Hornemann,Alger,Digitale Samlinger: Billeder:Særudgivelser:Flora Danica:Hæfte:Hft. 37,,Schizonema crinoideum Harv.?,,,,free
2208,floradanica_2208.tif,Sphaerococcus purpurascens var. Horn. / Gigartina Fabritiana Lgb.,1836,J. W. Hornemann,Alger,Digitale Samlinger: Billeder:Særudgivelser:Flora Danica:Hæfte:Hft. 37,,Delesseria rostrata (Lgb.) J. Ag.,,,,free
2209,floradanica_2209.tif,Cladonia macilenta Horn. / Cladonia furcata var. racemosa Fr.,1836,J. W. Hornemann,Laver,Digitale Samlinger: Billeder:Særudgivelser:Flora Danica:Hæfte:Hft. 37,,Cladonia Floerkeana Fr.,,,,free
2210,floradanica_2210.tif,Cladonia furcata var. crispata Fr. / Cladonia cornuta Horn.,1836,J. W. Hornemann,Laver,Digitale Samlinger: Billeder:Særudgivelser:Flora Danica:Hæfte:Hft. 37,,"Cladonia gracilis [beta], macroceras Flk.",,,,free
2211,floradanica_2211.tif,Parmelia tiliacea (Hoffm.) Fr. / Parmelia saxatilis (L.) Fr.,1836,J. W. Hornemann,Laver,Digitale Samlinger: Billeder:Særudgivelser:Flora Danica:Hæfte:Hft. 37,,,,,,free
2212,floradanica_2212.tif,Parmelia pallescens Fr. / Parmelia saxatilis L. var. omphalodes Fr.,1836,J. W. Hornemann,Laver,Digitale Samlinger: Billeder:Særudgivelser:Flora Danica:Hæfte:Hft. 37,,"Lecanora pallescens (L.) Schär. [alfa], tumidula (Pers.).",,,,free
2213,floradanica_2213.tif,Parmelia saxicola (Poll.) Ach. / Parmelia ferruginea (E. B.) Fr.,1836,J. W. Hornemann,Laver,Digitale Samlinger: Billeder:Særudgivelser:Flora Danica:Hæfte:Hft. 37,,Placodium saxicolum (Poll.) Stenh.,,,,free
2214,floradanica_2214.tif,Parmelia scruposa (L.) Fr. / Lecidea parasema Fr.,1836,J. W. Hornemann,Laver,Digitale Samlinger: Billeder:Særudgivelser:Flora Danica:Hæfte:Hft. 37,,Urceolaria scruposa (L.) Ach.,,,,free
2215,floradanica_2215.tif,Aecidium Violae Schum. / Aecidium crassum Schum. / Aecidium Hieracii Schum.,1836,J. W. Hornemann,Svampe,Digitale Samlinger: Billeder:Særudgivelser:Flora Danica:Hæfte:Hft. 37,,ad Pucciniam Violae (Schum.) DC.,,,,free
2216,floradanica_2216.tif,Aecidium  Ranunculi Schum. / Aecidium Mercurialis Schum. / Aecidium Tragopogi Pers.,1836,J. W. Hornemann,Svampe,Digitale Samlinger: Billeder:Særudgivelser:Flora Danica:Hæfte:Hft. 37,,Status aecidiifer Uromycis Dactylis (Otth.).,,,,free
2217,floradanica_2217.tif,Aecidium Anemones Pers. / Aecidium punctatum Pers / Aecidium Urticae Schum.,1836,J. W. Hornemann,Svampe,Digitale Samlinger: Billeder:Særudgivelser:Flora Danica:Hæfte:Hft. 37,,Aecidium leucospermum DC.,,,,free
2218,floradanica_2218.tif,Aecidium Periclymeni Schum. / Aecidium Frangulae Schum. / Aecidium Cathartici Schum.,1836,J. W. Hornemann,Svampe,Digitale Samlinger: Billeder:Særudgivelser:Flora Danica:Hæfte:Hft. 37,,ad Pucciniam coronatam Cord.,,,,free
2219,floradanica_2219.tif,Aecidium Asperifolii Pers. / Aecidium columellatum Schum. / Aecidium Myrtilli Schum.,1836,J. W. Hornemann,Svampe,Digitale Samlinger: Billeder:Særudgivelser:Flora Danica:Hæfte:Hft. 37,,ad Puccin. striaeformem Westnd.,,,,free
2220,floradanica_2220.tif,Aecidium Holboellii Horn.,1836,J. W. Hornemann,Svampe,Digitale Samlinger: Billeder:Særudgivelser:Flora Danica:Hæfte:Hft. 37,,Puccinnia Cruciferarum Rud. (?),,,,free
2221,floradanica_2221.tif,Veronica agrestis L.,1839,J. W. Hornemann,Karplanter,Digitale Samlinger: Billeder:Særudgivelser:Flora Danica:Hæfte:Hft. 38,Scrophulariaceae,Veronica agrestis L.,Ærenpris,Maskeblomstfamilien,Flerfarvet,free
2222,floradanica_2222.tif,Glyceria distans (L.) Wahlenb.,1839,J. W. Hornemann,Karplanter,Digitale Samlinger: Billeder:Særudgivelser:Flora Danica:Hæfte:Hft. 38,Poaceae,Puccinellia distans (L.) Parl.,Annelgræs,Græsfamilien,Udspærret,free
2223,floradanica_2223.tif,Koeleria cristata (L.) Pers.,1839,J. W. Hornemann,Karplanter,Digitale Samlinger: Billeder:Særudgivelser:Flora Danica:Hæfte:Hft. 38,Poaceae,Lophochloa cristata (L.) Hyl.,Kambunke,Græsfamilien,Enårig,free
2224,floradanica_2224.tif,Cuscuta lupuliformis Krock.,1839,J. W. Hornemann,Karplanter,Digitale Samlinger: Billeder:Særudgivelser:Flora Danica:Hæfte:Hft. 38,Cuscutaceae,Cuscuta lupuliformis Krocker,Silke,Silkefamilien,Engriflet,free
2225,floradanica_2225.tif,Ornithogalum pratense Pers.,1839,J. W. Hornemann,Karplanter,Digitale Samlinger: Billeder:Særudgivelser:Flora Danica:Hæfte:Hft. 38,Liliaceae,Gagea pratensis (Pers.) Dumort.,Guldstjerne,Liljefamilien,Eng-,free
2226,floradanica_2226.tif,Atriplex angustifolia Sm.,1839,J. W. Hornemann,Karplanter,Digitale Samlinger: Billeder:Særudgivelser:Flora Danica:Hæfte:Hft. 38,Chenopodiaceae,Atriplex patula L.,Mælde,Salturtfamilien,Svine-,free
2227,floradanica_2227.tif,Allium vineale L. 147),1839,J. W. Hornemann,Karplanter,Digitale Samlinger: Billeder:Særudgivelser:Flora Danica:Hæfte:Hft. 38,Liliaceae,Allium vineale L. var. vineale,Løg,Liljefamilien,Sand-,free
2228,floradanica_2228.tif,Rumex conglomeratus Murr.,1839,J. W. Hornemann,Karplanter,Digitale Samlinger: Billeder:Særudgivelser:Flora Danica:Hæfte:Hft. 38,Polygonaceae,Rumex conglomeratus Murray,Skræppe,Skedeknæfamilien,Nøgle-,free
2229,floradanica_2229.tif,Rumex Nemolapathum L. fil.,1839,J. W. Hornemann,Karplanter,Digitale Samlinger: Billeder:Særudgivelser:Flora Danica:Hæfte:Hft. 38,Polygonaceae,Rumex sanguineus L.,Skræppe,Skedeknæfamilien,Skov-,free
2230,floradanica_2230.tif,Polygonum minus Huds.,1839,J. W. Hornemann,Karplanter,Digitale Samlinger: Billeder:Særudgivelser:Flora Danica:Hæfte:Hft. 38,Polygonaceae,Persicaria minor (Hudson) Opiz,Pileurt,Skedeknæfamilien,Liden,free
2231,floradanica_2231.tif,Arenaria marina Horn.,1839,J. W. Hornemann,Karplanter,Digitale Samlinger: Billeder:Særudgivelser:Flora Danica:Hæfte:Hft. 38,Caryophyllaceae,Spergularia marina (L.) Griseb.,Hindeknæ,Nellikefamilien,Kødet,free
2232,floradanica_2232.tif,Arenaria media Horn.,1839,J. W. Hornemann,Karplanter,Digitale Samlinger: Billeder:Særudgivelser:Flora Danica:Hæfte:Hft. 38,Caryophyllaceae,Spergularia rubra (L.) J. & C. Presl,Hindeknæ,Nellikefamilien,Mark-,free
2233,floradanica_2233.tif,Rosa inodora Horn.,1839,J. W. Hornemann,Karplanter,Digitale Samlinger: Billeder:Særudgivelser:Flora Danica:Hæfte:Hft. 38,Rosaceae,Rosa canina (L.) Crépin,Rose,Rosenfamilien,Hunde-,free
2234,floradanica_2234.tif,Potentilla pulchella R. Br.,1839,J. W. Hornemann,Karplanter,Digitale Samlinger: Billeder:Særudgivelser:Flora Danica:Hæfte:Hft. 38,Rosaceae,Potentilla pulchella R.Br.,Potentil,Rosenfamilien,Smuk,free
2235,floradanica_2235.tif,Fragraria vesca L.,1839,J. W. Hornemann,Karplanter,Digitale Samlinger: Billeder:Særudgivelser:Flora Danica:Hæfte:Hft. 38,Rosaceae,Fragaria vesca L.,Jordbær,Rosenfamilien,Skov-,free
2236,floradanica_2236.tif,Ranunculus circinnatus Sibth.,1839,J. W. Hornemann,Karplanter,Digitale Samlinger: Billeder:Særudgivelser:Flora Danica:Hæfte:Hft. 38,Ranunculaceae,Ranunculus circinatus Sibth.,Vandranunkel,Ranunkelfamilien,Kredsbladet,free
2237,floradanica_2237.tif,Thymus Chamedrys Fr.,1839,J. W. Hornemann,Karplanter,Digitale Samlinger: Billeder:Særudgivelser:Flora Danica:Hæfte:Hft. 38,Lamiaceae,Thymus pulegioides L.,Timian,Læbeblomstfamilien,Bredbladet,free
2238,floradanica_2238.tif,Melampyrum pratense L.,1839,J. W. Hornemann,Karplanter,Digitale Samlinger: Billeder:Særudgivelser:Flora Danica:Hæfte:Hft. 38,Scrophulariaceae,Melampyrum pratense L.,Kohvede,Maskeblomstfamilien,Almindelig,free
2239,floradanica_2239.tif,Elatine Alsinastrum L.,1839,J. W. Hornemann,Karplanter,Digitale Samlinger: Billeder:Særudgivelser:Flora Danica:Hæfte:Hft. 38,Elatinaceae,Elatine alsinastrum L.,Bækarve,Bækarvefamilien,Kransbladet,free
2240,floradanica_2240.tif,Geranium pyrenacium L.,1839,J. W. Hornemann,Karplanter,Digitale Samlinger: Billeder:Særudgivelser:Flora Danica:Hæfte:Hft. 38,Geraniaceae,Geranium pyrenaicum Burm. fil.,Storkenæb,Storkenæbfamilien,Pyrenæisk,free
2241,floradanica_2241.tif,Lunaria rediviva L.,1839,J. W. Hornemann,Karplanter,Digitale Samlinger: Billeder:Særudgivelser:Flora Danica:Hæfte:Hft. 38,Brassicaceae,Lunaria rediviva L.,Måneskulpe,Korsblomstfamilien,Vedvarende,free
2242,floradanica_2242.tif,Eutrema Edwarsii R. Br.,1839,J. W. Hornemann,Karplanter,Digitale Samlinger: Billeder:Særudgivelser:Flora Danica:Hæfte:Hft. 38,Brassicaceae,Eutrema edwardsii R. Br.,Polarræddike,Korsblomstfamilien,,free
2243,floradanica_2243.tif,Hedysarum Onobrychis L.,1839,J. W. Hornemann,Karplanter,Digitale Samlinger: Billeder:Særudgivelser:Flora Danica:Hæfte:Hft. 38,Fabaceae,Onobrychis viciifolia Scop.,Esparsette,Ærteblomstfamilien,,free
2244,floradanica_2244.tif,Medicago sativa L.,1839,J. W. Hornemann,Karplanter,Digitale Samlinger: Billeder:Særudgivelser:Flora Danica:Hæfte:Hft. 38,Fabaceae,Medicago sativa L.,Lucerne,Ærteblomstfamilien,Foder-,free
2245,floradanica_2245.tif,Lathyrus Aphaca L. 141),1839,J. W. Hornemann,Karplanter,Digitale Samlinger: Billeder:Særudgivelser:Flora Danica:Hæfte:Hft. 38,Fabaceae,Lathyrus aphaca L.,Fladbælg,Ærteblomstfamilien,Bladløs,free
2246,floradanica_2246.tif,Amarantus Blitum L.,1839,J. W. Hornemann,Karplanter,Digitale Samlinger: Billeder:Særudgivelser:Flora Danica:Hæfte:Hft. 38,Amaranthaceae,Amaranthus lividus L.,Amarant,Amarantfamilien,Plet-,free
2247,floradanica_2247.tif,Carex acuta L.,1839,J. W. Hornemann,Karplanter,Digitale Samlinger: Billeder:Særudgivelser:Flora Danica:Hæfte:Hft. 38,Cyperaceae,Carex acuta L.,Star,Halvgræsfamilien,Nikkende,free
2248,floradanica_2248.tif,Carex ampullacea Good.,1839,J. W. Hornemann,Karplanter,Digitale Samlinger: Billeder:Særudgivelser:Flora Danica:Hæfte:Hft. 38,Cyperaceae,Carex rostrata Stokes,Star,Halvgræsfamilien,Næb-,free
2249,floradanica_2249.tif,Carex Hornschuchiana Hopp.,1839,J. W. Hornemann,Karplanter,Digitale Samlinger: Billeder:Særudgivelser:Flora Danica:Hæfte:Hft. 38,Cyperaceae,Carex hostiana DC.,Star,Halvgræsfamilien,Skede-,free
2250,floradanica_2250.tif,Aspidium montanum Sw.,1839,J. W. Hornemann,Karplanter,Digitale Samlinger: Billeder:Særudgivelser:Flora Danica:Hæfte:Hft. 38,Athyriaceae,Cystopteris montana,Bægerbregne,Fjerbregnefamilien,Bjerg-,free
2251,floradanica_2251.tif,Jungermannia Sphagni Dicks.,1839,J. W. Hornemann,Mosser,Digitale Samlinger: Billeder:Særudgivelser:Flora Danica:Hæfte:Hft. 38,,Sphagnoecetis communis N. E.,,,,free
2252,floradanica_2252.tif,Jungermannia Blasia Hook.,1839,J. W. Hornemann,Mosser,Digitale Samlinger: Billeder:Særudgivelser:Flora Danica:Hæfte:Hft. 38,,Blasia pusilla L.,,,,free
2253,floradanica_2253.tif,Parmelia centrifuga (L.) Ach. / Parmelia conspersa (Hffm.) Fr.,1839,J. W. Hornemann,Laver,Digitale Samlinger: Billeder:Særudgivelser:Flora Danica:Hæfte:Hft. 38,,,,,,free
2254,floradanica_2254.tif,Parmelia oreina (Ach.) Fr. / Parmelia chrysoleuca Ach.,1839,J. W. Hornemann,Laver,Digitale Samlinger: Billeder:Særudgivelser:Flora Danica:Hæfte:Hft. 38,,Rinidina orenia (Ach.) Mass.,,,,free
2255,floradanica_2255.tif,"Biatora decipiens Fr. / Biatora globiera [beta], Fr.",1839,J. W. Hornemann,Laver,Digitale Samlinger: Billeder:Særudgivelser:Flora Danica:Hæfte:Hft. 38,,Psora decipiens (Ehrh.) Mass.,,,,free
2256,floradanica_2256.tif,Laminaria saccharina (L.) var. basi spiralis.,1839,J. W. Hornemann,Alger,Digitale Samlinger: Billeder:Særudgivelser:Flora Danica:Hæfte:Hft. 38,,,,,,free
2257,floradanica_2257.tif,Laminaria saccharina (L.) var. spiralis.,1839,J. W. Hornemann,Alger,Digitale Samlinger: Billeder:Særudgivelser:Flora Danica:Hæfte:Hft. 38,,,,,,free
2258,floradanica_2258.tif,Halymenia edulis Ag.,1839,J. W. Hornemann,Alger,Digitale Samlinger: Billeder:Særudgivelser:Flora Danica:Hæfte:Hft. 38,,Sarcophyllis edulis (Stackh.) J. Ag.,,,,free
2259,floradanica_2259.tif,Delesseria sinuosa Lmrx. var. lingulata.,1839,J. W. Hornemann,Alger,Digitale Samlinger: Billeder:Særudgivelser:Flora Danica:Hæfte:Hft. 38,,,,,,free
2260,floradanica_2260.tif,Hutchinia stricta Ag.,1839,J. W. Hornemann,Alger,Digitale Samlinger: Billeder:Særudgivelser:Flora Danica:Hæfte:Hft. 38,,Polysiphonia urceolata var. comosa J. Ag.,,,,free
2261,floradanica_2261.tif,Ceramiun roseum Roth. / Callithamnium Rothii Ag.,1839,J. W. Hornemann,Alger,Digitale Samlinger: Billeder:Særudgivelser:Flora Danica:Hæfte:Hft. 38,,Callithamnium polyspermum Ag.,,,,free
2262,floradanica_2262.tif,Ceramium roseolum Ag. / Conferva gracilis Griff. / Conferva sertularioides Ag.,1839,J. W. Hornemann,Alger,Digitale Samlinger: Billeder:Særudgivelser:Flora Danica:Hæfte:Hft. 38,,Spermothamnium Turneri (Mert.) f. roseola (Ag.),,,,free
2263,floradanica_2263.tif,Meridion circulare (Grev.) Horn. / Fragilaria flava Lgb. mscr.,1839,J. W. Hornemann,Alger,Digitale Samlinger: Billeder:Særudgivelser:Flora Danica:Hæfte:Hft. 38,,Fragilaria v. Eunotia sp.,,,,free
2264,floradanica_2264.tif,Sphaerococcus ciliatus var. / Desmidium Swartzii Ag.,1839,J. W. Hornemann,Alger,Digitale Samlinger: Billeder:Særudgivelser:Flora Danica:Hæfte:Hft. 38,,Rhodophyllis dichotoma (Lepech.) Gobé.,,,,free
2265,floradanica_2265.tif,Agaricus Fibula Horn. / Agaricus fuscipes Horn.,1839,J. W. Hornemann,Svampe,Digitale Samlinger: Billeder:Særudgivelser:Flora Danica:Hæfte:Hft. 38,,Agaricus (Collybia) Clavus L. (Bolt.).,,,,free
2266,floradanica_2266.tif,Agaricus butyraceus Bull. / Agaricus ingratus Schum.,1839,J. W. Hornemann,Svampe,Digitale Samlinger: Billeder:Særudgivelser:Flora Danica:Hæfte:Hft. 38,,Agaricus (Collybia) butyraceus var.,,,,free
2267,floradanica_2267.tif,Agaricus Schumacheri Fr. / Agaricus acris Schum.,1839,J. W. Hornemann,Svampe,Digitale Samlinger: Billeder:Særudgivelser:Flora Danica:Hæfte:Hft. 38,,(Tricholyma)!,,,,free
2268,floradanica_2268.tif,Agaricus crenulatus Schum. / Agaricus pergamenus Horn.,1839,J. W. Hornemann,Svampe,Digitale Samlinger: Billeder:Særudgivelser:Flora Danica:Hæfte:Hft. 38,,(Mycena)!,,,,free
2269,floradanica_2269.tif,Agaricus denticulatus Schum. / Agaricus velutipes Curt.,1839,J. W. Hornemann,Svampe,Digitale Samlinger: Billeder:Særudgivelser:Flora Danica:Hæfte:Hft. 38,,Agaricus (Mycena) balaninus Berkel. var. (?),,,,free
2270,floradanica_2270.tif,Achizophyllum commune Fr. / Merulius tortilis Horn. / Cantharellus undulatus Horn.,1839,J. W. Hornemann,Svampe,Digitale Samlinger: Billeder:Særudgivelser:Flora Danica:Hæfte:Hft. 38,,Craterellus crispus Fr. [Nom. et descriptio fig. 1 et 2 commutata.] 142),,,,free
2271,floradanica_2271.tif,Daedalea unicolor Fr. / Hydnum crustosum Pers. / Thelephora ochroleuca Fr.,1839,J. W. Hornemann,Svampe,Digitale Samlinger: Billeder:Særudgivelser:Flora Danica:Hæfte:Hft. 38,,Grandinia crustosa (Pers.) Fr.,,,,free
2272,floradanica_2272.tif,Clavaria crispula Horn. / Clavaria bulbosa Schum. / Thelephora cristata Fr.,1839,J. W. Hornemann,Svampe,Digitale Samlinger: Billeder:Særudgivelser:Flora Danica:Hæfte:Hft. 38,,Mycelium quoddam.,,,,free
2273,floradanica_2273.tif,Clavaria filiformis Schum. / Clavaria penicillata Bull. / Tubercularia nigra Schum.,1839,J. W. Hornemann,Svampe,Digitale Samlinger: Billeder:Særudgivelser:Flora Danica:Hæfte:Hft. 38,,Typhula filiformis (Bull.) Fr.,,,,free
2274,floradanica_2274.tif,Peziza purpurea Schum. / Peziza lutea Schum. / Peziza virginea Batsch.,1839,J. W. Hornemann,Svampe,Digitale Samlinger: Billeder:Særudgivelser:Flora Danica:Hæfte:Hft. 38,,Crouania humosa (Fr.) Fckl. 143),,,,free
2275,floradanica_2275.tif,Peziza alutacea Schum / Peziza elongata Schum. / Peziza Calycuclus Sow.,1839,J. W. Hornemann,Svampe,Digitale Samlinger: Billeder:Særudgivelser:Flora Danica:Hæfte:Hft. 38,,Rutstr¨mia firma Karst. (Peziza firma Pers.).,,,,free
2276,floradanica_2276.tif,Cenangium quercinum (Pers.) Fr. / Thelephora byssoides Pers.,1839,J. W. Hornemann,Svampe,Digitale Samlinger: Billeder:Særudgivelser:Flora Danica:Hæfte:Hft. 38,,,,,,free
2277,floradanica_2277.tif,Myxotrichum chartarum Kze. / Cladosporium herbarum Link. / Myxotrichum fuscum Fr.,1839,J. W. Hornemann,Ukendt,Digitale Samlinger: Billeder:Særudgivelser:Flora Danica:Hæfte:Hft. 38,,,,,,free
2278,floradanica_2278.tif,Botrytis carnea Schum. / Botrytis cinerea Pers. / Botrytis aeruginosa Schum.,1839,J. W. Hornemann,Svampe,Digitale Samlinger: Billeder:Særudgivelser:Flora Danica:Hæfte:Hft. 38,,,,,,free
2279,floradanica_2279.tif,"Aregma Phragmidium Fr. / Aregma Phragmidium [beta], mucronatum Fr. / Macrosporium Convallariae Fr.",1839,J. W. Hornemann,Ukendt,Digitale Samlinger: Billeder:Særudgivelser:Flora Danica:Hæfte:Hft. 38,,Phragmidium bulbosum (Strauss) Schldl.,,,,free
2280,floradanica_2280.tif,Stilbum bicolor Pers. / Stilbum rigidum Pers. / Isaria brachiata Schum.,1839,J. W. Hornemann,Svampe,Digitale Samlinger: Billeder:Særudgivelser:Flora Danica:Hæfte:Hft. 38,,,,,,free
2281,floradanica_2281.tif,Schoenus nigricans L.,1840,J. W. Hornemann,Karplanter,Digitale Samlinger: Billeder:Særudgivelser:Flora Danica:Hæfte:Hft. 39,Cyperaceae,Schoenus nigricans L.,Skæne,Halvgræsfamilien,Sort,free
2282,floradanica_2282.tif,Scabiosa canescens Kit.,1840,J. W. Hornemann,Karplanter,Digitale Samlinger: Billeder:Særudgivelser:Flora Danica:Hæfte:Hft. 39,Dipsacaceae,Scabiosa canescens Waldst. & Kit.,Skabiose,Kartebollefamilien,Vellugtende,free
2283,floradanica_2283.tif,Myosotis caespitosa Schultz.,1840,J. W. Hornemann,Karplanter,Digitale Samlinger: Billeder:Særudgivelser:Flora Danica:Hæfte:Hft. 39,Boraginaceae,Myosotis laxa Lehm.  ssp. caespitosa (C. F. Schultz) Hyl.,Forglemmigej,Rubladfamilien,Sump-,free
2284,floradanica_2284.tif,Myosotis hispida Schldl.,1840,J. W. Hornemann,Karplanter,Digitale Samlinger: Billeder:Særudgivelser:Flora Danica:Hæfte:Hft. 39,Boraginaceae,Myosotis ramosissima Rochel,Forglemmigej,Rubladfamilien,Bakke-,free
2285,floradanica_2285.tif,Myosotis stricta Link. / Myosotis versicolor Ehrh.,1840,J. W. Hornemann,Karplanter,Digitale Samlinger: Billeder:Særudgivelser:Flora Danica:Hæfte:Hft. 39,Boraginaceae,Myosotis stricta Link,Forglemmigej,Rubladfamilien,Rank,free
2286,floradanica_2286.tif,Parnassia Kotzebuei Cham. et Schldl.,1840,J. W. Hornemann,Karplanter,Digitale Samlinger: Billeder:Særudgivelser:Flora Danica:Hæfte:Hft. 39,Parnassiaceae,Parnassia kotzebuei Cham. & Schlecht.,Leverurt,Leverurtfamilien,Arktisk,free
2287,floradanica_2287.tif,Juncus inundatus Drej.,1840,J. W. Hornemann,Karplanter,Digitale Samlinger: Billeder:Særudgivelser:Flora Danica:Hæfte:Hft. 39,Juncaceae,Juncus balticus Willd.   x  filiformis Lidf.,Siv,Sivfamilien,Klit- x Tråd-,free
2288,floradanica_2288.tif,Rumes Helolapathum Drej.,1840,J. W. Hornemann,Karplanter,Digitale Samlinger: Billeder:Særudgivelser:Flora Danica:Hæfte:Hft. 39,Polygonaceae,Rumex aquaticus L.,,Skedeknæfamilien,Dynd-Skræppe,free
2289,floradanica_2289.tif,Arenaria (Spergula) caaespitosa J. Vahl.,1840,J. W. Hornemann,Karplanter,Digitale Samlinger: Billeder:Særudgivelser:Flora Danica:Hæfte:Hft. 39,Caryophyllaceae,Sagina caespitosa (J.Vahl.) Lge.,Firling,Nellikefamilien,Tue-,free
2290,floradanica_2290.tif,Stellaria Edwarsii R. Br.,1840,J. W. Hornemann,Karplanter,Digitale Samlinger: Billeder:Særudgivelser:Flora Danica:Hæfte:Hft. 39,Caryophyllaceae,Stellaria longipes Goldie,Fladstjerne,Nellikefamilien,Stilk-,free
2291,floradanica_2291.tif,Potentilla emarginata Pursh.,1840,J. W. Hornemann,Karplanter,Digitale Samlinger: Billeder:Særudgivelser:Flora Danica:Hæfte:Hft. 39,Rosaceae,Potentilla hyparctica Malte,Potentil,Rosenfamilien,Polar-,free
2292,floradanica_2292.tif,Ranunculus lapponicus L.,1840,J. W. Hornemann,Karplanter,Digitale Samlinger: Billeder:Særudgivelser:Flora Danica:Hæfte:Hft. 39,Ranunculaceae,Ranunculus lapponicus L.,Ranunkel,Ranunkelfamilien,Laplands-,free
2293,floradanica_2293.tif,Ranunculus Cymbalariae Pursh.,1840,J. W. Hornemann,Karplanter,Digitale Samlinger: Billeder:Særudgivelser:Flora Danica:Hæfte:Hft. 39,Ranunculaceae,Ranunculus cymbalaria Pursh,Ranunkel,Ranunkelfamilien,Salt-,free
2294,floradanica_2294.tif,Draba arctica J. Vahl.,1840,J. W. Hornemann,Karplanter,Digitale Samlinger: Billeder:Særudgivelser:Flora Danica:Hæfte:Hft. 39,Brassicaceae,Draba arctica J. Vahl,Draba,Korsblomstfamilien,Arktisk,free
2295,floradanica_2295.tif,Platypetalum purpurascens R. Br.,1840,J. W. Hornemann,Karplanter,Digitale Samlinger: Billeder:Særudgivelser:Flora Danica:Hæfte:Hft. 39,Brassicaceae,Braya purpurascens (R. Br.) Bunge,Braya,Korsblomstfamilien,Purpur-,free
2296,floradanica_2296.tif,Turritis mollis Hook.,1840,J. W. Hornemann,Karplanter,Digitale Samlinger: Billeder:Særudgivelser:Flora Danica:Hæfte:Hft. 39,Brassicaceae,Halimolobus mollis (Hook.) Rollins,Gåsemad,Korsblomstfamilien,Arktisk,free
2297,floradanica_2297.tif,Sisymbrium humifusum J. Vahl.,1840,J. W. Hornemann,Karplanter,Digitale Samlinger: Billeder:Særudgivelser:Flora Danica:Hæfte:Hft. 39,Brassicaceae,Arabis arenicola Richards.,Kalkkarse,Korsblomstfamilien,Bræ-,free
2298,floradanica_2298.tif,Taraxacum phymatocarpum J. Vahl.,1840,J. W. Hornemann,Karplanter,Digitale Samlinger: Billeder:Særudgivelser:Flora Danica:Hæfte:Hft. 39,Asteraceae,Taraxacum Antarctica (section),Mælkebøtte,Kurvblomstfamilien,Ishavs-,free
2299,floradanica_2299.tif,Erigeron eriocephalus J. Vahl.,1840,J. W. Hornemann,Karplanter,Digitale Samlinger: Billeder:Særudgivelser:Flora Danica:Hæfte:Hft. 39,Asteraceae,Erigeron uniflorus L. ssp. eriocephalus (J. Vahl) Cronq.,Bakkestjerne,Kurvblomstfamilien,Uld-,free
2300,floradanica_2300.tif,Carex Boenninghauseniana J. Vahl.,1840,J. W. Hornemann,Karplanter,Digitale Samlinger: Billeder:Særudgivelser:Flora Danica:Hæfte:Hft. 39,Cyperaceae,Carex paniculata x remota,Star,Halvgræsfamilien,Akselbladet x Top-,free
2301,floradanica_2301.tif,Alnus incana Willd.,1840,J. W. Hornemann,Karplanter,Digitale Samlinger: Billeder:Særudgivelser:Flora Danica:Hæfte:Hft. 39,Betulaceae,Alnus glutinosa (L.) Gaertner,Rødel,Birkefamilien,,free
2302,floradanica_2302.tif,Alnus glutinosa Willd,1840,J. W. Hornemann,Karplanter,Digitale Samlinger: Billeder:Særudgivelser:Flora Danica:Hæfte:Hft. 39,Betulaceae,Alnus incana (L.) Moench,Gråel,Birkefamilien,,free
2303,floradanica_2303.tif,Pteris aquilina L.,1840,J. W. Hornemann,Karplanter,Digitale Samlinger: Billeder:Særudgivelser:Flora Danica:Hæfte:Hft. 39,Dennstaedtiaceae,Pteridium aquilinum (L.) Kuhn ssp. aquilinum,Ørnebregne,Ørnebregnefamilien,Almindelig,free
2304,floradanica_2304.tif,Gymnostomum Heimii Hedw. / Weissia controversa Horn.,1840,J. W. Hornemann,Mosser,Digitale Samlinger: Billeder:Særudgivelser:Flora Danica:Hæfte:Hft. 39,,Pottia Heimii (Hedw.) Fürnr.,,,,free
2305,floradanica_2305.tif,Bartramia crispa Sw. / Bartramia fontana (L.) Sw.,1840,J. W. Hornemann,Mosser,Digitale Samlinger: Billeder:Særudgivelser:Flora Danica:Hæfte:Hft. 39,,Philonotis fontana (L.) Brid.,,,,free
2306,floradanica_2306.tif,Bartramia pomiformis Horn. / Neckera crispa Hedw.,1840,J. W. Hornemann,Mosser,Digitale Samlinger: Billeder:Særudgivelser:Flora Danica:Hæfte:Hft. 39,,Bartramia ithyphylla Brid.,,,,free
2307,floradanica_2307.tif,Trichostomum heterostichum Willd. / Trichostomum pulvinatum Web. et M.,1840,J. W. Hornemann,Mosser,Digitale Samlinger: Billeder:Særudgivelser:Flora Danica:Hæfte:Hft. 39,,Rhacomitrium heterostichum (Hedw.) Brid.,,,,free
2308,floradanica_2308.tif,Tortula unguniculata Hedw. / Tortula muralis Timm.,1840,J. W. Hornemann,Mosser,Digitale Samlinger: Billeder:Særudgivelser:Flora Danica:Hæfte:Hft. 39,,,,,,free
2309,floradanica_2309.tif,Tortula fallax Hook. / Trematodon ambiguus Hornsch.,1840,J. W. Hornemann,Mosser,Digitale Samlinger: Billeder:Særudgivelser:Flora Danica:Hæfte:Hft. 39,,,,,,free
2310,floradanica_2310.tif,Dicranum cerviculatum Hedw. / Dicranum varium Hedw.,1840,J. W. Hornemann,Mosser,Digitale Samlinger: Billeder:Særudgivelser:Flora Danica:Hæfte:Hft. 39,,Dicranella vcerviculata (Hedw.) Schimp.,,,,free
2311,floradanica_2311.tif,Chara baltica Aspegr.,1840,J. W. Hornemann,Alger,Digitale Samlinger: Billeder:Særudgivelser:Flora Danica:Hæfte:Hft. 39,,,,,,free
2312,floradanica_2312.tif,Hutchinsia divaricata Ag. / Hutchinsia Brodiaei Lgb.,1840,J. W. Hornemann,Alger,Digitale Samlinger: Billeder:Særudgivelser:Flora Danica:Hæfte:Hft. 39,,Polysiphonia violacea (Roth.) Grev.,,,,free
2313,floradanica_2313.tif,Hutchinsia lepadicola Lgb. / Callithamnium pyramidatum Lbm.,1840,J. W. Hornemann,Alger,Digitale Samlinger: Billeder:Særudgivelser:Flora Danica:Hæfte:Hft. 39,,Polysiphonia lepadicola (Lgb.) Kütz. (an spec. distinct?).,,,,free
2314,floradanica_2314.tif,Cónferva Hutchinsiae Dillw. / Myxonema curvatum Lbm.,1840,J. W. Hornemann,Alger,Digitale Samlinger: Billeder:Særudgivelser:Flora Danica:Hæfte:Hft. 39,,Cladophora hirta Kütz.,,,,free
2315,floradanica_2315.tif,Scytonema variegatum Lbm. / Siradium intricatum Lbm.,1840,J. W. Hornemann,Alger,Digitale Samlinger: Billeder:Særudgivelser:Flora Danica:Hæfte:Hft. 39,,Stigonema ocellatum (Dillw.) Thur.,,,,free
2316,floradanica_2316.tif,Linkia Zosterae Lgb. (Rivularia Mohr.). / Lyngbya lutescens Lbm.,1840,J. W. Hornemann,Alger,Digitale Samlinger: Billeder:Særudgivelser:Flora Danica:Hæfte:Hft. 39,,Castagena Zosterae (Mohr) Thur.,,,,free
2317,floradanica_2317.tif,Erythroclathrus rivularis Lbm. / Erythroclathrus pelliltus Lbm.,1840,J. W. Hornemann,Alger,Digitale Samlinger: Billeder:Særudgivelser:Flora Danica:Hæfte:Hft. 39,,Hildenbrandtia rivularis (Lbm.) J. Ag.,,,,free
2318,floradanica_2318.tif,(vid. Corrig.) Micrasterias Boryana Ehrenb. / Euastrum Crux melitensis Ehrenb. / Micrasterias affinis Lbm. / Tetraspora didyma Lbm.,1840,J. W. Hornemann,Alger,Digitale Samlinger: Billeder:Særudgivelser:Flora Danica:Hæfte:Hft. 39,,Pediastrum Boryanum (Turp.) Menegh.,,,,free
2319,floradanica_2319.tif,Parmelia plumbea Ach. / Parmelia obscura Ehrh.,1840,J. W. Hornemann,Laver,Digitale Samlinger: Billeder:Særudgivelser:Flora Danica:Hæfte:Hft. 39,,Pannaria plumbea (Ehrh.) Nyl.,,,,free
2320,floradanica_2320.tif,Parmelia elegans Ach. / Parmelia olivacea Ach.,1840,J. W. Hornemann,Laver,Digitale Samlinger: Billeder:Særudgivelser:Flora Danica:Hæfte:Hft. 39,,Caloplaca elegans (Ach:) Th. Fr.,,,,free
2321,floradanica_2321.tif,Parmelia subfusca (L.) Fr.,1840,J. W. Hornemann,Laver,Digitale Samlinger: Billeder:Særudgivelser:Flora Danica:Hæfte:Hft. 39,,Lecanora subfusca (L.) Ach.,,,,free
2322,floradanica_2322.tif,Parmelia verrucosa Fries / Lecidea fuscoatra Fr.,1840,J. W. Hornemann,Laver,Digitale Samlinger: Billeder:Særudgivelser:Flora Danica:Hæfte:Hft. 39,,Ascipilla Vrrrucosa (Ach.) Mass. (Figura dubia).,,,,free
2323,floradanica_2323.tif,Lecidea albocoerulescens (Wulf) Fr. / Lecidea parasema v. areolata (Duf.) Fr.,1840,J. W. Hornemann,Laver,Digitale Samlinger: Billeder:Særudgivelser:Flora Danica:Hæfte:Hft. 39,,Buellia parassema (Ach.) var flavida.,,,,free
2324,floradanica_2324.tif,Lecidea geographica (L.) Fr. / Lecidea enteroleuca Horn.,1840,J. W. Hornemann,Laver,Digitale Samlinger: Billeder:Særudgivelser:Flora Danica:Hæfte:Hft. 39,,Rhizocarpum geographicum (L.) DC.,,,,free
2325,floradanica_2325.tif,Cetaria aculeata (Schreb.) Fr. / Cetaria juniperina (L.) Ach.,1840,J. W. Hornemann,Laver,Digitale Samlinger: Billeder:Særudgivelser:Flora Danica:Hæfte:Hft. 39,,Platysma juniperinum (L.) Nyl. var. pinastri.,,,,free
2326,floradanica_2326.tif,Everina prunastri (L.) Ach. / Sphaerophorum fragile (L.) Pers.,1840,J. W. Hornemann,Laver,Digitale Samlinger: Billeder:Særudgivelser:Flora Danica:Hæfte:Hft. 39,,,,,,free
2327,floradanica_2327.tif,Cladonia coccifera (L.) Fr. ([alfa]). / Cladonia alicornis. Fr.,1840,J. W. Hornemann,Laver,Digitale Samlinger: Billeder:Særudgivelser:Flora Danica:Hæfte:Hft. 39,,"Cladonia alicornis [alfa], damaecornis Th. Fr.",,,,free
2328,floradanica_2328.tif,Sticta pulmonacea (L.) Fr.,1840,J. W. Hornemann,Laver,Digitale Samlinger: Billeder:Særudgivelser:Flora Danica:Hæfte:Hft. 39,,,,,,free
2329,floradanica_2329.tif,Hysterium tuberculosum Horn. / Hysterium Mali Schum. / Hysterium arachnoideum Schum.,1840,J. W. Hornemann,Svampe,Digitale Samlinger: Billeder:Særudgivelser:Flora Danica:Hæfte:Hft. 39,,(Lenticeli monstrose deformati.),,,,free
2330,floradanica_2330.tif,Hysterium pulicare L. / Hysterium aquilinium Schum. / Hysterium conigenum Fr.,1840,J. W. Hornemann,Svampe,Digitale Samlinger: Billeder:Særudgivelser:Flora Danica:Hæfte:Hft. 39,,Rhopographus filicinus (Fr.) Fck.,,,,free
2331,floradanica_2331.tif,"Hysterium pulicare [beta], pedicellatum (Schum.) Fr. / Hysterium Pini Schum. / Hysterium Populi Schum.",1840,J. W. Hornemann,Svampe,Digitale Samlinger: Billeder:Særudgivelser:Flora Danica:Hæfte:Hft. 39,,Lophodermium Pinastri (Schrad.) Chev.,,,,free
2332,floradanica_2332.tif,Sphaeria Coryli Fr. (Sphaeria Gnomon Schum.) / Sphaeria umbrina Fr. / Sphaeria incurva Schum.,1840,J. W. Hornemann,Svampe,Digitale Samlinger: Billeder:Særudgivelser:Flora Danica:Hæfte:Hft. 39,,Gnomonia Coryli (Batsch) Auersw.,,,,free
2333,floradanica_2333.tif,"Sphaeria ovina [beta], glabrata Fr. / Sphaeria atrostoma Schum. / Sphaeria Castaneae Schum.",1840,J. W. Hornemann,Svampe,Digitale Samlinger: Billeder:Særudgivelser:Flora Danica:Hæfte:Hft. 39,,Lasiosphaeria ovina (pers.) de Ntrs.,,,,free
2334,floradanica_2334.tif,Sphaeria Rosae Schum. / Sphaeria crinita Fr. / Sphaeria Aspegrenii Fr.,1840,J. W. Hornemann,Svampe,Digitale Samlinger: Billeder:Særudgivelser:Flora Danica:Hæfte:Hft. 39,,?,,,,free
2335,floradanica_2335.tif,Sphaeria maculaeformis Fr. / Sphaeria clausa Schum.,1840,J. W. Hornemann,Svampe,Digitale Samlinger: Billeder:Særudgivelser:Flora Danica:Hæfte:Hft. 39,,Sphaerella maculaefprmis (Pers.) Auersw.,,,,free
2336,floradanica_2336.tif,Cenangium Cerasi Fr. / Tubercularia Pruni Schum.,1840,J. W. Hornemann,Svampe,Digitale Samlinger: Billeder:Særudgivelser:Flora Danica:Hæfte:Hft. 39,,Dermatea Cerasi (Pers.) Fr.,,,,free
2337,floradanica_2337.tif,Tubercularia hirsuta Schum. / Tubercularia Populi Schum.,1840,J. W. Hornemann,Svampe,Digitale Samlinger: Billeder:Særudgivelser:Flora Danica:Hæfte:Hft. 39,,Coryneum disciforme Kze. (Conidia Pseudovalsae lanciformis). 150),,,,free
2338,floradanica_2338.tif,Ditiola radicata Fr. / Tubercularia sulcata Schum.,1840,J. W. Hornemann,Svampe,Digitale Samlinger: Billeder:Særudgivelser:Flora Danica:Hæfte:Hft. 39,,Ditiola sulcata Fr.,,,,free
2339,floradanica_2339.tif,Tubercularia vulgaris Fr. / Tubercularia minuta Schum.,1840,J. W. Hornemann,Svampe,Digitale Samlinger: Billeder:Særudgivelser:Flora Danica:Hæfte:Hft. 39,,?,,,,free
2340,floradanica_2340.tif,Phacidium coronatum Fr. / Merulis retrirugus Schum.,1840,J. W. Hornemann,Svampe,Digitale Samlinger: Billeder:Særudgivelser:Flora Danica:Hæfte:Hft. 39,,Coccomyces coronatus (Fr.) Karst.,,,,free
2341,floradanica_2341.tif,Colopodium latifolium R. Br.,1843,"S. Drejer, J. F. Schouw & J. Vahl",Karplanter,Digitale Samlinger: Billeder:Særudgivelser:Flora Danica:Hæfte:Hft. 40,Poaceae,Arctagrostis latifolia R.Br.,Polarhvene,Græsfamilien,,free
2342,floradanica_2342.tif,Poa laxa Hänk.,1843,"S. Drejer, J. F. Schouw & J. Vahl",Karplanter,Digitale Samlinger: Billeder:Særudgivelser:Flora Danica:Hæfte:Hft. 40,Poaceae,Poa laxa Haenke in Jirasek et al.,Rapgræs,Græsfamilien,Blågrå,free
2343,floradanica_2343.tif,Poa pendulina J. Vahl,1843,"S. Drejer, J. F. Schouw & J. Vahl",Karplanter,Digitale Samlinger: Billeder:Særudgivelser:Flora Danica:Hæfte:Hft. 40,Poaceae,Arctophila fulva (Trin.) Anders.,Hængegræs,Græsfamilien,,free
2344,floradanica_2344.tif,Pulmonaria angustifolia L.,1843,"S. Drejer, J. F. Schouw & J. Vahl",Karplanter,Digitale Samlinger: Billeder:Særudgivelser:Flora Danica:Hæfte:Hft. 40,Boraginaceae,Pulmonaria angustifolia L.,Lungeurt,Rubladfamilien,Himmelblå,free
2345,floradanica_2345.tif,Solanum humile Bernh.,1843,"S. Drejer, J. F. Schouw & J. Vahl",Karplanter,Digitale Samlinger: Billeder:Særudgivelser:Flora Danica:Hæfte:Hft. 40,Solanaceae,Solanum nigrum L. ssp. nigrum,Natskygge,Natskyggefamilien,Sort,free
2346,floradanica_2346.tif,Caucalis daucoides L.,1843,"S. Drejer, J. F. Schouw & J. Vahl",Karplanter,Digitale Samlinger: Billeder:Særudgivelser:Flora Danica:Hæfte:Hft. 40,Apiaceae,Caucalis platycarpos L.,Fodangel,Skærmblomstfamilien,,free
2347,floradanica_2347.tif,Rumex maximus Schreb.,1843,"S. Drejer, J. F. Schouw & J. Vahl",Karplanter,Digitale Samlinger: Billeder:Særudgivelser:Flora Danica:Hæfte:Hft. 40,Polygonaceae,Rumex aquaticus x hydrolapathum,Skræppe,Skedeknæfamilien,Stor,free
2348,floradanica_2348.tif,Rumex Hydrolapathum Huds.,1843,"S. Drejer, J. F. Schouw & J. Vahl",Karplanter,Digitale Samlinger: Billeder:Særudgivelser:Flora Danica:Hæfte:Hft. 40,Polygonaceae,Rumex hydrolapathum Hudson,Skræppe,Skedeknæfamilien,Vand-,free
2349,floradanica_2349.tif,Rumex domesticus Hartm.,1843,"S. Drejer, J. F. Schouw & J. Vahl",Karplanter,Digitale Samlinger: Billeder:Særudgivelser:Flora Danica:Hæfte:Hft. 40,Polygonaceae,Rumex longifolius L.,Skræppe,Skedeknæfamilien,By-,free
2350,floradanica_2350.tif,Rumex domesticus var. Drej.,1843,"S. Drejer, J. F. Schouw & J. Vahl",Karplanter,Digitale Samlinger: Billeder:Særudgivelser:Flora Danica:Hæfte:Hft. 40,Polygonaceae,Rumex longifolius L.,Skræppe,Skedeknæfamilien,By-,free
2351,floradanica_2351.tif,Saxifraga hieraciifolia Waldst et Kit.,1843,"S. Drejer, J. F. Schouw & J. Vahl",Karplanter,Digitale Samlinger: Billeder:Særudgivelser:Flora Danica:Hæfte:Hft. 40,Saxifragaceae,Saxifraga hieracifolia Waldst. & Kit.,Stenbræk,Stenbrækfamilien,Rank,free
2352,floradanica_2352.tif,Saxifraga Aizoon Jacq.,1843,"S. Drejer, J. F. Schouw & J. Vahl",Karplanter,Digitale Samlinger: Billeder:Særudgivelser:Flora Danica:Hæfte:Hft. 40,Saxifragaceae,Saxifraga paniculata Mill.,Stenbræk,Stenbrækfamilien,Klippe-,free
2353,floradanica_2353.tif,Saxifraga flagellaris Willd.,1843,"S. Drejer, J. F. Schouw & J. Vahl",Karplanter,Digitale Samlinger: Billeder:Særudgivelser:Flora Danica:Hæfte:Hft. 40,Saxifragaceae,Saxifraga platysepala (Trautv.) Tolm.,Stenbræk,Stenbrækfamilien,Edderkop-,free
2354,floradanica_2354.tif,"Saxifraga stellaris L. [beta], comosa Poir.",1843,"S. Drejer, J. F. Schouw & J. Vahl",Karplanter,Digitale Samlinger: Billeder:Særudgivelser:Flora Danica:Hæfte:Hft. 40,Saxifragaceae,Saxifraga stellaris L.,Stenbræk,Stenbrækfamilien,Stjerne-,free
2355,floradanica_2355.tif,Stellaria borealis Big.,1843,"S. Drejer, J. F. Schouw & J. Vahl",Karplanter,Digitale Samlinger: Billeder:Særudgivelser:Flora Danica:Hæfte:Hft. 40,Caryophyllaceae,Stellaria calycantha (Led.) Bong.,Fladstjerne,Nellikefamilien,Fjeld-,free
2356,floradanica_2356.tif,Melandrium triflorum (R. Br.) J. Vahl.,1843,"S. Drejer, J. F. Schouw & J. Vahl",Karplanter,Digitale Samlinger: Billeder:Særudgivelser:Flora Danica:Hæfte:Hft. 40,Caryophyllaceae,Silene triflora R.Br.,Pragtstjerne,Nellikefamilien,Treblomstret,free
2357,floradanica_2357.tif,Ranunculus aquatilis var. phellandrifolia Schum.,1843,"S. Drejer, J. F. Schouw & J. Vahl",Karplanter,Digitale Samlinger: Billeder:Særudgivelser:Flora Danica:Hæfte:Hft. 40,Ranunculaceae,Ranunculus aquatilis L. ssp. diffusus,Vandranunkel,Ranunkelfamilien,Hårfliget,free
2358,floradanica_2358.tif,Lamium incisum Willd.,1843,"S. Drejer, J. F. Schouw & J. Vahl",Karplanter,Digitale Samlinger: Billeder:Særudgivelser:Flora Danica:Hæfte:Hft. 40,Lamiaceae,Lamium hybridum Vill.,Tvetand,Læbeblomstfamilien,Fliget,free
2359,floradanica_2359.tif,Fumaria capreolata L.,1843,"S. Drejer, J. F. Schouw & J. Vahl",Karplanter,Digitale Samlinger: Billeder:Særudgivelser:Flora Danica:Hæfte:Hft. 40,Fumariaceae,Ceratocapnos claviculata (L.) Lidén,Lærkespore,Jordrøgfamilien,Klatrende,free
2360,floradanica_2360.tif,"Platanthera sosstitialis Boenn. (Drej.) [alfa], latiflora Drej.",1843,"S. Drejer, J. F. Schouw & J. Vahl",Karplanter,Digitale Samlinger: Billeder:Særudgivelser:Flora Danica:Hæfte:Hft. 40,Orchidaceae,Platanthera bifolia (L.) L.C.M. Richard ssp. latiflora (Drejer) Løjtnant,Gøgelilje,Gøgeurtfamilien,Langsporet,free
2361,floradanica_2361.tif,"Platanthera solstitialis [beta], densiflora Drej. / Platanthera solstitialis [gamma], patula Drej.",1843,"S. Drejer, J. F. Schouw & J. Vahl",Karplanter,Digitale Samlinger: Billeder:Særudgivelser:Flora Danica:Hæfte:Hft. 40,Orchidaceae,Platanthera bifolia (L.) L.C.M.Richard ssp. bifolia,Gøgelilje,Gøgeurtfamilien,Bakke-,free
2362,floradanica_2362.tif,Platanthera chlorantha Cust.,1843,"S. Drejer, J. F. Schouw & J. Vahl",Karplanter,Digitale Samlinger: Billeder:Særudgivelser:Flora Danica:Hæfte:Hft. 40,Orchidaceae,Platanthera chlorantha (Chust.) Reichenb.,Gøgelilje,Gøgeurtfamilien,Skov-,free
2363,floradanica_2363.tif,Corallorhiza virescens Drej.,1843,"S. Drejer, J. F. Schouw & J. Vahl",Karplanter,Digitale Samlinger: Billeder:Særudgivelser:Flora Danica:Hæfte:Hft. 40,Orchidaceae,Corallorhiza trifida Chât. ssp. virescens (Drejer) B. Løjtnant,Koralrod,Gøgeurtfamilien,Grønlig,free
2364,floradanica_2364.tif,Corallorhiza eriectorum Drej.,1843,"S. Drejer, J. F. Schouw & J. Vahl",Karplanter,Digitale Samlinger: Billeder:Særudgivelser:Flora Danica:Hæfte:Hft. 40,Orchidaceae,Corallorhiza trifida Chât.  ssp. trifida,Koralrod,Gøgeurtfamilien,Almindelig,free
2365,floradanica_2365.tif,Carex nardina Fr.,1843,"S. Drejer, J. F. Schouw & J. Vahl",Karplanter,Digitale Samlinger: Billeder:Særudgivelser:Flora Danica:Hæfte:Hft. 40,Cyperaceae,Carex nardina Fries,Star,Halvgræsfamilien,Skæg-,free
2366,floradanica_2366.tif,Carex leporina var. capitata Sond.,1843,"S. Drejer, J. F. Schouw & J. Vahl",Karplanter,Digitale Samlinger: Billeder:Særudgivelser:Flora Danica:Hæfte:Hft. 40,Cyperaceae,Carex ovalis Good. var ovalis,Star,Halvgræsfamilien,Hare-,free
2367,floradanica_2367.tif,Carex festiva Dewey.,1843,"S. Drejer, J. F. Schouw & J. Vahl",Karplanter,Digitale Samlinger: Billeder:Særudgivelser:Flora Danica:Hæfte:Hft. 40,Cyperaceae,Carex macloviana D'Urv.,Star,Halvgræsfamilien,Falklands-,free
2368,floradanica_2368.tif,Carex pratensis Drej.,1843,"S. Drejer, J. F. Schouw & J. Vahl",Karplanter,Digitale Samlinger: Billeder:Særudgivelser:Flora Danica:Hæfte:Hft. 40,Cyperaceae,Carex praticola Rydb.,Star,Halvgræsfamilien,Prærie-,free
2369,floradanica_2369.tif,Carex nigritella Drej.,1843,"S. Drejer, J. F. Schouw & J. Vahl",Karplanter,Digitale Samlinger: Billeder:Særudgivelser:Flora Danica:Hæfte:Hft. 40,Cyperaceae,Carex stylosa C.A.Meyer var.  nigritella (Drejer) Fern.,Star,Halvgræsfamilien,Griffel-,free
2370,floradanica_2370.tif,Carex haematolepis Drej. 153),1843,"S. Drejer, J. F. Schouw & J. Vahl",Karplanter,Digitale Samlinger: Billeder:Særudgivelser:Flora Danica:Hæfte:Hft. 40,Cyperaceae,Carex bigelowii Torr.  x Carex lyngbyei Hornem.,Star,Halvgræsfamilien,Lyngbyes x Rank,free
2371,floradanica_2371.tif,Carex filipendula Drej.,1843,"S. Drejer, J. F. Schouw & J. Vahl",Karplanter,Digitale Samlinger: Billeder:Særudgivelser:Flora Danica:Hæfte:Hft. 40,Cyperaceae,Carex lyngbyei Hornem.,Star,Halvgræsfamilien,Lyngbyes,free
2372,floradanica_2372.tif,"Carex filipendula [gamma], concolor Drej.",1843,"S. Drejer, J. F. Schouw & J. Vahl",Karplanter,Digitale Samlinger: Billeder:Særudgivelser:Flora Danica:Hæfte:Hft. 40,Cyperaceae,Carex sp.,Star,Halvgræsfamilien,,free
2373,floradanica_2373.tif,Carex fuliginosa Sternb. et. Hopp.,1843,"S. Drejer, J. F. Schouw & J. Vahl",Karplanter,Digitale Samlinger: Billeder:Særudgivelser:Flora Danica:Hæfte:Hft. 40,Cyperaceae,Carex fuliginosa Schkuhr ssp. misandra (R. Br.) Nyman,Star,Halvgræsfamilien,Bue-,free
2374,floradanica_2374.tif,Carex capillaris L.,1843,"S. Drejer, J. F. Schouw & J. Vahl",Karplanter,Digitale Samlinger: Billeder:Særudgivelser:Flora Danica:Hæfte:Hft. 40,Cyperaceae,Carex capillaris L.,Star,Halvgræsfamilien,Hår-,free
2375,floradanica_2375.tif,Aulacomnium turgidum (Wahlenb.) Schwägr.,1843,"S. Drejer, J. F. Schouw & J. Vahl",Mosser,Digitale Samlinger: Billeder:Særudgivelser:Flora Danica:Hæfte:Hft. 40,,,,,,free
2376,floradanica_2376.tif,Aulacomnium palustre (L.) Schwägr.,1843,"S. Drejer, J. F. Schouw & J. Vahl",Mosser,Digitale Samlinger: Billeder:Særudgivelser:Flora Danica:Hæfte:Hft. 40,,,,,,free
2377,floradanica_2377.tif,Paludella squarrosa (L.) Brid.,1843,"S. Drejer, J. F. Schouw & J. Vahl",Mosser,Digitale Samlinger: Billeder:Særudgivelser:Flora Danica:Hæfte:Hft. 40,,,,,,free
2378,floradanica_2378.tif,Mnium punctatum Hedw.,1843,"S. Drejer, J. F. Schouw & J. Vahl",Mosser,Digitale Samlinger: Billeder:Særudgivelser:Flora Danica:Hæfte:Hft. 40,,,,,,free
2379,floradanica_2379.tif,Mnium rostratum Schwägr.,1843,"S. Drejer, J. F. Schouw & J. Vahl",Mosser,Digitale Samlinger: Billeder:Særudgivelser:Flora Danica:Hæfte:Hft. 40,,,,,,free
2380,floradanica_2380.tif,"Bryum elongatum [beta], alpinum Br. Sch. / Bryum pyriforme L.",1843,"S. Drejer, J. F. Schouw & J. Vahl",Mosser,Digitale Samlinger: Billeder:Særudgivelser:Flora Danica:Hæfte:Hft. 40,,Webera elongata var. macrocarpa (Hsch.) Schimp.,,,,free
2381,floradanica_2381.tif,Bryum intermedium Fl. D. / Bryum argentum L.,1843,"S. Drejer, J. F. Schouw & J. Vahl",Mosser,Digitale Samlinger: Billeder:Særudgivelser:Flora Danica:Hæfte:Hft. 40,,Bryum pallescens Schleich. [alfa].,,,,free
2382,floradanica_2382.tif,Bryum binum Schreb.? / Bryum binum Schreb.?,1843,"S. Drejer, J. F. Schouw & J. Vahl",Mosser,Digitale Samlinger: Billeder:Særudgivelser:Flora Danica:Hæfte:Hft. 40,,Bryum bimum Schreb.,,,,free
2383,floradanica_2383.tif,Neckera viticulosa Hedw.,1843,"S. Drejer, J. F. Schouw & J. Vahl",Mosser,Digitale Samlinger: Billeder:Særudgivelser:Flora Danica:Hæfte:Hft. 40,,Anomodon viticulosus (L.) Hook. et Tayl.,,,,free
2384,floradanica_2384.tif,Neckera curtipendula Hedw.,1843,"S. Drejer, J. F. Schouw & J. Vahl",Mosser,Digitale Samlinger: Billeder:Særudgivelser:Flora Danica:Hæfte:Hft. 40,,Antitrichia curtipendula (L.) Brid. (Anomodon H. et Tayl.).,,,,free
2385,floradanica_2385.tif,Neckera complanata Hüb.,1843,"S. Drejer, J. F. Schouw & J. Vahl",Mosser,Digitale Samlinger: Billeder:Særudgivelser:Flora Danica:Hæfte:Hft. 40,,,,,,free
2386,floradanica_2386.tif,Leskea sericea Hedw.,1843,"S. Drejer, J. F. Schouw & J. Vahl",Mosser,Digitale Samlinger: Billeder:Særudgivelser:Flora Danica:Hæfte:Hft. 40,,Homalothecium sercieum (l.) Br. et Sch.,,,,free
2387,floradanica_2387.tif,Leskea polyantha Hedw. / Hypnum serpens L.,1843,"S. Drejer, J. F. Schouw & J. Vahl",Mosser,Digitale Samlinger: Billeder:Særudgivelser:Flora Danica:Hæfte:Hft. 40,,Pylaiea polyantha (Schreb.) Br. et Sch.,,,,free
2388,floradanica_2388.tif,Hypnum denticulatum L. / Hypnum riparium L.,1843,"S. Drejer, J. F. Schouw & J. Vahl",Mosser,Digitale Samlinger: Billeder:Særudgivelser:Flora Danica:Hæfte:Hft. 40,,Plagiothecium denticulatum (L.) Br. et Sch.,-,,-,free
2389,floradanica_2389.tif,Hypnum ruscifolium Neck.,1843,"S. Drejer, J. F. Schouw & J. Vahl",Mosser,Digitale Samlinger: Billeder:Særudgivelser:Flora Danica:Hæfte:Hft. 40,,Rhynchostegium rusciforme (Neck.) Br. et Sch.,,,,free
2390,floradanica_2390.tif,Hypnum splendens Hedw.,1843,"S. Drejer, J. F. Schouw & J. Vahl",Mosser,Digitale Samlinger: Billeder:Særudgivelser:Flora Danica:Hæfte:Hft. 40,,Hylocomium proliferum (L.) Lindb.,,,,free
2391,floradanica_2391.tif,Hypnum triquetrum L.,1843,"S. Drejer, J. F. Schouw & J. Vahl",Mosser,Digitale Samlinger: Billeder:Særudgivelser:Flora Danica:Hæfte:Hft. 40,,Hylocomium triquetrum (L.) Br. et Sch.,,,,free
2392,floradanica_2392.tif,Hypnum loreum L.,1843,"S. Drejer, J. F. Schouw & J. Vahl",Mosser,Digitale Samlinger: Billeder:Særudgivelser:Flora Danica:Hæfte:Hft. 40,,Hylocomium loreum (L.) Br. et Sch.,,,,free
2393,floradanica_2393.tif,Gigartina confervoides Lmrx.,1843,"S. Drejer, J. F. Schouw & J. Vahl",Alger,Digitale Samlinger: Billeder:Særudgivelser:Flora Danica:Hæfte:Hft. 40,,Gracilaria confervoides (L.) Grev.,,,,free
2394,floradanica_2394.tif,Porphyra miniata Ag.,1843,"S. Drejer, J. F. Schouw & J. Vahl",Alger,Digitale Samlinger: Billeder:Særudgivelser:Flora Danica:Hæfte:Hft. 40,,Diploderma miniatum (Lgb.) Kjellm.,,,,free
2395,floradanica_2395.tif,Polysiphonia miniata Ag. / Polysiphonia parasitica Grev.,1843,"S. Drejer, J. F. Schouw & J. Vahl",Alger,Digitale Samlinger: Billeder:Særudgivelser:Flora Danica:Hæfte:Hft. 40,,Diploderma miniatum (Lgb.) Kjellm.,,,,free
2396,floradanica_2396.tif,Conferva arcta E. Bot. / Conferva vaucheriaeformis Fl. D.,1843,"S. Drejer, J. F. Schouw & J. Vahl",Alger,Digitale Samlinger: Billeder:Særudgivelser:Flora Danica:Hæfte:Hft. 40,,Spongomorpha arcta (Dillw.) Kütz.,,,,free
2397,floradanica_2397.tif,Conferva Melagonium Web. et M. / Conferva area (Dillw.) Kütz. / Conferva hormoides Lgb. (Hormiscia penicilliformis Fr.),1843,"S. Drejer, J. F. Schouw & J. Vahl",Alger,Digitale Samlinger: Billeder:Særudgivelser:Flora Danica:Hæfte:Hft. 40,,Chaetomorpha Melagonium (W. et M.) Kütz.,,,,free
2398,floradanica_2398.tif,Stigomena atrovirens Fl. D / Scytomena Chthonoplastes Lbm.,1843,"S. Drejer, J. F. Schouw & J. Vahl",Alger,Digitale Samlinger: Billeder:Særudgivelser:Flora Danica:Hæfte:Hft. 40,,Ephebe pubescens Fr.,,,,free
2399,floradanica_2399.tif,Sphaerozyga Japeti Lbm. / Sphaerozyga thermarum Lbm. / Calothrix lanata Ag.,1843,"S. Drejer, J. F. Schouw & J. Vahl",Laver,Digitale Samlinger: Billeder:Særudgivelser:Flora Danica:Hæfte:Hft. 40,,Anabaena sp.,,,,free
2400,floradanica_2400.tif,Nostoc carneum Ag. / Nostoc anisococcum Fl. D. / Nostoc coeruleum Lgb.,1843,"S. Drejer, J. F. Schouw & J. Vahl",Alger,Digitale Samlinger: Billeder:Særudgivelser:Flora Danica:Hæfte:Hft. 40,,Nostoc rupestre Kütz.?,,,,free
2401,floradanica_2401.tif,Poa Vahliana Lbm.,1845,F. Liebmann,Karplanter,Digitale Samlinger: Billeder:Særudgivelser:Flora Danica:Hæfte:Hft. 41,Poaceae,Colpodium vahlianum (Liebm.) Nevski,Fimbulgræs,Græsfamilien,,free
2402,floradanica_2402.tif,Poa costata Schum.,1845,F. Liebmann,Karplanter,Digitale Samlinger: Billeder:Særudgivelser:Flora Danica:Hæfte:Hft. 41,Poaceae,Poa pratensis L.,Rapgræs,Græsfamilien,Eng-,free
2403,floradanica_2403.tif,Glyceria fluitans (L.) R. Br.,1845,F. Liebmann,Karplanter,Digitale Samlinger: Billeder:Særudgivelser:Flora Danica:Hæfte:Hft. 41,Poaceae,Glyceria fluitans (L.) R.Br.,Sødgræs,Græsfamilien,Manna-,free
2404,floradanica_2404.tif,Chamagrostis minima Borkh.,1845,F. Liebmann,Karplanter,Digitale Samlinger: Billeder:Særudgivelser:Flora Danica:Hæfte:Hft. 41,Poaceae,Mibora minima (L.) Desv.,Puslingegræs,Græsfamilien,,free
2405,floradanica_2405.tif,Viola epipsila Ledeb.,1845,F. Liebmann,Karplanter,Digitale Samlinger: Billeder:Særudgivelser:Flora Danica:Hæfte:Hft. 41,Violaceae,Viola epipsila Ledeb.,Viol,Violfamilien,Tørve-,free
2406,floradanica_2406.tif,"Heracleum Sphondyliium [alfa], australe Hartm.",1845,F. Liebmann,Karplanter,Digitale Samlinger: Billeder:Særudgivelser:Flora Danica:Hæfte:Hft. 41,Apiaceae,Heracleum sphondylium L.,Bjørneklo,Skærmblomstfamilien,Almindelig,free
2407,floradanica_2407.tif,Angelica littoralis Ag.,1845,F. Liebmann,Karplanter,Digitale Samlinger: Billeder:Særudgivelser:Flora Danica:Hæfte:Hft. 41,Apiaceae,Angelica archangelica L. ssp. littoralis (Fries) Thell.,Kvan,Skærmblomstfamilien,Strand-,free
2408,floradanica_2408.tif,Buplrurum rotundifolium L.,1845,F. Liebmann,Karplanter,Digitale Samlinger: Billeder:Særudgivelser:Flora Danica:Hæfte:Hft. 41,Apiaceae,Bupleurum rotundifolium L.,Hareøre,Skærmblomstfamilien,Rundbladet,free
2409,floradanica_2409.tif,Stadice Behen Drej.,1845,F. Liebmann,Karplanter,Digitale Samlinger: Billeder:Særudgivelser:Flora Danica:Hæfte:Hft. 41,Plumbaginaceae,Limonium vulgare Miller,Hindebæger,Hindebægerfamilien,Tætblomstret,free
2410,floradanica_2410.tif,Statice rariflora Drej.,1845,F. Liebmann,Karplanter,Digitale Samlinger: Billeder:Særudgivelser:Flora Danica:Hæfte:Hft. 41,Plumbaginaceae,Limonium humile Miller,Hindebæger,Hindebægerfamilien,Lav,free
2411,floradanica_2411.tif,Juncus bottnicus Wahlenb.,1845,F. Liebmann,Karplanter,Digitale Samlinger: Billeder:Særudgivelser:Flora Danica:Hæfte:Hft. 41,Juncaceae,Juncus gerardi Loisel.,Harril,Sivfamilien,,free
2412,floradanica_2412.tif,Polygonum pallidum With,1845,F. Liebmann,Karplanter,Digitale Samlinger: Billeder:Særudgivelser:Flora Danica:Hæfte:Hft. 41,Polygonaceae,Persicaria lapathifolia (L.) S. F. Gray ssp. pallida (With) S. Ekman & Knutson,Pileurt,Skedeknæfamilien,Bleg,free
2413,floradanica_2413.tif,Rubus Radula Whe. et N. E.,1845,F. Liebmann,Karplanter,Digitale Samlinger: Billeder:Særudgivelser:Flora Danica:Hæfte:Hft. 41,Rosaceae,Rubus sp.,Brombær,Rosenfamilien,,free
2414,floradanica_2414.tif,Rubus discolor Fl. D.,1845,F. Liebmann,Karplanter,Digitale Samlinger: Billeder:Særudgivelser:Flora Danica:Hæfte:Hft. 41,Rosaceae,Rubus sp.,Brombær,Rosenfamilien,,free
2415,floradanica_2415.tif,Ranunculus acer (acris) L.,1845,F. Liebmann,Karplanter,Digitale Samlinger: Billeder:Særudgivelser:Flora Danica:Hæfte:Hft. 41,Ranunculaceae,Ranunculus acris L.,Ranunkel,Ranunkelfamilien,Bidende,free
2416,floradanica_2416.tif,Ranunculus aquatalis L.,1845,F. Liebmann,Karplanter,Digitale Samlinger: Billeder:Særudgivelser:Flora Danica:Hæfte:Hft. 41,Ranunculaceae,Ranunculus aquatilis L. ssp. aquatilis,Vandranunkel,Ranunkelfamilien,Almindelig,free
2417,floradanica_2417.tif,Draba nivalis Liljeb.,1845,F. Liebmann,Karplanter,Digitale Samlinger: Billeder:Særudgivelser:Flora Danica:Hæfte:Hft. 41,Brassicaceae,Draba nivalis Liljebl.,Draba,Korsblomstfamilien,Sne-,free
2418,floradanica_2418.tif,Draba corymbosa R. Br.,1845,F. Liebmann,Karplanter,Digitale Samlinger: Billeder:Særudgivelser:Flora Danica:Hæfte:Hft. 41,Brassicaceae,Draba bellii Holm,Draba,Korsblomstfamilien,Pude-,free
2419,floradanica_2419.tif,Draba crassifolia Grah.,1845,F. Liebmann,Karplanter,Digitale Samlinger: Billeder:Særudgivelser:Flora Danica:Hæfte:Hft. 41,Brassicaceae,Draba crassifolia R.C.Graham,Draba,Korsblomstfamilien,Tykbladet,free
2420,floradanica_2420.tif,Draba Wahlenbergii Hartm.,1845,F. Liebmann,Karplanter,Digitale Samlinger: Billeder:Særudgivelser:Flora Danica:Hæfte:Hft. 41,Brassicaceae,Draba fladnizensis Wulfen,Draba,Korsblomstfamilien,Fjeld-,free
2421,floradanica_2421.tif,Draba rupestris R. Br.,1845,F. Liebmann,Karplanter,Digitale Samlinger: Billeder:Særudgivelser:Flora Danica:Hæfte:Hft. 41,Brassicaceae,Draba norvegica Gunn.,Draba,Korsblomstfamilien,Norsk,free
2422,floradanica_2422.tif,Draba hirta L.,1845,F. Liebmann,Karplanter,Digitale Samlinger: Billeder:Særudgivelser:Flora Danica:Hæfte:Hft. 41,Brassicaceae,Draba daurica DC.,Draba,Korsblomstfamilien,Glatskulpet,free
2423,floradanica_2423.tif,Lappa tomentosa (schk.) Lam. 157),1845,F. Liebmann,Karplanter,Digitale Samlinger: Billeder:Særudgivelser:Flora Danica:Hæfte:Hft. 41,Asteraceae,Arctium tomentosum Miller,Burre,Kurvblomstfamilien,Filtet,free
2424,floradanica_2424.tif,Lappa major Gärtn. (Arctium majus Schk.).,1845,F. Liebmann,Karplanter,Digitale Samlinger: Billeder:Særudgivelser:Flora Danica:Hæfte:Hft. 41,Asteraceae,Arctium lappa L.,Burre,Kurvblomstfamilien,Glat,free
2425,floradanica_2425.tif,Hieracium prenanthoides Fl. D.,1845,F. Liebmann,Karplanter,Digitale Samlinger: Billeder:Særudgivelser:Flora Danica:Hæfte:Hft. 41,Asteraceae,Hieracium sp.,Høgeurt,Kurvblomstfamilien,,free
2426,floradanica_2426.tif,Kobresia caricina Willd.,1845,F. Liebmann,Karplanter,Digitale Samlinger: Billeder:Særudgivelser:Flora Danica:Hæfte:Hft. 41,Cyperaceae,Kobresia simpliciuscula (Wbg.) Mack.,Kobresie,Halvgræsfamilien,Mose-,free
2427,floradanica_2427.tif,Elyna spicata Schrad. (Carex Bellardi All.),1845,F. Liebmann,Karplanter,Digitale Samlinger: Billeder:Særudgivelser:Flora Danica:Hæfte:Hft. 41,Cyperaceae,Kobresia myosuroides (Vill.) Fiori & Paol.,Kobresie,Halvgræsfamilien,Børste-,free
2428,floradanica_2428.tif,Carex holostoma Drej.,1845,F. Liebmann,Karplanter,Digitale Samlinger: Billeder:Særudgivelser:Flora Danica:Hæfte:Hft. 41,Cyperaceae,Carex holostoma Drejer,Star,Halvgræsfamilien,Gaffel-,free
2429,floradanica_2429.tif,Carex Ursina Dewey.,1845,F. Liebmann,Karplanter,Digitale Samlinger: Billeder:Særudgivelser:Flora Danica:Hæfte:Hft. 41,Cyperaceae,Carex ursina Dew.,Star,Halvgræsfamilien,Bjørne-,free
2430,floradanica_2430.tif,Carex glareosas Wahlenb.,1845,F. Liebmann,Karplanter,Digitale Samlinger: Billeder:Særudgivelser:Flora Danica:Hæfte:Hft. 41,Cyperaceae,Carex glareosa Wahlenb.,Star,Halvgræsfamilien,Grus-,free
2431,floradanica_2431.tif,Carex pedata Wahlenb.,1845,F. Liebmann,Karplanter,Digitale Samlinger: Billeder:Særudgivelser:Flora Danica:Hæfte:Hft. 41,Cyperaceae,Carex glacialis Mackenzie,Star,Halvgræsfamilien,Bræ-,free
2432,floradanica_2432.tif,Carex rariflora Sm.,1845,F. Liebmann,Karplanter,Digitale Samlinger: Billeder:Særudgivelser:Flora Danica:Hæfte:Hft. 41,Cyperaceae,Carex rariflora (Whahlenb.) Sm. in Sowerby,Star,Halvgræsfamilien,Mose-,free
2433,floradanica_2433.tif,Carex rupestris All.,1845,F. Liebmann,Karplanter,Digitale Samlinger: Billeder:Særudgivelser:Flora Danica:Hæfte:Hft. 41,Cyperaceae,Carex rupestris All.,Star,Halvgræsfamilien,Klippe-,free
2434,floradanica_2434.tif,Caerx distans L.,1845,F. Liebmann,Karplanter,Digitale Samlinger: Billeder:Særudgivelser:Flora Danica:Hæfte:Hft. 41,Cyperaceae,Carex distans L.,Star,Halvgræsfamilien,Fjernakset,free
2435,floradanica_2435.tif,Carex fiúlva Good.,1845,F. Liebmann,Karplanter,Digitale Samlinger: Billeder:Særudgivelser:Flora Danica:Hæfte:Hft. 41,Cyperaceae,Carex hostiana DC.,Star,Halvgræsfamilien,Skede-,free
2436,floradanica_2436.tif,Asplenium Filix foemina (L.) Banh.,1845,F. Liebmann,Karplanter,Digitale Samlinger: Billeder:Særudgivelser:Flora Danica:Hæfte:Hft. 41,Woodsiaceae,Athyrium filix-femina (L.) Roth,Fjerbregne,Fjerbregnefamilien,Almindelig,free
2437,floradanica_2437.tif,Dicranum majus Turn.,1845,F. Liebmann,Mosser,Digitale Samlinger: Billeder:Særudgivelser:Flora Danica:Hæfte:Hft. 41,,,,,,free
2438,floradanica_2438.tif,Dicranum elongatum Lbm.,1845,F. Liebmann,Mosser,Digitale Samlinger: Billeder:Særudgivelser:Flora Danica:Hæfte:Hft. 41,,Dicranum fragilifolium Lindb. (?),,,,free
2439,floradanica_2439.tif,Hypnum delicatulum Fl. D.,1845,F. Liebmann,Mosser,Digitale Samlinger: Billeder:Særudgivelser:Flora Danica:Hæfte:Hft. 41,,Thujidium recognitum (Hedw.) Lindb. (Thujidium delicatulum Br. et Sch.).,,,,free
2440,floradanica_2440.tif,Hypnum Schreberi Willd.,1845,F. Liebmann,Mosser,Digitale Samlinger: Billeder:Særudgivelser:Flora Danica:Hæfte:Hft. 41,,Hylocomium parietinum (L.) Lindb.,,,,free
2441,floradanica_2441.tif,Hypnum cordifolium L.,1845,F. Liebmann,Mosser,Digitale Samlinger: Billeder:Særudgivelser:Flora Danica:Hæfte:Hft. 41,,,,,,free
2442,floradanica_2442.tif,Hypnum abietinum L.,1845,F. Liebmann,Mosser,Digitale Samlinger: Billeder:Særudgivelser:Flora Danica:Hæfte:Hft. 41,,Thujidium abietinum (L.) Br. et Sch.,,,,free
2443,floradanica_2443.tif,Hypnum undulatum L.,1845,F. Liebmann,Mosser,Digitale Samlinger: Billeder:Særudgivelser:Flora Danica:Hæfte:Hft. 41,,Plagiothecium undulatum (L.) Br. et Sch.,,,,free
2444,floradanica_2444.tif,Hypnum uncinatum L.,1845,F. Liebmann,Mosser,Digitale Samlinger: Billeder:Særudgivelser:Flora Danica:Hæfte:Hft. 41,,Harpidium uncinatum (L.).,,,,free
2445,floradanica_2445.tif,Hypnum Blandowii Web. et M.,1845,F. Liebmann,Mosser,Digitale Samlinger: Billeder:Særudgivelser:Flora Danica:Hæfte:Hft. 41,,Thujidium abietinum (L.) Br. et Sch.,,,,free
2446,floradanica_2446.tif,Hypnum brevirostrum Ehrh.,1845,F. Liebmann,Mosser,Digitale Samlinger: Billeder:Særudgivelser:Flora Danica:Hæfte:Hft. 41,,Hylocomium brevirostre (Ehrh.) Br. et Sch.,,,,free
2447,floradanica_2447.tif,Parmelia physodes (L.) Ach. / Parmelia physodes var. encausta / Parmelia physodes var. intestiformis,1845,F. Liebmann,Laver,Digitale Samlinger: Billeder:Særudgivelser:Flora Danica:Hæfte:Hft. 41,,Parmelia encausta var. intestiniformis,,,,free
2448,floradanica_2448.tif,Parmelia melanaspis Wahlenb. / Parmelia subfusca (L.) Ach.,1845,F. Liebmann,Laver,Digitale Samlinger: Billeder:Særudgivelser:Flora Danica:Hæfte:Hft. 41,,"Placodium melanaspis [alfa], stellatum (Th. Fr.).",,,,free
2449,floradanica_2449.tif,Umbilicaria pensylvanica Hffm. / Umbilicaria erosa Hffm.,1845,F. Liebmann,Laver,Digitale Samlinger: Billeder:Særudgivelser:Flora Danica:Hæfte:Hft. 41,,Gyrophora erosa (Web.) Ach.,,,,free
2450,floradanica_2450.tif,Umbilicaria proboscidea v. arctica Fr.,1845,F. Liebmann,Laver,Digitale Samlinger: Billeder:Særudgivelser:Flora Danica:Hæfte:Hft. 41,,Gyrophora hyperborea v. arctica (Ach.) Mudd.,,,,free
2451,floradanica_2451.tif,Usnea sphacelata R. Br. / Evernia jubata chalybeiformis / Evernia jubata chalybeiformis / Evernia jubata bicolor,1845,F. Liebmann,Laver,Digitale Samlinger: Billeder:Særudgivelser:Flora Danica:Hæfte:Hft. 41,,Neuropogon melaxanthus Nyl. (Usnea melax. Ach.).,,,,free
2452,floradanica_2452.tif,Lecidea premnea Ach. / Lecidea citrinella Ach.,1845,F. Liebmann,Laver,Digitale Samlinger: Billeder:Særudgivelser:Flora Danica:Hæfte:Hft. 41,,Lecidea citrinella Ach. [figura in textu commutatae.],,,,free
2453,floradanica_2453.tif,Lecidea arctica Smrf. / Lecidea squalida Ach.,1845,F. Liebmann,Laver,Digitale Samlinger: Billeder:Særudgivelser:Flora Danica:Hæfte:Hft. 41,,Toninia squalida (Ach.) Mass.,,,,free
2454,floradanica_2454.tif,Lecidea candida Ach. / Lecidea Morio Lbm.,1845,F. Liebmann,Laver,Digitale Samlinger: Billeder:Særudgivelser:Flora Danica:Hæfte:Hft. 41,,Thalloidima candidum (Web.) Ach.,,,,free
2455,floradanica_2455.tif,Chordaria divaricata Ag.,1845,F. Liebmann,Alger,Digitale Samlinger: Billeder:Særudgivelser:Flora Danica:Hæfte:Hft. 41,,Castagnea divaricata (Ag.) J. Ag.,,,,free
2456,floradanica_2456.tif,"Dasya coccinea [beta], tenuis J. Ag.",1845,F. Liebmann,Alger,Digitale Samlinger: Billeder:Særudgivelser:Flora Danica:Hæfte:Hft. 41,,,,,,free
2457,floradanica_2457.tif,"Gastridium filiforme [beta], intestiniformis Lbm.",1845,F. Liebmann,Alger,Digitale Samlinger: Billeder:Særudgivelser:Flora Danica:Hæfte:Hft. 41,,Dumontia filiformis var. crispata (Grev.) J. Ag.,,,,free
2458,floradanica_2458.tif,Polysiphonia pulvinata Ag.,1845,F. Liebmann,Alger,Digitale Samlinger: Billeder:Særudgivelser:Flora Danica:Hæfte:Hft. 41,,Polysiphonia hemisphaerica Aresch.?,,,,free
2459,floradanica_2459.tif,Elachista globosa Ørst. / Elachista neglecta Lbm.,1845,F. Liebmann,Alger,Digitale Samlinger: Billeder:Særudgivelser:Flora Danica:Hæfte:Hft. 41,,Elachista fucicola (Velley) Fr. forma,,,,free
2460,floradanica_2460.tif,Zonarina Liebmanni Ørst. / Nostoc aestuarii Lbm.,1845,F. Liebmann,Alger,Digitale Samlinger: Billeder:Særudgivelser:Flora Danica:Hæfte:Hft. 41,,Ralfsia verrucosa Aresch.,,,,free
2461,floradanica_2461.tif,Aira Wibeliana Sond. 159),1849,F. Liebmann,Karplanter,Digitale Samlinger: Billeder:Særudgivelser:Flora Danica:Hæfte:Hft. 42,Poaceae,Deschampsia cespitosa (L.) Beauv. ssp. paludosa (Schübler & Martens) G. C. S. Clarke,Bunke,Græsfamilien,Elb-,free
2462,floradanica_2462.tif,Festuca ovina L.,1849,F. Liebmann,Karplanter,Digitale Samlinger: Billeder:Særudgivelser:Flora Danica:Hæfte:Hft. 42,Poaceae,Festuca ovina L.,Svingel,Græsfamilien,Fåre-,free
2463,floradanica_2463.tif,Festuca arundinacea Schreb.,1849,F. Liebmann,Karplanter,Digitale Samlinger: Billeder:Særudgivelser:Flora Danica:Hæfte:Hft. 42,Poaceae,Festuca arundinacea Schreber,Svingel,Græsfamilien,Strand-,free
2464,floradanica_2464.tif,Phragmites communis Trin.,1849,F. Liebmann,Karplanter,Digitale Samlinger: Billeder:Særudgivelser:Flora Danica:Hæfte:Hft. 42,Poaceae,Phragmites australis (Cav.) Trin. ex Steudel,Tagrør,Græsfamilien,,free
2465,floradanica_2465.tif,Glyceria plicata Fr.,1849,F. Liebmann,Karplanter,Digitale Samlinger: Billeder:Særudgivelser:Flora Danica:Hæfte:Hft. 42,Poaceae,Glyceria plicata (Fries) Fries,Sødgræs,Græsfamilien,Butblomstret,free
2466,floradanica_2466.tif,Atriplex nitens Rebent.,1849,F. Liebmann,Karplanter,Digitale Samlinger: Billeder:Særudgivelser:Flora Danica:Hæfte:Hft. 42,Chenopodiaceae,Atriplex nitens Schkuhr.,Mælde,Salturtfamilien,Glans-,free
2467,floradanica_2467.tif,Luzula albida (Hffm.) DC.,1849,F. Liebmann,Karplanter,Digitale Samlinger: Billeder:Særudgivelser:Flora Danica:Hæfte:Hft. 42,Juncaceae,Luzula luzuloides (Lam.) Dandy& Wilmott,Frytle,Sivfamilien,Bleg,free
2468,floradanica_2468.tif,Juncus tenuis Willd.,1849,F. Liebmann,Karplanter,Digitale Samlinger: Billeder:Særudgivelser:Flora Danica:Hæfte:Hft. 42,Juncaceae,Juncus tenuis Willd.,Siv,Sivfamilien,Tue-,free
2469,floradanica_2469.tif,Vaccinium uliginosum var. macrocarpa Drej.,1849,F. Liebmann,Karplanter,Digitale Samlinger: Billeder:Særudgivelser:Flora Danica:Hæfte:Hft. 42,Ericaceae,Vaccinium uliginosum L. ssp. uliginosum,Mosebølle,Lyngfamilien,Almindelig,free
2470,floradanica_2470.tif,Silene noctiflora L.,1849,F. Liebmann,Karplanter,Digitale Samlinger: Billeder:Særudgivelser:Flora Danica:Hæfte:Hft. 42,Caryophyllaceae,Silene noctiflora L.,Limurt,Nellikefamilien,Nat-,free
2471,floradanica_2471.tif,Agrimonia odorata Mill.,1849,F. Liebmann,Karplanter,Digitale Samlinger: Billeder:Særudgivelser:Flora Danica:Hæfte:Hft. 42,Rosaceae,Agrimonia procera Wallr.,Agermåne,Rosenfamilien,Vellugtende,free
2472,floradanica_2472.tif,Fumaria micranrha Lag.,1849,F. Liebmann,Karplanter,Digitale Samlinger: Billeder:Særudgivelser:Flora Danica:Hæfte:Hft. 42,Fumariaceae,Fumaria densiflora,Jordrøg,Jordrøgfamilien,Tætblomstret,free
2473,floradanica_2473.tif,Fumaria muralis Sond.,1849,F. Liebmann,Karplanter,Digitale Samlinger: Billeder:Særudgivelser:Flora Danica:Hæfte:Hft. 42,Fumariaceae,Fumaria muralis Sonder ex Koch,Jordrøg,Jordrøgfamilien,Bredbladet,free
2474,floradanica_2474.tif,"Gnaphalium uliginosum [gamma], glabrum Koch.",1849,F. Liebmann,Karplanter,Digitale Samlinger: Billeder:Særudgivelser:Flora Danica:Hæfte:Hft. 42,Asteraceae,Gnaphalium uliginosum L.,Evighedsblomst,Kurvblomstfamilien,Sump-,free
2475,floradanica_2475.tif,Aster salignus Willd.,1849,F. Liebmann,Karplanter,Digitale Samlinger: Billeder:Særudgivelser:Flora Danica:Hæfte:Hft. 42,Asteraceae,Aster x salignus Willd.,Asters,Kurvblomstfamilien,Pilebladet,free
2476,floradanica_2476.tif,Orchis incarnatus L. Fr.,1849,F. Liebmann,Karplanter,Digitale Samlinger: Billeder:Særudgivelser:Flora Danica:Hæfte:Hft. 42,Orchidaceae,Dactylorhiza incarnata (L.) Soó ssp. incarnata,Gøgeurt,Gøgeurtfamilien,Kødfarvet,free
2477,floradanica_2477.tif,Carex stans Drej.,1849,F. Liebmann,Karplanter,Digitale Samlinger: Billeder:Særudgivelser:Flora Danica:Hæfte:Hft. 42,Cyperaceae,Carex aquatilis Wahlenb. ssp. stans (Drejer) Hultén,Star,Halvgræsfamilien,Tundra-,free
2478,floradanica_2478.tif,Carex vulagris Fr.,1849,F. Liebmann,Karplanter,Digitale Samlinger: Billeder:Særudgivelser:Flora Danica:Hæfte:Hft. 42,Cyperaceae,Carex nigra (L.) Reichard,Star,Halvgræsfamilien,Almindelig,free
2479,floradanica_2479.tif,"Carex rigida [beta], infuscata Drej.",1849,F. Liebmann,Karplanter,Digitale Samlinger: Billeder:Særudgivelser:Flora Danica:Hæfte:Hft. 42,Cyperaceae,Carex bigelowii Torr.  ssp. nardeticola Holub,Star,Halvgræsfamilien,Rank,free
2480,floradanica_2480.tif,"Carex rigida Good. [gamma], lutosa Drej.",1849,F. Liebmann,Karplanter,Digitale Samlinger: Billeder:Særudgivelser:Flora Danica:Hæfte:Hft. 42,Cyperaceae,Carex bigelowii Torr.  ssp. nardeticola Holub,Star,Halvgræsfamilien,Rank,free
2481,floradanica_2481.tif,Carex rufina Drej.,1849,F. Liebmann,Karplanter,Digitale Samlinger: Billeder:Særudgivelser:Flora Danica:Hæfte:Hft. 42,Cyperaceae,Carex rufina Drej.,Star,Halvgræsfamilien,Rust-,free
2482,floradanica_2482.tif,Carex hyperborea Drej.,1849,F. Liebmann,Karplanter,Digitale Samlinger: Billeder:Særudgivelser:Flora Danica:Hæfte:Hft. 42,Cyperaceae,Carex bigelowii Torr. ssp. bigelowii,Star,Halvgræsfamilien,Slank,free
2483,floradanica_2483.tif,"Carex hyperborea [beta], paradoxa Drej.",1849,F. Liebmann,Karplanter,Digitale Samlinger: Billeder:Særudgivelser:Flora Danica:Hæfte:Hft. 42,Cyperaceae,Carex sp.,Star,Halvgræsfamilien,,free
2484,floradanica_2484.tif,Salix fragilis L.,1849,F. Liebmann,Karplanter,Digitale Samlinger: Billeder:Særudgivelser:Flora Danica:Hæfte:Hft. 42,Salicaceae,Salix fragilis L.,Skørpil,Pilefamilien,,free
2485,floradanica_2485.tif,Salix viminalis L.,1849,F. Liebmann,Karplanter,Digitale Samlinger: Billeder:Særudgivelser:Flora Danica:Hæfte:Hft. 42,Salicaceae,Salix viminalis L.,Pil,Pilefamilien,Bånd-,free
2486,floradanica_2486.tif,Salix viridis Fr.,1849,F. Liebmann,Karplanter,Digitale Samlinger: Billeder:Særudgivelser:Flora Danica:Hæfte:Hft. 42,Salicaceae,Salix alba x fragilis,Pil,Pilefamilien,Grøn,free
2487,floradanica_2487.tif,Salix cuspidata Schultz. [masculinum],1849,F. Liebmann,Karplanter,Digitale Samlinger: Billeder:Særudgivelser:Flora Danica:Hæfte:Hft. 42,Salicaceae,Salix fragilis x pentandra,Pil,Pilefamilien,Glans-,free
2488,floradanica_2488.tif,Salix arctica Fl. D. / Salix arctica Fl. D.,1849,F. Liebmann,Karplanter,Digitale Samlinger: Billeder:Særudgivelser:Flora Danica:Hæfte:Hft. 42,Salicaceae,Salix arctica Pallas,Pil,Pilefamilien,Arktisk,free
2489,floradanica_2489.tif,Salix repens L.,1849,F. Liebmann,Karplanter,Digitale Samlinger: Billeder:Særudgivelser:Flora Danica:Hæfte:Hft. 42,Salicaceae,Salix repens L. ssp. repens,Pil,Pilefamilien,Krybende,free
2490,floradanica_2490.tif,Equisteum spuridum Hedw.,1849,F. Liebmann,Karplanter,Digitale Samlinger: Billeder:Særudgivelser:Flora Danica:Hæfte:Hft. 42,Equisetaceae,Equisetum variegatum Schleicher,Padderok,Padderokfamilien,Liden,free
2491,floradanica_2491.tif,Dicranum spurium Hedw.,1849,F. Liebmann,Mosser,Digitale Samlinger: Billeder:Særudgivelser:Flora Danica:Hæfte:Hft. 42,,,Kløvtand,,Hede-,free
2492,floradanica_2492.tif,Dicranum crispum Hedw. / Dicranum longifolium Ehrh.,1849,F. Liebmann,Mosser,Digitale Samlinger: Billeder:Særudgivelser:Flora Danica:Hæfte:Hft. 42,,Dicranella vaginalis (Dicks.) Lindb. 162),,,,free
2493,floradanica_2493.tif,Orthotrichum speciosum Fl. D. / Orthotrichum Lyellii Hook. et Tayl.,1849,F. Liebmann,Mosser,Digitale Samlinger: Billeder:Særudgivelser:Flora Danica:Hæfte:Hft. 42,,Orthotrichum affine Schad.,,,,free
2494,floradanica_2494.tif,"Orthotrichum diaphanum Schrad. / Orthotrichum cupulatum [gamma], riparium",1849,F. Liebmann,Mosser,Digitale Samlinger: Billeder:Særudgivelser:Flora Danica:Hæfte:Hft. 42,,"Orthotrichum cupulatum [gamma], nudum (Dicks.) Lindb.",,,,free
2495,floradanica_2495.tif,Pottia truncata Hedw. / Tortula ruralis Hedw. 163),1849,F. Liebmann,Mosser,Digitale Samlinger: Billeder:Særudgivelser:Flora Danica:Hæfte:Hft. 42,,Pottia truncatula (L.) Lindb.,,,,free
2496,floradanica_2496.tif,Grimmia pulvinata (L.) Sm. / Grimmia maritima Turn.,1849,F. Liebmann,Mosser,Digitale Samlinger: Billeder:Særudgivelser:Flora Danica:Hæfte:Hft. 42,,,,,,free
2497,floradanica_2497.tif,Rhacomitrium fasciculare Brid. / Racomitrium canescens Fl. D.,1849,F. Liebmann,Mosser,Digitale Samlinger: Billeder:Særudgivelser:Flora Danica:Hæfte:Hft. 42,,Rhacumitrium ericoides (Web.) Brid.,,,,free
2498,floradanica_2498.tif,Weissia curvirostra Fl. D.,1849,F. Liebmann,Mosser,Digitale Samlinger: Billeder:Særudgivelser:Flora Danica:Hæfte:Hft. 42,,Trichostonum rubellum (Web.) Rab.,,,,free
2499,floradanica_2499.tif,Hypnum commutatum Fl. D.,1849,F. Liebmann,Mosser,Digitale Samlinger: Billeder:Særudgivelser:Flora Danica:Hæfte:Hft. 42,,Hypnum filicinum L. var.,,,,free
2500,floradanica_2500.tif,Hypnum stellatum Schreb.,1849,F. Liebmann,Mosser,Digitale Samlinger: Billeder:Særudgivelser:Flora Danica:Hæfte:Hft. 42,,Campylium stellatum (Schreb.).,,,,free
2501,floradanica_2501.tif,Hyonum cuspidatum L.,1849,F. Liebmann,Mosser,Digitale Samlinger: Billeder:Særudgivelser:Flora Danica:Hæfte:Hft. 42,,,,,,free
2502,floradanica_2502.tif,Hypnum Crista castrensis L.,1849,F. Liebmann,Mosser,Digitale Samlinger: Billeder:Særudgivelser:Flora Danica:Hæfte:Hft. 42,,Ptilium Crista castrensis (L.) de Not.,,,,free
2503,floradanica_2503.tif,Hypnum molluscum Hedw.,1849,F. Liebmann,Mosser,Digitale Samlinger: Billeder:Særudgivelser:Flora Danica:Hæfte:Hft. 42,,Ctenidium molluscum (Hedw.) Mitt.,,,,free
2504,floradanica_2504.tif,Hypnum sylvaticum L.,1849,F. Liebmann,Mosser,Digitale Samlinger: Billeder:Særudgivelser:Flora Danica:Hæfte:Hft. 42,,Plagiothecium silvaticum (Huds.) Br. et Sch.,,,,free
2505,floradanica_2505.tif,Bryum pseudotriquetrum Fl. D.,1849,F. Liebmann,Mosser,Digitale Samlinger: Billeder:Særudgivelser:Flora Danica:Hæfte:Hft. 42,,Bryum bimum Schreb.,,,,free
2506,floradanica_2506.tif,Hypnum scorpioides L. 164) / Bryum alpinum L.,1849,F. Liebmann,Mosser,Digitale Samlinger: Billeder:Særudgivelser:Flora Danica:Hæfte:Hft. 42,,,,,,free
2507,floradanica_2507.tif,Parmelia caesis Hffm. / Ramalina polymorpha Fl. D.,1849,F. Liebmann,Laver,Digitale Samlinger: Billeder:Særudgivelser:Flora Danica:Hæfte:Hft. 42,,Physica caesia (L.) Nyl.,,,,free
2508,floradanica_2508.tif,Biatora aurantica Lightf. / Biatora vernalis (L.) Fr.,1849,F. Liebmann,Laver,Digitale Samlinger: Billeder:Særudgivelser:Flora Danica:Hæfte:Hft. 42,,Caloplaca aurantica (Lightf.) Th. Fr.,,,,free
2509,floradanica_2509.tif,Parmelia Acetabulum Neck. / Parmelia aquila Ach.,1849,F. Liebmann,Laver,Digitale Samlinger: Billeder:Særudgivelser:Flora Danica:Hæfte:Hft. 42,,Physica aquila (Ach.) Nyl.,,,,free
2510,floradanica_2510.tif,"Parmelia stygia [beta], lanata Fr.",1849,F. Liebmann,Laver,Digitale Samlinger: Billeder:Særudgivelser:Flora Danica:Hæfte:Hft. 42,,Parmelia lanata (L.) Wallr.,,,,free
2511,floradanica_2511.tif,"Parmelia atrosulphurea Wahlenb. / Parmelia badia [beta], milvina Fr.",1849,F. Liebmann,Laver,Digitale Samlinger: Billeder:Særudgivelser:Flora Danica:Hæfte:Hft. 42,,Lecanora atrosulphurea (Wahlenb.) Ach.,,,,free
2512,floradanica_2512.tif,Parmelia ambigua Wulf. / Parmelia ambigua Wulf. / Parmelia Atra Huds.,1849,F. Liebmann,Laver,Digitale Samlinger: Billeder:Særudgivelser:Flora Danica:Hæfte:Hft. 42,,Parmelia diffusa (Web.) Th. Fr.,,,,free
2513,floradanica_2513.tif,Peltigera horizontalis (L.) Fr. / Peltigera polydactyla (Neck.) Fr.,1849,F. Liebmann,Laver,Digitale Samlinger: Billeder:Særudgivelser:Flora Danica:Hæfte:Hft. 42,,,,,,free
2514,floradanica_2514.tif,Laminaria digitata (L.) Ag.,1849,F. Liebmann,Alger,Digitale Samlinger: Billeder:Særudgivelser:Flora Danica:Hæfte:Hft. 42,,(forsan. L. intermedia Foslie).,,,,free
2515,floradanica_2515.tif,Conferva erecta Suhr / Conferva sulfurea Rudolphi,1849,F. Liebmann,Alger,Digitale Samlinger: Billeder:Særudgivelser:Flora Danica:Hæfte:Hft. 42,,Cladophora insignis (Ag.) Kütz.,,,,free
2516,floradanica_2516.tif,Conferva flacca Dillw. / Conferva subsalsa Ørst. / Conferva brachymelia Lgb.,1849,F. Liebmann,Alger,Digitale Samlinger: Billeder:Særudgivelser:Flora Danica:Hæfte:Hft. 42,,Ulothrix flacca (Dillw.) Thur.(?),,,,free
2517,floradanica_2517.tif,Calothrix scopulorum Web. et M. / Oscilatoria elegans Ag. / Oscilatoria antilaria Jürg.,1849,F. Liebmann,Lave,Digitale Samlinger: Billeder:Særudgivelser:Flora Danica:Hæfte:Hft. 42,,Oscillaria sp.,,,,free
2518,floradanica_2518.tif,Rivularia nitida Ag. / Palmella cuprea J. Ag. / Leucothrix Mucor Ørst.,1849,F. Liebmann,Alger,Digitale Samlinger: Billeder:Særudgivelser:Flora Danica:Hæfte:Hft. 42,,Rivularia plicata Carm.?,,,,free
2519,floradanica_2519.tif,Conferva lubrica [beta] elongata / Batrachospermum vagum Ag.,1849,F. Liebmann,Alger,Digitale Samlinger: Billeder:Særudgivelser:Flora Danica:Hæfte:Hft. 42,,"Stigeoclonium tenue [beta], lubricim Kütz.",,,,free
2520,floradanica_2520.tif,Corynephora marina Ag.,1849,F. Liebmann,Alger,Digitale Samlinger: Billeder:Særudgivelser:Flora Danica:Hæfte:Hft. 42,,Leathesia difformis (L.) Aresch.,,,,free
2521,floradanica_2521.tif,Dupontia psilosanta Rupr.,1852,F. Liebmann,Karplanter,Digitale Samlinger: Billeder:Særudgivelser:Flora Danica:Hæfte:Hft. 43,Poaceae,Dupontia psilosantha Rupr.,Tundragræs,Græsfamilien,Glat,free
2522,floradanica_2522.tif,Aira Wibeliana Sond. 159),1852,F. Liebmann,Karplanter,Digitale Samlinger: Billeder:Særudgivelser:Flora Danica:Hæfte:Hft. 43,Poaceae,Deschampsia cespitosa (L.) Beauv. ssp. paludosa (Schübler & Martens) G. C. S. Clarke,Bunke,Græsfamilien,Elb-,free
2523,floradanica_2523.tif,Calamagrostis purpurascens R. Br.,1852,F. Liebmann,Karplanter,Digitale Samlinger: Billeder:Særudgivelser:Flora Danica:Hæfte:Hft. 43,Poaceae,Calamagrostis purpurascens R.Br.,Rørhvene,Græsfamilien,Purpur-,free
2524,floradanica_2524.tif,Calamagrostis Halleriana Lbm.,1852,F. Liebmann,Karplanter,Digitale Samlinger: Billeder:Særudgivelser:Flora Danica:Hæfte:Hft. 43,Poaceae,Calamagrostis purpurea (Trin.) Trin. ssp. phragmitoides (Hartman) Tzvevel.,Rørhvene,Græsfamilien,Brun,free
2525,floradanica_2525.tif,Brachyphodium pinnatum (L.) P. B.,1852,F. Liebmann,Karplanter,Digitale Samlinger: Billeder:Særudgivelser:Flora Danica:Hæfte:Hft. 43,Poaceae,Brachypodium pinnatum (L.) Beauv.,Stilkaks,Græsfamilien,Bakke-,free
2526,floradanica_2526.tif,Bromus commutats Schrad.,1852,F. Liebmann,Karplanter,Digitale Samlinger: Billeder:Særudgivelser:Flora Danica:Hæfte:Hft. 43,Poaceae,Bromus commutatus Schrader,Hejre,Græsfamilien,Mangeblomstret,free
2527,floradanica_2527.tif,Bromus arvensis L.,1852,F. Liebmann,Karplanter,Digitale Samlinger: Billeder:Særudgivelser:Flora Danica:Hæfte:Hft. 43,Poaceae,Bromus arvensis L.,Hejre,Græsfamilien,Ager-,free
2528,floradanica_2528.tif,Avena strigosa Schreb.,1852,F. Liebmann,Karplanter,Digitale Samlinger: Billeder:Særudgivelser:Flora Danica:Hæfte:Hft. 43,Poaceae,Avena strigosa Schreber,Havre,Græsfamilien,Pur-,free
2529,floradanica_2529.tif,Poa cenisia Fl. D.,1852,F. Liebmann,Karplanter,Digitale Samlinger: Billeder:Særudgivelser:Flora Danica:Hæfte:Hft. 43,Poaceae,Poa arctica R. Br.,Rapgræs,Græsfamilien,Arktisk,free
2530,floradanica_2530.tif,Galium spurium L.,1852,F. Liebmann,Karplanter,Digitale Samlinger: Billeder:Særudgivelser:Flora Danica:Hæfte:Hft. 43,Rubiaceae,Galium spurium L. ssp. spurium,Snerre,Krapfamilien,Hør-,free
2531,floradanica_2531.tif,Ulmus campestris L.,1852,F. Liebmann,Karplanter,Digitale Samlinger: Billeder:Særudgivelser:Flora Danica:Hæfte:Hft. 43,Ulmaceae,Ulmus minor Miller,Elm,Elmefamilien,Småbladet,free
2532,floradanica_2532.tif,Ulmus montana Sm.,1852,F. Liebmann,Karplanter,Digitale Samlinger: Billeder:Særudgivelser:Flora Danica:Hæfte:Hft. 43,Ulmaceae,Ulmus glabra Hudson emend. Moss ssp. glabra,Elm,Elmefamilien,Skov-,free
2533,floradanica_2533.tif,Luzula pilosa (L.) Willd.,1852,F. Liebmann,Karplanter,Digitale Samlinger: Billeder:Særudgivelser:Flora Danica:Hæfte:Hft. 43,Juncaceae,Luzula pilosa (L.) Willd.,Frytle,Sivfamilien,Håret,free
2534,floradanica_2534.tif,Rumex Acetosa L.,1852,F. Liebmann,Karplanter,Digitale Samlinger: Billeder:Særudgivelser:Flora Danica:Hæfte:Hft. 43,Polygonaceae,Rumex acetosa L.,Syre,Skedeknæfamilien,Almindelig,free
2535,floradanica_2535.tif,Stellaria uliginosa Murr.,1852,F. Liebmann,Karplanter,Digitale Samlinger: Billeder:Særudgivelser:Flora Danica:Hæfte:Hft. 43,Caryophyllaceae,Stellaria alsine Grimm,Fladstjerne,Nellikefamilien,Sump-,free
2536,floradanica_2536.tif,Cerastium strigosum Fr. (Cerastium brachypelatum Desport).,1852,F. Liebmann,Karplanter,Digitale Samlinger: Billeder:Særudgivelser:Flora Danica:Hæfte:Hft. 43,Caryophyllaceae,Cerastium brachypetalum Pers.,Hønsetarm,Nellikefamilien,Stivhåret,free
2537,floradanica_2537.tif,Cerastium glutinosum Fr.,1852,F. Liebmann,Karplanter,Digitale Samlinger: Billeder:Særudgivelser:Flora Danica:Hæfte:Hft. 43,Caryophyllaceae,Cerastium pumilum Curtis ssp. glutinosum (Fries) Corb.,Hønsetarm,Nellikefamilien,Klæbrig,free
2538,floradanica_2538.tif,Rubus corylifolius Sm.,1852,F. Liebmann,Karplanter,Digitale Samlinger: Billeder:Særudgivelser:Flora Danica:Hæfte:Hft. 43,Rosaceae,Rubus wahlbergii,Hasselbrombær,Rosenfamilien,Wahlbergs,free
2539,floradanica_2539.tif,Rubus affinis Lbm.,1852,F. Liebmann,Karplanter,Digitale Samlinger: Billeder:Særudgivelser:Flora Danica:Hæfte:Hft. 43,Rosaceae,Rubus sp.,Brombær,Rosenfamilien,,free
2540,floradanica_2540.tif,Potentilla verna L. 168),1852,F. Liebmann,Karplanter,Digitale Samlinger: Billeder:Særudgivelser:Flora Danica:Hæfte:Hft. 43,Rosaceae,Potentilla tabernaemontani Ascherson,Potentil,Rosenfamilien,Vår-,free
2541,floradanica_2541.tif,Stachys annuus (annua) L.,1852,F. Liebmann,Karplanter,Digitale Samlinger: Billeder:Særudgivelser:Flora Danica:Hæfte:Hft. 43,Lamiaceae,Stachys annua (L.) L.,Galtetand,Læbeblomstfamilien,Enårig,free
2542,floradanica_2542.tif,Mentha rotundifolia L.,1852,F. Liebmann,Karplanter,Digitale Samlinger: Billeder:Særudgivelser:Flora Danica:Hæfte:Hft. 43,Lamiaceae,Mentha suaveolens Ehrh.,Mynte,Læbeblomstfamilien,Rundbladet,free
2543,floradanica_2543.tif,Sonchus arvensis var. integrifolia Lge.,1852,F. Liebmann,Karplanter,Digitale Samlinger: Billeder:Særudgivelser:Flora Danica:Hæfte:Hft. 43,Asteraceae,Sonchus arvensis L.,Svinemælk,Kurvblomstfamilien,Almindelig Ager-,free
2544,floradanica_2544.tif,Crepi virens L. (Willd.).,1852,F. Liebmann,Karplanter,Digitale Samlinger: Billeder:Særudgivelser:Flora Danica:Hæfte:Hft. 43,Asteraceae,Crepis capillaris (L.) Wallr.,Høgeskæg,Kurvblomstfamilien,Grøn,free
2545,floradanica_2545.tif,Crepis virens var. capillaris (L.) Fr.,1852,F. Liebmann,Karplanter,Digitale Samlinger: Billeder:Særudgivelser:Flora Danica:Hæfte:Hft. 43,Asteraceae,Crepis capillaris (L.) Wallr.,Høgeskæg,Kurvblomstfamilien,Grøn,free
2546,floradanica_2546.tif,Carex pulicaris L.,1852,F. Liebmann,Karplanter,Digitale Samlinger: Billeder:Særudgivelser:Flora Danica:Hæfte:Hft. 43,Cyperaceae,Carex pulicaris L.,Star,Halvgræsfamilien,Loppe-,free
2547,floradanica_2547.tif,Carex caepitosa L. (Carex pacifica Drej.),1852,F. Liebmann,Karplanter,Digitale Samlinger: Billeder:Særudgivelser:Flora Danica:Hæfte:Hft. 43,Cyperaceae,Carex cespitosa L.,Star,Halvgræsfamilien,Tue-,free
2548,floradanica_2548.tif,Carex stricta Good.,1852,F. Liebmann,Karplanter,Digitale Samlinger: Billeder:Særudgivelser:Flora Danica:Hæfte:Hft. 43,Cyperaceae,Carex elata All. ssp. elata,Star,Halvgræsfamilien,Stiv,free
2549,floradanica_2549.tif,Betula verrucosa Ehrh.,1852,F. Liebmann,Karplanter,Digitale Samlinger: Billeder:Særudgivelser:Flora Danica:Hæfte:Hft. 43,Betulaceae,Betula pendula Roth,Birk,Birkefamilien,Vorte-,free
2550,floradanica_2550.tif,Salix undulata Ehrh.,1852,F. Liebmann,Karplanter,Digitale Samlinger: Billeder:Særudgivelser:Flora Danica:Hæfte:Hft. 43,Salicaceae,Salix triandra x viminalis,Pil,Pilefamilien,Bølget,free
2551,floradanica_2551.tif,Salix Smithiana Willd.,1852,F. Liebmann,Karplanter,Digitale Samlinger: Billeder:Særudgivelser:Flora Danica:Hæfte:Hft. 43,Salicaceae,Salix caprea x viminalis,Pil,Pilefamilien,Lancet-,free
2552,floradanica_2552.tif,Salix alba L.,1852,F. Liebmann,Karplanter,Digitale Samlinger: Billeder:Særudgivelser:Flora Danica:Hæfte:Hft. 43,Salicaceae,Salix alba L. ssp. alba,Hvidpil,Pilefamilien,,free
2553,floradanica_2553.tif,Salix nigricans L.,1852,F. Liebmann,Karplanter,Digitale Samlinger: Billeder:Særudgivelser:Flora Danica:Hæfte:Hft. 43,Salicaceae,Salix myrsinifolia Salisb.,Pil,Pilefamilien,Sort,free
2554,floradanica_2554.tif,Salix purpurea L.,1852,F. Liebmann,Karplanter,Digitale Samlinger: Billeder:Særudgivelser:Flora Danica:Hæfte:Hft. 43,Salicaceae,Salix purpurea L.,Pil,Pilefamilien,Purpur-,free
2555,floradanica_2555.tif,Salix rubra Huds.,1852,F. Liebmann,Karplanter,Digitale Samlinger: Billeder:Særudgivelser:Flora Danica:Hæfte:Hft. 43,Salicaceae,Salix purpurea x viminalis,Pil,Pilefamilien,Rød,free
2556,floradanica_2556.tif,Salix rosmarinifolia L.,1852,F. Liebmann,Karplanter,Digitale Samlinger: Billeder:Særudgivelser:Flora Danica:Hæfte:Hft. 43,Salicaceae,Salix rosmarinifolia L.,Pil,Pilefamilien,Rosmarin-,free
2557,floradanica_2557.tif,Salix angustifolia Wulf.,1852,F. Liebmann,Karplanter,Digitale Samlinger: Billeder:Særudgivelser:Flora Danica:Hæfte:Hft. 43,Salicaceae,Salix repens x viminalis,Pil,Pilefamilien,Smalbladet,free
2558,floradanica_2558.tif,Salix amygdalina L.,1852,F. Liebmann,Karplanter,Digitale Samlinger: Billeder:Særudgivelser:Flora Danica:Hæfte:Hft. 43,Salicaceae,Salix triandra L.,Pil,Pilefamilien,Mandel-,free
2559,floradanica_2559.tif,Aspidium angulare Kit.,1852,F. Liebmann,Karplanter,Digitale Samlinger: Billeder:Særudgivelser:Flora Danica:Hæfte:Hft. 43,Dryopteridaceae,Polystichum aculeatum (L.) Roth,Skjoldbregne,Mangeløvfamilien,Almindelig,free
2560,floradanica_2560.tif,Phascum alternifolium Lbm. / Orthotrichum Sturmii Hpp. et Hsch.,1852,F. Liebmann,Mosser,Digitale Samlinger: Billeder:Særudgivelser:Flora Danica:Hæfte:Hft. 43,,Pleuridium acuminatum Lindb.,,,,free
2561,floradanica_2561.tif,Racomitrium canescens Hedw. / Racomitrium lanuginosum Hedw.,1852,F. Liebmann,Mosser,Digitale Samlinger: Billeder:Særudgivelser:Flora Danica:Hæfte:Hft. 43,,"Rhacomitrium ericoides [beta], canescens (Timm.) Lindb.",,,,free
2562,floradanica_2562.tif,Hypnum murale Neck. / Hypnum Stokesii Turn.,1852,F. Liebmann,Mosser,Digitale Samlinger: Billeder:Særudgivelser:Flora Danica:Hæfte:Hft. 43,,Rhynchostegium murale (Neck.) Br. et Sch.,,,,free
2563,floradanica_2563.tif,"Hypnum aduncum [beta], Tenue Hartm. / Leskea polycarpa Ehrh.",1852,F. Liebmann,Mosser,Digitale Samlinger: Billeder:Særudgivelser:Flora Danica:Hæfte:Hft. 43,,Harpidium fluitans var. Deinbollii (Sw.) Lindb.,,,,free
2564,floradanica_2564.tif,Hypnum populeum Hedw. / Hypnum palustre Hedw.,1852,F. Liebmann,Mosser,Digitale Samlinger: Billeder:Særudgivelser:Flora Danica:Hæfte:Hft. 43,,Brachythecium populeum (H.) Br. et Sch. (Brachythecium viride Lindb.).,,,,free
2565,floradanica_2565.tif,Bryum caespiticium Lbm.,1852,F. Liebmann,Mosser,Digitale Samlinger: Billeder:Særudgivelser:Flora Danica:Hæfte:Hft. 43,,Bryum inclinatum (Sw.) Bland. var. (?),,,,free
2566,floradanica_2566.tif,Parmelia frustulosa Ach. / Parmelia vitellina Ach.,1852,F. Liebmann,Laver,Digitale Samlinger: Billeder:Særudgivelser:Flora Danica:Hæfte:Hft. 43,,"Lecanora frustulosa [alfa], argopholis (Wahlenb.) Körb.",,,,free
2567,floradanica_2567.tif,Parmelia muscorum Lbm. / Parmelia Hookeri Engl. Bot.,1852,F. Liebmann,Laver,Digitale Samlinger: Billeder:Særudgivelser:Flora Danica:Hæfte:Hft. 43,,"Physica pulverulenta [gamma], musciggena (Ach.) Nyl.",,,,free
2568,floradanica_2568.tif,"Parmelia sordida [beta], subcarnea Fr. / Lecidea contigua Ehrh.",1852,F. Liebmann,Laver,Digitale Samlinger: Billeder:Særudgivelser:Flora Danica:Hæfte:Hft. 43,,Lecanora sordida var. subcarnea (Fr.).,,,,free
2569,floradanica_2569.tif,Biatora vernalis Fr. / Biatora vernalis var. pineti Fr.,1852,F. Liebmann,Laver,Digitale Samlinger: Billeder:Særudgivelser:Flora Danica:Hæfte:Hft. 43,,,,,,free
2570,floradanica_2570.tif,Biatora uliginosa Fr. / Biatora byssoides (L.) Fr.,1852,F. Liebmann,Laver,Digitale Samlinger: Billeder:Særudgivelser:Flora Danica:Hæfte:Hft. 43,,Sphyridium byssoides (L.) Th. Fr.,,,,free
2571,floradanica_2571.tif,Sterecaulon tomentosum L. / Endocarpon pusillum Hedw.,1852,F. Liebmann,Laver,Digitale Samlinger: Billeder:Særudgivelser:Flora Danica:Hæfte:Hft. 43,,"Stereocaulon tomentosum [alfa], campestre Körb.",,,,free
2572,floradanica_2572.tif,Biatora mixta Fr. / Biatora lucida Fr.,1852,F. Liebmann,Laver,Digitale Samlinger: Billeder:Særudgivelser:Flora Danica:Hæfte:Hft. 43,,Catillaria (Biatorina) tricolor  (With.) Th. Fr.,,,,free
2573,floradanica_2573.tif,Fusus serratus L.,1852,F. Liebmann,Alger,Digitale Samlinger: Billeder:Særudgivelser:Flora Danica:Hæfte:Hft. 43,,,,,,free
2574,floradanica_2574.tif,Gloisiphonia capillaris Aresch. / Lomentaria articulata Huds.,1852,F. Liebmann,Alger,Digitale Samlinger: Billeder:Særudgivelser:Flora Danica:Hæfte:Hft. 43,,Chylocladia articulata (Huds.) Grev.,,,,free
2575,floradanica_2575.tif,Asperococcus bullosus Lmrx. / Asperococcus echinatus (Mert.) Grev.,1852,F. Liebmann,Alger,Digitale Samlinger: Billeder:Særudgivelser:Flora Danica:Hæfte:Hft. 43,,,,,,free
2576,floradanica_2576.tif,Striaria attenuta Grev.,1852,F. Liebmann,Alger,Digitale Samlinger: Billeder:Særudgivelser:Flora Danica:Hæfte:Hft. 43,,,,,,free
2577,floradanica_2577.tif,Stilophora rhizodes (Ehrh.) Ag. / Dictyosiphon pusillus (Carm.) Aresch.,1852,F. Liebmann,Alger,Digitale Samlinger: Billeder:Særudgivelser:Flora Danica:Hæfte:Hft. 43,,Lithosiphon pusillus Harv.,,,,free
2578,floradanica_2578.tif,Lomentaria kaliformis Good. et Woodw.,1852,F. Liebmann,Alger,Digitale Samlinger: Billeder:Særudgivelser:Flora Danica:Hæfte:Hft. 43,,,,,,free
2579,floradanica_2579.tif,Bonnemaisonia asparagoides (Woodw.) Ag. / Griffithsia corallina (Lightf.) Ag.,1852,F. Liebmann,Alger,Digitale Samlinger: Billeder:Særudgivelser:Flora Danica:Hæfte:Hft. 43,,,,,,free
2580,floradanica_2580.tif,Dictyota dichotoma (Huds.) Lmrx. / Dictyosiphon Chordaria Aresch.,1852,F. Liebmann,Alger,Digitale Samlinger: Billeder:Særudgivelser:Flora Danica:Hæfte:Hft. 43,,,,,,free
2581,floradanica_2581.tif,Agrostis rubra L. (Agrostis borealis Hartm.).,1858,Japetus Steenstrup & Johan Lange,Karplanter,Digitale Samlinger: Billeder:Særudgivelser:Flora Danica:Hæfte:Hft. 44,Caryophyllaceae,Agrostis mertensii Trin.,Hvene,Nellikefamilien,Fjeld-,free
2582,floradanica_2582.tif,Glyceria (maritima var.) palustris Fr.,1858,Japetus Steenstrup & Johan Lange,Karplanter,Digitale Samlinger: Billeder:Særudgivelser:Flora Danica:Hæfte:Hft. 44,Poaceae,Puccinellia maritima (L.) Parl.,Annelgræs,Græsfamilien,Strand-,free
2583,floradanica_2583.tif,Glyceria vaginata Lge.,1858,Japetus Steenstrup & Johan Lange,Karplanter,Digitale Samlinger: Billeder:Særudgivelser:Flora Danica:Hæfte:Hft. 44,Poaceae,Puccinellia vaginata (Lange) Fern. & Weath.,Annelgræs,Græsfamilien,Skede-,free
2584,floradanica_2584.tif,Armeria maritima Willd.,1858,Japetus Steenstrup & Johan Lange,Karplanter,Digitale Samlinger: Billeder:Særudgivelser:Flora Danica:Hæfte:Hft. 44,Plumbaginaceae,Armeria maritima (Miller) Willd.  ssp. maritima,Engelskgræs,Hindebægerfamilien,Strand-,free
2585,floradanica_2585.tif,Armeria vulgaris (Willd.) var. elongata (Drej.).,1858,Japetus Steenstrup & Johan Lange,Karplanter,Digitale Samlinger: Billeder:Særudgivelser:Flora Danica:Hæfte:Hft. 44,Plumbaginaceae,Armeria maritima (Miller) Willd. ssp. elongata (Hoffm.) Bonnier,Engelskgræs,Hindebægerfamilien,Vej-,free
2586,floradanica_2586.tif,Acer platanoides L.,1858,Japetus Steenstrup & Johan Lange,Karplanter,Digitale Samlinger: Billeder:Særudgivelser:Flora Danica:Hæfte:Hft. 44,Aceraceae,Acer platanoides L.,Løn,Lønfamilien,Spids-,free
2587,floradanica_2587.tif,Epilobium alsinefolium Vill. (Epilobium origanifolium Lam.),1858,Japetus Steenstrup & Johan Lange,Karplanter,Digitale Samlinger: Billeder:Særudgivelser:Flora Danica:Hæfte:Hft. 44,Onagraceae,Epilobium alsinifolium Vill.,Dueurt,Natlysfamilien,Fjeld-,free
2588,floradanica_2588.tif,Epilobium virgatum Fr. (?) 63),1858,Japetus Steenstrup & Johan Lange,Karplanter,Digitale Samlinger: Billeder:Særudgivelser:Flora Danica:Hæfte:Hft. 44,Onagraceae,Epilobium obscurum Schreber,Dueurt,Natlysfamilien,Ris-,free
2589,floradanica_2589.tif,Rubus plicatus Whe. et N. E.,1858,Japetus Steenstrup & Johan Lange,Karplanter,Digitale Samlinger: Billeder:Særudgivelser:Flora Danica:Hæfte:Hft. 44,Rosaceae,Rubus sp.,Brombær,Rosenfamilien,,free
2590,floradanica_2590.tif,"Prunus spinosa [beta], coaetanea Wimm. et Gr.",1858,Japetus Steenstrup & Johan Lange,Karplanter,Digitale Samlinger: Billeder:Særudgivelser:Flora Danica:Hæfte:Hft. 44,Rosaceae,Prunus domestica x spinosa L.,Kræge X Slåen,Rosenfamilien,,free
2591,floradanica_2591.tif,Potentilla collina Wib. (Potentilla Güntheri Pohl.).,1858,Japetus Steenstrup & Johan Lange,Karplanter,Digitale Samlinger: Billeder:Særudgivelser:Flora Danica:Hæfte:Hft. 44,Rosaceae,Potentilla collina  Wibel,Potentil,Rosenfamilien,Bakke-,free
2592,floradanica_2592.tif,Potentilla cinerea Chaix (Potentilla incana Moench),1858,Japetus Steenstrup & Johan Lange,Karplanter,Digitale Samlinger: Billeder:Særudgivelser:Flora Danica:Hæfte:Hft. 44,Rosaceae,Potentilla cinerea Chaix ex Vill.,Potentil,Rosenfamilien,Grå,free
2593,floradanica_2593.tif,Senebiera didyma (L.) Pers.,1858,Japetus Steenstrup & Johan Lange,Karplanter,Digitale Samlinger: Billeder:Særudgivelser:Flora Danica:Hæfte:Hft. 44,Brassicaceae,Coronopus didymus (L.) Smith,Ravnefod,Korsblomstfamilien,Liden,free
2594,floradanica_2594.tif,Taraxacum erythrospermum Andrs.,1858,Japetus Steenstrup & Johan Lange,Karplanter,Digitale Samlinger: Billeder:Særudgivelser:Flora Danica:Hæfte:Hft. 44,Asteraceae,Taraxacum sp.,Mælkebøtte,Kurvblomstfamilien,,free
2595,floradanica_2595.tif,Erigeron acris L. Var.?,1858,Japetus Steenstrup & Johan Lange,Karplanter,Digitale Samlinger: Billeder:Særudgivelser:Flora Danica:Hæfte:Hft. 44,Asteraceae,Erigeron acer L. ssp. decoloratus (H. Lindb. fil.) Hiitonen,Bakkestjerne,Kurvblomstfamilien,Bleg,free
2596,floradanica_2596.tif,Hieracium stoloniflorum Waldst. et Kit.,1858,Japetus Steenstrup & Johan Lange,Karplanter,Digitale Samlinger: Billeder:Særudgivelser:Flora Danica:Hæfte:Hft. 44,Asteraceae,Hieracium sp.,Høgeurt,Kurvblomstfamilien,,free
2597,floradanica_2597.tif,Hieracium rigidum Fl. D.,1858,Japetus Steenstrup & Johan Lange,Karplanter,Digitale Samlinger: Billeder:Særudgivelser:Flora Danica:Hæfte:Hft. 44,Asteraceae,Hieracium Tridentata (gruppe),Høgeurt,Kurvblomstfamilien,Rank,free
2598,floradanica_2598.tif,Hieracium caesium Fl. D.,1858,Japetus Steenstrup & Johan Lange,Karplanter,Digitale Samlinger: Billeder:Særudgivelser:Flora Danica:Hæfte:Hft. 44,Asteraceae,Hieracium sp.,Høgeurt,Kurvblomstfamilien,,free
2599,floradanica_2599.tif,Vicia villosa Roth.,1858,Japetus Steenstrup & Johan Lange,Karplanter,Digitale Samlinger: Billeder:Særudgivelser:Flora Danica:Hæfte:Hft. 44,Fabaceae,Vicia villosa Roth ssp. villosa,Vikke,Ærteblomstfamilien,Sand-,free
2600,floradanica_2600.tif,Salix aurita L.,1858,Japetus Steenstrup & Johan Lange,Karplanter,Digitale Samlinger: Billeder:Særudgivelser:Flora Danica:Hæfte:Hft. 44,Salicaceae,Salix aurita L.,Pil,Pilefamilien,Øret,free
2601,floradanica_2601.tif,Salix cinerea L. [femininum],1858,Japetus Steenstrup & Johan Lange,Karplanter,Digitale Samlinger: Billeder:Særudgivelser:Flora Danica:Hæfte:Hft. 44,Salicaceae,Salix cinerea L.,Gråpil,Pilefamilien,,free
2602,floradanica_2602.tif,Salix aciutifolia Willd. (Salix pruinosa Wendl.).,1858,Japetus Steenstrup & Johan Lange,Karplanter,Digitale Samlinger: Billeder:Særudgivelser:Flora Danica:Hæfte:Hft. 44,Salicaceae,Salix daphnoides Vill. ssp. acutifolia,Pil,Pilefamilien,Kaspisk,free
2603,floradanica_2603.tif,Salix caprea L.,1858,Japetus Steenstrup & Johan Lange,Karplanter,Digitale Samlinger: Billeder:Særudgivelser:Flora Danica:Hæfte:Hft. 44,Salicaceae,Salix caprea L. var. caprea,Pil,Pilefamilien,Selje-,free
2604,floradanica_2604.tif,Salix mollissima Ehrh.,1858,Japetus Steenstrup & Johan Lange,Karplanter,Digitale Samlinger: Billeder:Særudgivelser:Flora Danica:Hæfte:Hft. 44,Salicaceae,Salix triandra x viminalis ?,Pil,Pilefamilien,Blød,free
2605,floradanica_2605.tif,Salix repens L. var. argentea Koch.,1858,Japetus Steenstrup & Johan Lange,Karplanter,Digitale Samlinger: Billeder:Særudgivelser:Flora Danica:Hæfte:Hft. 44,Salicaceae,Salix repens L. ssp. argentea,Gråris,Pilefamilien,,free
2606,floradanica_2606.tif,Poa bulbosa L. var. vivipara Koch.,1858,Japetus Steenstrup & Johan Lange,Karplanter,Digitale Samlinger: Billeder:Særudgivelser:Flora Danica:Hæfte:Hft. 44,Poaceae,Poa bulbosa L.,Rapgræs,Græsfamilien,Løg-,free
2607,floradanica_2607.tif,Polypodium rhaeticum Fl. D.,1858,Japetus Steenstrup & Johan Lange,Karplanter,Digitale Samlinger: Billeder:Særudgivelser:Flora Danica:Hæfte:Hft. 44,Woodsiaceae,Athyrium distentifolium Tausch ex Opiz,Fjerbregne,Fjerbregnefamilien,Fjeld-,free
2608,floradanica_2608.tif,"Carex muricata [beta], virens Koch",1858,Japetus Steenstrup & Johan Lange,Karplanter,Digitale Samlinger: Billeder:Særudgivelser:Flora Danica:Hæfte:Hft. 44,Cyperaceae,Carex polyphylla Kar. & Kir.,Star,Halvgræsfamilien,Mellembrudt,free
2609,floradanica_2609.tif,Zannichellia polycarpa Nolt.,1858,Japetus Steenstrup & Johan Lange,Karplanter,Digitale Samlinger: Billeder:Særudgivelser:Flora Danica:Hæfte:Hft. 44,Zannichelliaceae,Zannichellia palustris L. ssp. polycarpa (Hartm.) Hegi?,Vandkrans,Vandkransfamilien,Stor,free
2610,floradanica_2610.tif,Zannichellia pedicellata Fr.,1858,Japetus Steenstrup & Johan Lange,Karplanter,Digitale Samlinger: Billeder:Særudgivelser:Flora Danica:Hæfte:Hft. 44,Zannichelliaceae,Zannichellia palustris L. ssp. pedicellata (Wahlenb. & Rosén) Hegi,Vandkrans,Vandkransfamilien,Stilket,free
2611,floradanica_2611.tif,Polytrichum formosum Hedw.,1858,Japetus Steenstrup & Johan Lange,Mosser,Digitale Samlinger: Billeder:Særudgivelser:Flora Danica:Hæfte:Hft. 44,,Polytrichum attenuatum Menz.,,,,free
2612,floradanica_2612.tif,Weisia microstoma Hedw. / Mnium affine Bland.,1858,Japetus Steenstrup & Johan Lange,Mosser,Digitale Samlinger: Billeder:Særudgivelser:Flora Danica:Hæfte:Hft. 44,,Hymenostomum microstomum (Hedw.) R. Br.,,,,free
2613,floradanica_2613.tif,Bryum annotinum (L.) Hedw. / Bryum cernum (Sw.),1858,Japetus Steenstrup & Johan Lange,Mosser,Digitale Samlinger: Billeder:Særudgivelser:Flora Danica:Hæfte:Hft. 44,,Webera annotina (L.) Bruch.,,,,free
2614,floradanica_2614.tif,Grimmia ovata Fl.d. / Barbula convlouta Hedw.,1858,Japetus Steenstrup & Johan Lange,Mosser,Digitale Samlinger: Billeder:Særudgivelser:Flora Danica:Hæfte:Hft. 44,,Grimmia ovalis (Hedw.) Lindb.,,,,free
2615,floradanica_2615.tif,Orthotrichum anomalum (Roth.) Hedw. / Orthotrichum fastigiatum Bruch. 172),1858,Japetus Steenstrup & Johan Lange,Mosser,Digitale Samlinger: Billeder:Særudgivelser:Flora Danica:Hæfte:Hft. 44,,,,,,free
2616,floradanica_2616.tif,Leucodon sciuroides (L.) Schwägr. / Zygodon conoideus (Dicks.) Hook. et T.,1858,Japetus Steenstrup & Johan Lange,Mosser,Digitale Samlinger: Billeder:Særudgivelser:Flora Danica:Hæfte:Hft. 44,,,,,,free
2617,floradanica_2617.tif,Cinclidotus fontinaloides P. B.,1858,Japetus Steenstrup & Johan Lange,Mosser,Digitale Samlinger: Billeder:Særudgivelser:Flora Danica:Hæfte:Hft. 44,,,,,,free
2618,floradanica_2618.tif,Cryphaea heteromalla (Gmel.) Brid.,1858,Japetus Steenstrup & Johan Lange,Mosser,Digitale Samlinger: Billeder:Særudgivelser:Flora Danica:Hæfte:Hft. 44,,,,,,free
2619,floradanica_2619.tif,Hypnum praelongum L. / Hypnum Seligeri FL. D.,1858,Japetus Steenstrup & Johan Lange,Mosser,Digitale Samlinger: Billeder:Særudgivelser:Flora Danica:Hæfte:Hft. 44,,Eurhynchium praelongum Br. et Sch. (Eurhynchium hians Lindb.).,,,,free
2620,floradanica_2620.tif,Hypnum velutinum L. / Hypnum julaceum Vill.,1858,Japetus Steenstrup & Johan Lange,Mosser,Digitale Samlinger: Billeder:Særudgivelser:Flora Danica:Hæfte:Hft. 44,,Brachytheciuk velutinum (L.) Br. et Sch.,,,,free
2621,floradanica_2621.tif,Hypnum aduncum var. Lge. / Hypnum molle Dicks.,1858,Japetus Steenstrup & Johan Lange,Mosser,Digitale Samlinger: Billeder:Særudgivelser:Flora Danica:Hæfte:Hft. 44,,Harpidium exannulatum (Gümb.) Br. et Sch.,,,,free
2622,floradanica_2622.tif,Hypnum striatellum (Brid.) C. Müll. / Hypnum reflexum Starke,1858,Japetus Steenstrup & Johan Lange,Mosser,Digitale Samlinger: Billeder:Særudgivelser:Flora Danica:Hæfte:Hft. 44,,Plagiothecium striatellum (Brid.) Lindb.,,,,free
2623,floradanica_2623.tif,Hypnum alopecurum L.,1858,Japetus Steenstrup & Johan Lange,Mosser,Digitale Samlinger: Billeder:Særudgivelser:Flora Danica:Hæfte:Hft. 44,,Thamnium alopecurum (L.) Br. et Sch.,,,,free
2624,floradanica_2624.tif,Hypnum megapolitanum Bland.,1858,Japetus Steenstrup & Johan Lange,Mosser,Digitale Samlinger: Billeder:Særudgivelser:Flora Danica:Hæfte:Hft. 44,,Rhynchostegium megapolitanum (Bland.) Br. et Sch. (Figura minus bona).,,,,free
2625,floradanica_2625.tif,Jungermannia porphyroleuca N. E,1858,Japetus Steenstrup & Johan Lange,Mosser,Digitale Samlinger: Billeder:Særudgivelser:Flora Danica:Hæfte:Hft. 44,,Jungermannia ventricosa (Dicks.) var. porphyroleuca (N. E.) Gottsche.,,,,free
2626,floradanica_2626.tif,Jungermannia groenlandica N. E. / Jungermannia intermedia Lindenb.,1858,Japetus Steenstrup & Johan Lange,Mosser,Digitale Samlinger: Billeder:Særudgivelser:Flora Danica:Hæfte:Hft. 44,,Jungermannia capitata var. intermedia (Lindenb.).,,,,free
2627,floradanica_2627.tif,Frullania Tamarisci (L.) N. E.,1858,Japetus Steenstrup & Johan Lange,Mosser,Digitale Samlinger: Billeder:Særudgivelser:Flora Danica:Hæfte:Hft. 44,,,,,,free
2628,floradanica_2628.tif,"Aneura pinnatfida [alfa], contexta Fl. D.",1858,Japetus Steenstrup & Johan Lange,Mosser,Digitale Samlinger: Billeder:Særudgivelser:Flora Danica:Hæfte:Hft. 44,,Aneura sinuata (Dicks.) Dmrt. [alfa] contexta.,,,,free
2629,floradanica_2629.tif,Fegatella conica (L.) Cord.,1858,Japetus Steenstrup & Johan Lange,Mosser,Digitale Samlinger: Billeder:Særudgivelser:Flora Danica:Hæfte:Hft. 44,,,,,,free
2630,floradanica_2630.tif,Rebonlia hemisphaerica (L.) N. E.,1858,Japetus Steenstrup & Johan Lange,Mosser,Digitale Samlinger: Billeder:Særudgivelser:Flora Danica:Hæfte:Hft. 44,,Asterella hemisphaerica (L.) P. B.,,,,free
2631,floradanica_2631.tif,Anthoceros punctatus L.,1858,Japetus Steenstrup & Johan Lange,Mosser,Digitale Samlinger: Billeder:Særudgivelser:Flora Danica:Hæfte:Hft. 44,,,,,,free
2632,floradanica_2632.tif,Psora ostreata Hffm. / Biatora decolorans Flk.,1858,Japetus Steenstrup & Johan Lange,Laver,Digitale Samlinger: Billeder:Særudgivelser:Flora Danica:Hæfte:Hft. 44,,"Psora ostreata (Hffm.) [alfa], polycarpa (Ehrh.) Th. Fr.",,,,free
2633,floradanica_2633.tif,"Parmellia parietina f. polycarpa (Ehrh.) Fr. / Parmelia circinnata [alfa], radiosa Fr.",1858,Japetus Steenstrup & Johan Lange,Laver,Digitale Samlinger: Billeder:Særudgivelser:Flora Danica:Hæfte:Hft. 44,,"Xanthoria lychnea [beta], polycarpa (Ehrh.) Th. Fr.",,,,free
2634,floradanica_2634.tif,Lecidea milliaria v. ligniaria Fr.,1858,Japetus Steenstrup & Johan Lange,Laver,Digitale Samlinger: Billeder:Særudgivelser:Flora Danica:Hæfte:Hft. 44,,"Bilimbia milliaria [alfa], ligniaria (Ach.) Th. Fr.",,,,free
2635,floradanica_2635.tif,Umbilicaria polyphylla (L.) Hffm. / Umbilicaria polyphylla var. deusta (L.) Fr,1858,Japetus Steenstrup & Johan Lange,Laver,Digitale Samlinger: Billeder:Særudgivelser:Flora Danica:Hæfte:Hft. 44,,Gyrophora polyphylla (L.) Körb.,,,,free
2636,floradanica_2636.tif,"Ramalina calicaris [alfa],  fastigiata Fr. / Ramallina calicaris [beta], canaliculata Fr.",1858,Japetus Steenstrup & Johan Lange,Laver,Digitale Samlinger: Billeder:Særudgivelser:Flora Danica:Hæfte:Hft. 44,,,,,,free
2637,floradanica_2637.tif,Evernia furfuracea (L.) Mann.,1858,Japetus Steenstrup & Johan Lange,Laver,Digitale Samlinger: Billeder:Særudgivelser:Flora Danica:Hæfte:Hft. 44,,,,,,free
2638,floradanica_2638.tif,Cladonia degenerans Fl. D. / Cladonia uncialis (L.) Hffm.,1858,Japetus Steenstrup & Johan Lange,Laver,Digitale Samlinger: Billeder:Særudgivelser:Flora Danica:Hæfte:Hft. 44,,Cladonia decorticata (Flk.) Th. Fr.,,,,free
2639,floradanica_2639.tif,Stilophora Lyngbyei J. Ag.,1858,Japetus Steenstrup & Johan Lange,Alger,Digitale Samlinger: Billeder:Særudgivelser:Flora Danica:Hæfte:Hft. 44,,,,,,free
2640,floradanica_2640.tif,Callilthamnion Dawiesii (Dillw.) Ag. / Elachista stellaris Aresch,1858,Japetus Steenstrup & Johan Lange,Alger,Digitale Samlinger: Billeder:Særudgivelser:Flora Danica:Hæfte:Hft. 44,,Chantransia Daviesii (Dillw.) Thur.,,,,free
2641,floradanica_2641.tif,Digitaria Glabra (Gaud.) R. et Sch.,1861,Johan Lange,Karplanter,Digitale Samlinger: Billeder:Særudgivelser:Flora Danica:Hæfte:Hft. 45,Poaceae,Digitaria ischaemum (Schreber) Mühl.,Fingeraks,Græsfamilien,Liden,free
2642,floradanica_2642.tif,Avena hybrida Peterm. (Avena intermedia Lindgr.),1861,Johan Lange,Karplanter,Digitale Samlinger: Billeder:Særudgivelser:Flora Danica:Hæfte:Hft. 45,Poaceae,Avena fatua L.,Havre,Græsfamilien,Flyve-,free
2643,floradanica_2643.tif,"Avena eliator L. [alfa], typica Fr.",1861,Johan Lange,Karplanter,Digitale Samlinger: Billeder:Særudgivelser:Flora Danica:Hæfte:Hft. 45,Poaceae,Arrhenatherum elatius (L.) Beauv. ex J. & C. Presl.,Draphavre,Græsfamilien,,free
2644,floradanica_2644.tif,Bromus racemosus L.,1861,Johan Lange,Karplanter,Digitale Samlinger: Billeder:Særudgivelser:Flora Danica:Hæfte:Hft. 45,Poaceae,Bromus racemosus L.,Hejre,Græsfamilien,Eng-,free
2645,floradanica_2645.tif,Festuca heterophylla Lam.,1861,Johan Lange,Karplanter,Digitale Samlinger: Billeder:Særudgivelser:Flora Danica:Hæfte:Hft. 45,Poaceae,Festuca heterophylla Lam.,Svingel,Græsfamilien,Forskelligbladet,free
2646,floradanica_2646.tif,Viola canina L. (Viola ericetorum Schrad.).,1861,Johan Lange,Karplanter,Digitale Samlinger: Billeder:Særudgivelser:Flora Danica:Hæfte:Hft. 45,Violaceae,Viola canina L. ssp. canina,Viol,Violfamilien,Hunde-,free
2647,floradanica_2647.tif,Viola tricolor var. arenaria Sond.,1861,Johan Lange,Karplanter,Digitale Samlinger: Billeder:Særudgivelser:Flora Danica:Hæfte:Hft. 45,Violaceae,Viola tricolor L. ssp. curtisii (E. Forster) Syme in Sowerby,Stedmoderblomst,Violfamilien,Klit-,free
2648,floradanica_2648.tif,Polygonum nodosum Pers.,1861,Johan Lange,Karplanter,Digitale Samlinger: Billeder:Særudgivelser:Flora Danica:Hæfte:Hft. 45,Polygonaceae,Persicaria lapathifolia (L.) S. F. Gray ssp. lapathifolia,Pileurt,Skedeknæfamilien,Knudet,free
2649,floradanica_2649.tif,Fagopyrum tataricum (L.) Gärtn.,1861,Johan Lange,Karplanter,Digitale Samlinger: Billeder:Særudgivelser:Flora Danica:Hæfte:Hft. 45,Polygonaceae,Fagopyrum tataricum (L.) Gaertner,Boghvede,Skedeknæfamilien,Tartarisk,free
2650,floradanica_2650.tif,Stellaria holostea L.,1861,Johan Lange,Karplanter,Digitale Samlinger: Billeder:Særudgivelser:Flora Danica:Hæfte:Hft. 45,Caryophyllaceae,Stellaria holostea L.,Fladstjerne,Nellikefamilien,Stor,free
2651,floradanica_2651.tif,Prunus insititia L.,1861,Johan Lange,Karplanter,Digitale Samlinger: Billeder:Særudgivelser:Flora Danica:Hæfte:Hft. 45,Rosaceae,Prunus domestica L. ssp. insititia (L.) C. K. Schneider,Kræge,Rosenfamilien,,free
2652,floradanica_2652.tif,Elsholtzia cristata Wild.,1861,Johan Lange,Karplanter,Digitale Samlinger: Billeder:Særudgivelser:Flora Danica:Hæfte:Hft. 45,Lamiaceae,Elsholtzia ciliata (Thunb.) Hyl.,Kryddermynte,Læbeblomstfamilien,,free
2653,floradanica_2653.tif,Leonorus Marrubiastrum L.,1861,Johan Lange,Karplanter,Digitale Samlinger: Billeder:Særudgivelser:Flora Danica:Hæfte:Hft. 45,Lamiaceae,Leonurus marrubiastrum L.,Hjertespand,Læbeblomstfamilien,Lådden,free
2654,floradanica_2654.tif,Galropsis bifida Boenn.,1861,Johan Lange,Karplanter,Digitale Samlinger: Billeder:Særudgivelser:Flora Danica:Hæfte:Hft. 45,Lamiaceae,Galeopsis bifida Boenn.,Hanekro,Læbeblomstfamilien,Skov-,free
2655,floradanica_2655.tif,Mentha gentilis var. glabrata.,1861,Johan Lange,Karplanter,Digitale Samlinger: Billeder:Særudgivelser:Flora Danica:Hæfte:Hft. 45,Lamiaceae,Mentha arvensis x spicata,Mynte,Læbeblomstfamilien,Eng,free
2656,floradanica_2656.tif,Rhinanthus minor Ehrh.,1861,Johan Lange,Karplanter,Digitale Samlinger: Billeder:Særudgivelser:Flora Danica:Hæfte:Hft. 45,Scrophulariaceae,Rhinanthus minor L.  s.l.,Skjaller,Maskeblomstfamilien,Liden,free
2657,floradanica_2657.tif,Euphrasia parviflora Fr. var. imbricata (Lapeyr.) Lge. 176),1861,Johan Lange,Karplanter,Digitale Samlinger: Billeder:Særudgivelser:Flora Danica:Hæfte:Hft. 45,Scrophulariaceae,Euphrasia micrantha Reichenb.,Øjentrøst,Maskeblomstfamilien,Lyng-,free
2658,floradanica_2658.tif,Brassica lancelota Lge.,1861,Johan Lange,Karplanter,Digitale Samlinger: Billeder:Særudgivelser:Flora Danica:Hæfte:Hft. 45,Brassicaceae,Brassica juncea (L.) Czern.,Sennep,Korsblomstfamilien,Sarepta-,free
2659,floradanica_2659.tif,Taraxacúm ceratophorum DC.,1861,Johan Lange,Karplanter,Digitale Samlinger: Billeder:Særudgivelser:Flora Danica:Hæfte:Hft. 45,Asteraceae,Taraxacum Ceratophora (section),Mælkebøtte,Kurvblomstfamilien,Horn-,free
2660,floradanica_2660.tif,Hieracium pratense Tausch.,1861,Johan Lange,Karplanter,Digitale Samlinger: Billeder:Særudgivelser:Flora Danica:Hæfte:Hft. 45,Asteraceae,Hieracium sp.,Høgeurt,Kurvblomstfamilien,,free
2661,floradanica_2661.tif,Hieracium integrifolium Lge. 177),1861,Johan Lange,Karplanter,Digitale Samlinger: Billeder:Særudgivelser:Flora Danica:Hæfte:Hft. 45,Asteraceae,Hieracium sp.,Høgeurt,Kurvblomstfamilien,,free
2662,floradanica_2662.tif,Lappa minor (Schk.).,1861,Johan Lange,Karplanter,Digitale Samlinger: Billeder:Særudgivelser:Flora Danica:Hæfte:Hft. 45,Asteraceae,Arctium minus Bernh.,Burre,Kurvblomstfamilien,Liden,free
2663,floradanica_2663.tif,Lappa intermedia (Lge.),1861,Johan Lange,Karplanter,Digitale Samlinger: Billeder:Særudgivelser:Flora Danica:Hæfte:Hft. 45,Asteraceae,Arctium nemorosum Lej.,Burre,Kurvblomstfamilien,Skov-,free
2664,floradanica_2664.tif,Orchis majalis Rchb. 179),1861,Johan Lange,Karplanter,Digitale Samlinger: Billeder:Særudgivelser:Flora Danica:Hæfte:Hft. 45,Orchidaceae,Dactylorhiza majalis (Reichenb.) Hunt & Summerh.,Gøgeurt,Gøgeurtfamilien,Maj-,free
2665,floradanica_2665.tif,Carex trinervis Degl.,1861,Johan Lange,Karplanter,Digitale Samlinger: Billeder:Særudgivelser:Flora Danica:Hæfte:Hft. 45,Cyperaceae,Carex trinervis Gegl. in Loisel.,Star,Halvgræsfamilien,Klit-,free
2666,floradanica_2666.tif,"Carex glauca [beta], sphaerostachya Lge.",1861,Johan Lange,Karplanter,Digitale Samlinger: Billeder:Særudgivelser:Flora Danica:Hæfte:Hft. 45,Cyperaceae,Carex sp.,Star,Halvgræsfamilien,,free
2667,floradanica_2667.tif,Quercus sessiliflora Sm.,1861,Johan Lange,Karplanter,Digitale Samlinger: Billeder:Særudgivelser:Flora Danica:Hæfte:Hft. 45,Fagaceae,Quercus petraea L.,Eg,Bøgefamilien,Vinter-,free
2668,floradanica_2668.tif,Salix stipularis Sm.,1861,Johan Lange,Karplanter,Digitale Samlinger: Billeder:Særudgivelser:Flora Danica:Hæfte:Hft. 45,Salicaceae,Salix sp.,Pil,Pilefamilien,,free
2669,floradanica_2669.tif,Salix acuminata Sm.,1861,Johan Lange,Karplanter,Digitale Samlinger: Billeder:Særudgivelser:Flora Danica:Hæfte:Hft. 45,Salicaceae,Salix dasyclados  Wimmer,Pil,Pilefamilien,Lådden,free
2670,floradanica_2670.tif,Salix ambigua Ehrh. (Salix aurito-repens Wimm.).,1861,Johan Lange,Karplanter,Digitale Samlinger: Billeder:Særudgivelser:Flora Danica:Hæfte:Hft. 45,Salicaceae,Salix aurita x  repens,Pil,Pilefamilien,Lav,free
2671,floradanica_2671.tif,Lycopodium complanatum L.,1861,Johan Lange,Karplanter,Digitale Samlinger: Billeder:Særudgivelser:Flora Danica:Hæfte:Hft. 45,Lycopodiaceae,Diphasiastrum complanatum (L.) J. Holub ssp. complanatum,Ulvefod,Ulvefodfamilien,Flad,free
2672,floradanica_2672.tif,Lycopodium Chamaecyparissus A. Br.,1861,Johan Lange,Karplanter,Digitale Samlinger: Billeder:Særudgivelser:Flora Danica:Hæfte:Hft. 45,Lycopodiaceae,Diphasiastrum complanatum (L.) J. Holub ssp. chamaecyparissus (A. Braun ex Mutel) Celak.,Ulvefod,Ulvefodfamilien,Cypres-,free
2673,floradanica_2673.tif,Pterogonium gracile Sw.,1861,Johan Lange,Mosser,Digitale Samlinger: Billeder:Særudgivelser:Flora Danica:Hæfte:Hft. 45,,,,,,free
2674,floradanica_2674.tif,Hypnum Starckii Brid.,1861,Johan Lange,Mosser,Digitale Samlinger: Billeder:Særudgivelser:Flora Danica:Hæfte:Hft. 45,,Brachythecium curtum (Lindb.).,,,,free
2675,floradanica_2675.tif,Hypnum piliferum Schreb.,1861,Johan Lange,Mosser,Digitale Samlinger: Billeder:Særudgivelser:Flora Danica:Hæfte:Hft. 45,,Rhynchostegium piliferum (Schreb.) Br. et Sch.,,,,free
2676,floradanica_2676.tif,Hypnum albicans Neck.,1861,Johan Lange,Mosser,Digitale Samlinger: Billeder:Særudgivelser:Flora Danica:Hæfte:Hft. 45,,Brachythecium albicans (Neck.) Br. et Sch.,,,,free
2677,floradanica_2677.tif,Hypnum striatum Schreb.,1861,Johan Lange,Mosser,Digitale Samlinger: Billeder:Særudgivelser:Flora Danica:Hæfte:Hft. 45,,Eurhynchium striatum (Schreb.) Br. et Sch.,,,,free
2678,floradanica_2678.tif,Hypnum stramienum Dicks.,1861,Johan Lange,Mosser,Digitale Samlinger: Billeder:Særudgivelser:Flora Danica:Hæfte:Hft. 45,,,,,,free
2679,floradanica_2679.tif,Hypnum trifarium Web. et M.,1861,Johan Lange,Mosser,Digitale Samlinger: Billeder:Særudgivelser:Flora Danica:Hæfte:Hft. 45,,,,,,free
2680,floradanica_2680.tif,Hypnum elodes Fl. D. / Hypnum nervosum C. Müll.,1861,Johan Lange,Mosser,Digitale Samlinger: Billeder:Særudgivelser:Flora Danica:Hæfte:Hft. 45,,Campylium chrysophyllum (Brid.).,,,,free
2681,floradanica_2681.tif,Neckera punlia Hedw. / Neckera oligocarpa Bruch.,1861,Johan Lange,Mosser,Digitale Samlinger: Billeder:Særudgivelser:Flora Danica:Hæfte:Hft. 45,,,,,,free
2682,floradanica_2682.tif,Bryum crudum Schreb.,1861,Johan Lange,Mosser,Digitale Samlinger: Billeder:Særudgivelser:Flora Danica:Hæfte:Hft. 45,,Webera cruda (L.) Bruch.,,,,free
2683,floradanica_2683.tif,Bryum cucullatum Schwägr.,1861,Johan Lange,Mosser,Digitale Samlinger: Billeder:Særudgivelser:Flora Danica:Hæfte:Hft. 45,,Webera cucullata (Schwgr.) Schimp.,,,,free
2684,floradanica_2684.tif,Bryum Duvalii Voit.,1861,Johan Lange,Mosser,Digitale Samlinger: Billeder:Særudgivelser:Flora Danica:Hæfte:Hft. 45,,,,,,free
2685,floradanica_2685.tif,Bryum capillare var. fallax Lge. / Ptychomitrium polyphyllum (Dicks.) Fürnr. (Brachysteleum Hornsch.).,1861,Johan Lange,Mosser,Digitale Samlinger: Billeder:Særudgivelser:Flora Danica:Hæfte:Hft. 45,,Bryum capillare L.,,,,free
2686,floradanica_2686.tif,Catoscopium nigritum (Hedw.) Brid.,1861,Johan Lange,Mosser,Digitale Samlinger: Billeder:Særudgivelser:Flora Danica:Hæfte:Hft. 45,,,,,,free
2687,floradanica_2687.tif,Entosthodon ericetorum C. Müll. / Distichium inclinatum Br. et Sch. (Swartzia inclinata Ehrh.).,1861,Johan Lange,Mosser,Digitale Samlinger: Billeder:Særudgivelser:Flora Danica:Hæfte:Hft. 45,,Funaria obtusa (Dicks.) lindb.,,,,free
2688,floradanica_2688.tif,Leptotrichum homomallum Hampe (Ditrichum Lindb.). / Leptotrichum flexicaule Hampe (Ditrichum flexicaule (Schleich.) Lindb.,1861,Johan Lange,Mosser,Digitale Samlinger: Billeder:Særudgivelser:Flora Danica:Hæfte:Hft. 45,,,-,,-,free
2689,floradanica_2689.tif,Haplomitrium Hookeri N. E. (Mniopsis Dmrt.),1861,Johan Lange,Mosser,Digitale Samlinger: Billeder:Særudgivelser:Flora Danica:Hæfte:Hft. 45,,,,,,free
2690,floradanica_2690.tif,Scapania curta (Mart.) N. E. / Scapania curta var. purpurascens N. E.,1861,Johan Lange,Mosser,Digitale Samlinger: Billeder:Særudgivelser:Flora Danica:Hæfte:Hft. 45,,,,,,free
2691,floradanica_2691.tif,Scapania irrigua N. E. / Scapania irrigua var. laxifolia Gottsche.,1861,Johan Lange,Mosser,Digitale Samlinger: Billeder:Særudgivelser:Flora Danica:Hæfte:Hft. 45,,,,,,free
2692,floradanica_2692.tif,Jungermannia bicrenata Lindenb. / Jungermannia exsecta Schmid.,1861,Johan Lange,Mosser,Digitale Samlinger: Billeder:Særudgivelser:Flora Danica:Hæfte:Hft. 45,,,,,,free
2693,floradanica_2693.tif,"Jungermannia saxicola Schrad. / Jungermannia barbata var. Floerkii [beta], lycopoda N. E.",1861,Johan Lange,Mosser,Digitale Samlinger: Billeder:Særudgivelser:Flora Danica:Hæfte:Hft. 45,,,,,,free
2694,floradanica_2694.tif,Blyttia Lyelli (Hook.) Endl.,1861,Johan Lange,Mosser,Digitale Samlinger: Billeder:Særudgivelser:Flora Danica:Hæfte:Hft. 45,,Pallavicina Lyelli (Hook.) Gray.,,,,free
2695,floradanica_2695.tif,Cladonia digitata Fl.D. / Cladonia bellidiflora (Ach.) Schär.,1861,Johan Lange,Laver,Digitale Samlinger: Billeder:Særudgivelser:Flora Danica:Hæfte:Hft. 45,,Claonia deformis (L.) Hffm.,,,,free
2696,floradanica_2696.tif,Cladonia decoriatat Nyl. / Cladonia squamosa Hofm.,1861,Johan Lange,Laver,Digitale Samlinger: Billeder:Særudgivelser:Flora Danica:Hæfte:Hft. 45,,Cladonia coralloidea Th. Fr.,,,,free
2697,floradanica_2697.tif,Dactylina arctica Nyl. (Dufourea Arctica R. Br.),1861,Johan Lange,Alger,Digitale Samlinger: Billeder:Særudgivelser:Flora Danica:Hæfte:Hft. 45,,,,,,free
2698,floradanica_2698.tif,Thamnolia vermicularis (Sw.) Schär. / Verrucaria clopima Wahlenb.,1861,Johan Lange,Laver,Digitale Samlinger: Billeder:Særudgivelser:Flora Danica:Hæfte:Hft. 45,,,,,,free
2699,floradanica_2699.tif,Helminthocladia purpurea (Harv.) J. Ag.,1861,Johan Lange,Alger,Digitale Samlinger: Billeder:Særudgivelser:Flora Danica:Hæfte:Hft. 45,,,,,,free
2700,floradanica_2700.tif,Oedogonium apophysatum A. Br. / Oedogonium regulare Vaup.,1861,Johan Lange,Alger,Digitale Samlinger: Billeder:Særudgivelser:Flora Danica:Hæfte:Hft. 45,,Oedogonium concatenatum (Hass.) Wittr.,,,,free
2701,floradanica_2701.tif,Veronica opaca Fr.,1867,Johan Lange,Karplanter,Digitale Samlinger: Billeder:Særudgivelser:Flora Danica:Hæfte:Hft. 46,Scrophulariaceae,Veronica opaca Fries,Ærenpris,Maskeblomstfamilien,Mat,free
2702,floradanica_2702.tif,"Scirpus maritimus [beta], monostachys Lge.",1867,Johan Lange,Karplanter,Digitale Samlinger: Billeder:Særudgivelser:Flora Danica:Hæfte:Hft. 46,Cyperaceae,Bolboschoenus maritimus (L.) Palla,Kogleaks,Halvgræsfamilien,Strand-,free
2703,floradanica_2703.tif,Scirpus rufus * bifolius (Wallr.) Lge. 180),1867,Johan Lange,Karplanter,Digitale Samlinger: Billeder:Særudgivelser:Flora Danica:Hæfte:Hft. 46,Cyperaceae,Blysmus rufus (Hudson) Link,Kogleaks,Halvgræsfamilien,Rødbrun,free
2704,floradanica_2704.tif,Agropyrum pungens (Pers.) R. et Sch.,1867,Johan Lange,Karplanter,Digitale Samlinger: Billeder:Særudgivelser:Flora Danica:Hæfte:Hft. 46,Poaceae,Elytrigia pungens (Pers.) Tutin.,Kvik,Græsfamilien,Stiv,free
2705,floradanica_2705.tif,Agropyrum strictum (Dethard.) Rchb. 181),1867,Johan Lange,Karplanter,Digitale Samlinger: Billeder:Særudgivelser:Flora Danica:Hæfte:Hft. 46,Poaceae,Elytrigia junceiforme x Leymus arenarius,Strand-Kvik X Marehalm,Græsfamilien,,free
2706,floradanica_2706.tif,Festuca brevifolia R. Br.,1867,Johan Lange,Karplanter,Digitale Samlinger: Billeder:Særudgivelser:Flora Danica:Hæfte:Hft. 46,Poaceae,Festuca brachyphylla Schult. & Schult.,Svingel,Græsfamilien,Almindelig Klippe-,free
2707,floradanica_2707.tif,Plantago borealis Lge.,1867,Johan Lange,Karplanter,Digitale Samlinger: Billeder:Særudgivelser:Flora Danica:Hæfte:Hft. 46,Plantaginaceae,Plantago maritima L.,Vejbred,Vejbredfamilien,Strand-,free
2708,floradanica_2708.tif,Primula variabilis Goup. 182),1867,Johan Lange,Karplanter,Digitale Samlinger: Billeder:Særudgivelser:Flora Danica:Hæfte:Hft. 46,Primulaceae,Primula elatior x vulgaris,Kodriver,Kodriverfamilien,Fladkravet x Storblomstret,free
2709,floradanica_2709.tif,Viola uliginosa Bess.,1867,Johan Lange,Karplanter,Digitale Samlinger: Billeder:Særudgivelser:Flora Danica:Hæfte:Hft. 46,Violaceae,Viola uliginosa Besser,Viol,Violfamilien,Sump-,free
2710,floradanica_2710.tif,"Viola Mühlenbergiana (Ging.)  [beta], minor Hook.",1867,Johan Lange,Karplanter,Digitale Samlinger: Billeder:Særudgivelser:Flora Danica:Hæfte:Hft. 46,Violaceae,Viola labradorica Schrank,Viol,Violfamilien,Labrador-,free
2711,floradanica_2711.tif,Campanula rotundifolia v. arctica Lge.,1867,Johan Lange,Karplanter,Digitale Samlinger: Billeder:Særudgivelser:Flora Danica:Hæfte:Hft. 46,Campanulaceae,Campanula gieseckiana Vest in Roemer & Schultes var. ?,Klokke,Klokkefamilien,Grønlandsk,free
2712,floradanica_2712.tif,Atriplex Babingtonii Woods.,1867,Johan Lange,Karplanter,Digitale Samlinger: Billeder:Særudgivelser:Flora Danica:Hæfte:Hft. 46,Chenopodiaceae,Atriplex glabriuscula Edmonston,Mælde,Salturtfamilien,Tykbladet,free
2713,floradanica_2713.tif,Atriplex Babingtonii var. virescens Lge.,1867,Johan Lange,Karplanter,Digitale Samlinger: Billeder:Særudgivelser:Flora Danica:Hæfte:Hft. 46,Chenopodiaceae,Atriplex glabriuscula Edmonston,Mælde,Salturtfamilien,Tykbladet,free
2714,floradanica_2714.tif,Atriplex longipes Drej. 183),1867,Johan Lange,Karplanter,Digitale Samlinger: Billeder:Særudgivelser:Flora Danica:Hæfte:Hft. 46,Chenopodiaceae,Atriplex longipes Drejer,Mælde,Salturtfamilien,Stilk-,free
2715,floradanica_2715.tif,Drosera longifolia var. obovata Koch.,1867,Johan Lange,Karplanter,Digitale Samlinger: Billeder:Særudgivelser:Flora Danica:Hæfte:Hft. 46,Droceraceae,Drosera anglica Hudson,Soldug,Soldugfamilien,Langbladet,free
2716,floradanica_2716.tif,Allium Kochii Lge.,1867,Johan Lange,Karplanter,Digitale Samlinger: Billeder:Særudgivelser:Flora Danica:Hæfte:Hft. 46,Liliaceae,Allium vineale L. var. purpureum H. P. G. Koch,Løg,Liljefamilien,Purpur Sand-,free
2717,floradanica_2717.tif,Sorbus americana Pursh.,1867,Johan Lange,Karplanter,Digitale Samlinger: Billeder:Særudgivelser:Flora Danica:Hæfte:Hft. 46,Rosaeae,Sorbus groenlandica (Schneid.) Löve & Löve,Røn,Rosenfamilien,Grønlandsk,free
2718,floradanica_2718.tif,Rosa dumetorum Lge.,1867,Johan Lange,Karplanter,Digitale Samlinger: Billeder:Særudgivelser:Flora Danica:Hæfte:Hft. 46,Rosaceae,Rosa sp.,Rose,Rosenfamilien,,free
2719,floradanica_2719.tif,Rosa tomentosa Sm.,1867,Johan Lange,Karplanter,Digitale Samlinger: Billeder:Særudgivelser:Flora Danica:Hæfte:Hft. 46,Rosaceae,Rosa tomentosa Sm.,Rose,Rosenfamilien,Langstilket Filt-,free
2720,floradanica_2720.tif,Rubus arrhenii Lge. 185),1867,Johan Lange,Karplanter,Digitale Samlinger: Billeder:Særudgivelser:Flora Danica:Hæfte:Hft. 46,Rosaceae,Rubus sp.,Brombær,Rosenfamilien,,free
2721,floradanica_2721.tif,Rubus vestitus Whe. et N. E.,1867,Johan Lange,Karplanter,Digitale Samlinger: Billeder:Særudgivelser:Flora Danica:Hæfte:Hft. 46,Rosaceae,Rubus sp.,Brombær,Rosenfamilien,,free
2722,floradanica_2722.tif,Tilia grandifolia Ehrh.,1867,Johan Lange,Karplanter,Digitale Samlinger: Billeder:Særudgivelser:Flora Danica:Hæfte:Hft. 46,Tiliaceae,Tilia platyphyllos L.,Lind,Lindefamilien,Storbladet,free
2723,floradanica_2723.tif,Anemone ranunculoidi × nemorosa Kze.,1867,Johan Lange,Karplanter,Digitale Samlinger: Billeder:Særudgivelser:Flora Danica:Hæfte:Hft. 46,Ranunculaceae,Anemone nemorosa x ranunculoides,Anemone,Ranunkelfamilien,Svovlgul,free
2724,floradanica_2724.tif,Euphrasia gracilis Fr.,1867,Johan Lange,Karplanter,Digitale Samlinger: Billeder:Særudgivelser:Flora Danica:Hæfte:Hft. 46,Scrophulariaceae,Euphrasia micrantha Reichenb.,Øjentrøst,Maskeblomstfamilien,Lyng-,free
2725,floradanica_2725.tif,Orobanche Cirsii Fr.,1867,Johan Lange,Karplanter,Digitale Samlinger: Billeder:Særudgivelser:Flora Danica:Hæfte:Hft. 46,Orobanchaceae,Orobanche reticulata Wallr.,Gyvelkvæler,Gyvelkvælerfamilien,Tidsel-,free
2726,floradanica_2726.tif,Camelia silvestris Wallr.,1867,Johan Lange,Karplanter,Digitale Samlinger: Billeder:Særudgivelser:Flora Danica:Hæfte:Hft. 46,Brassicaceae,Camelina microcarpa Andrz.,Dodder,Korsblomstfamilien,Småskulpet,free
2727,floradanica_2727.tif,Barbarea stricta Fr.,1867,Johan Lange,Karplanter,Digitale Samlinger: Billeder:Særudgivelser:Flora Danica:Hæfte:Hft. 46,Brassicaceae,Barbarea stricta Andrz.,Vinterkarse,Korsblomstfamilien,Rank,free
2728,floradanica_2728.tif,Anthyllis vulneraria v. maritima Koch.,1867,Johan Lange,Karplanter,Digitale Samlinger: Billeder:Særudgivelser:Flora Danica:Hæfte:Hft. 46,Fabaceae,Anthyllis vulneraria L. ssp. maritima (Schweigger) Corb.,Rundbælg,Ærteblomstfamilien,Strand-,free
2729,floradanica_2729.tif,Anthyllis vulneraria var. rubriflora DC.,1867,Johan Lange,Karplanter,Digitale Samlinger: Billeder:Særudgivelser:Flora Danica:Hæfte:Hft. 46,Fabaceae,Anthyllis vulneraria L. s.l.,Rundbælg,Ærteblomstfamilien,,free
2730,floradanica_2730.tif,Hieracium cymosum L.,1867,Johan Lange,Karplanter,Digitale Samlinger: Billeder:Særudgivelser:Flora Danica:Hæfte:Hft. 46,Asteraceae,Hieracium Stiptolepidea (gruppe),Høgeurt,Kurvblomstfamilien,Kvast-,free
2731,floradanica_2731.tif,Hieracium atratum Fr. 186),1867,Johan Lange,Karplanter,Digitale Samlinger: Billeder:Særudgivelser:Flora Danica:Hæfte:Hft. 46,Asteraceae,Hieracium sp.,Høgeurt,Kurvblomstfamilien,,free
2732,floradanica_2732.tif,Hieracium anfractum Fr.,1867,Johan Lange,Karplanter,Digitale Samlinger: Billeder:Særudgivelser:Flora Danica:Hæfte:Hft. 46,Asteraceae,Hieracium vulgatum Fries,Høgeurt,Kurvblomstfamilien,Almindelig,free
2733,floradanica_2733.tif,"Hieracium boreale [alfa], latifolium Fr.",1867,Johan Lange,Karplanter,Digitale Samlinger: Billeder:Særudgivelser:Flora Danica:Hæfte:Hft. 46,Asteraceae,Hieracium sp.,Høgeurt,Kurvblomstfamilien,,free
2734,floradanica_2734.tif,"Hieracium boreale [beta], angustifolium Fr.",1867,Johan Lange,Karplanter,Digitale Samlinger: Billeder:Særudgivelser:Flora Danica:Hæfte:Hft. 46,Asteraceae,Hieracium sp.,Høgeurt,Kurvblomstfamilien,,free
2735,floradanica_2735.tif,"Hieracium umbellatum [beta], filifolium Fr.",1867,Johan Lange,Karplanter,Digitale Samlinger: Billeder:Særudgivelser:Flora Danica:Hæfte:Hft. 46,Asteraceae,Hieracium umbellatum L.,Høgeurt,Kurvblomstfamilien,Smalbladet,free
2736,floradanica_2736.tif,Centaurea decipiens Thuill.,1867,Johan Lange,Karplanter,Digitale Samlinger: Billeder:Særudgivelser:Flora Danica:Hæfte:Hft. 46,Asteraceae,Centaurea decipiens  Thuill.,Knopurt,Kurvblomstfamilien,Hybrid-,free
2737,floradanica_2737.tif,Orchis sambucina L. f. incarnata.,1867,Johan Lange,Karplanter,Digitale Samlinger: Billeder:Særudgivelser:Flora Danica:Hæfte:Hft. 46,Orchidaceae,Dactylorhiza sambucina (L.) Soó,Gøgeurt,Gøgeurtfamilien,Hylde-,free
2738,floradanica_2738.tif,Alnus ovata (Schrank) v. repens (Wormskj.),1867,Johan Lange,Karplanter,Digitale Samlinger: Billeder:Særudgivelser:Flora Danica:Hæfte:Hft. 46,Betulaceae,Alnus crispa (Ait.) Pursh,El,Birkefamilien,Bjerg-,free
2739,floradanica_2739.tif,Juniperus alpina Clus. (Juniperus nana Willd.).,1867,Johan Lange,Karplanter,Digitale Samlinger: Billeder:Særudgivelser:Flora Danica:Hæfte:Hft. 46,Cupressaceae,Juniperus communis L.  ssp. alpina (Neilr.) Celak.,Ene,Cypresfamilien,Fjeld-,free
2740,floradanica_2740.tif,Lastraea Filix mas (L.) Presl.,1867,Johan Lange,Karplanter,Digitale Samlinger: Billeder:Særudgivelser:Flora Danica:Hæfte:Hft. 46,Dryopteridaceae,Dryopteris filix-mas (L.) Schott,Mangeløv,Mangeløvfamilien,Almindelig,free
2741,floradanica_2741.tif,Lastraea Filix var. erosa Doell.,1867,Johan Lange,Karplanter,Digitale Samlinger: Billeder:Særudgivelser:Flora Danica:Hæfte:Hft. 46,Dryopteridaceae,Dryopteris filix-mas (L.) Schott,Mangeløv,Mangeløvfamilien,Almindelig,free
2742,floradanica_2742.tif,Isoëtes lacustris L. (D. R.). / Isoëtes lacustris L. var.falcata Lge.,1867,Johan Lange,Karplanter,Digitale Samlinger: Billeder:Særudgivelser:Flora Danica:Hæfte:Hft. 46,Isoëtaceae,Isoetes lacustris L.,Brasenføde,Brasenfødefamilien,Sortgrøn,free
2743,floradanica_2743.tif,Isoëtes echinospora D. R.,1867,Johan Lange,Karplanter,Digitale Samlinger: Billeder:Særudgivelser:Flora Danica:Hæfte:Hft. 46,Isoëtaceae,Isoetes echinospora Durieu,Brasenføde,Brasenfødefamilien,Gulgrøn,free
2744,floradanica_2744.tif,Nitella intricata (Trentep.) A. Br.,1867,Johan Lange,Alger,Digitale Samlinger: Billeder:Særudgivelser:Flora Danica:Hæfte:Hft. 46,,,,,,free
2745,floradanica_2745.tif,Chara alopecuroides Del. var. Wallrothii A. Br.,1867,Johan Lange,Alger,Digitale Samlinger: Billeder:Særudgivelser:Flora Danica:Hæfte:Hft. 46,,,,,,free
2746,floradanica_2746.tif,Chara polyachanta A. Br.,1867,Johan Lange,Alger,Digitale Samlinger: Billeder:Særudgivelser:Flora Danica:Hæfte:Hft. 46,,,,,,free
2747,floradanica_2747.tif,Chara crinita Wallr.,1867,Johan Lange,Alger,Digitale Samlinger: Billeder:Særudgivelser:Flora Danica:Hæfte:Hft. 46,,,,,,free
2748,floradanica_2748.tif,Hypnum sarmentosum var. fuscescens J. Vahl. / Hypnum sarmentosum Wahlenb.,1867,Johan Lange,Mosser,Digitale Samlinger: Billeder:Særudgivelser:Flora Danica:Hæfte:Hft. 46,,,,,,free
2749,floradanica_2749.tif,Hypnum hamulosum Lge.,1867,Johan Lange,Mosser,Digitale Samlinger: Billeder:Særudgivelser:Flora Danica:Hæfte:Hft. 46,,Drepanium callichroum (Brid.).,,,,free
2750,floradanica_2750.tif,Isothecium myosuroides (L.) Brid.,1867,Johan Lange,Mosser,Digitale Samlinger: Billeder:Særudgivelser:Flora Danica:Hæfte:Hft. 46,,,,,,free
2751,floradanica_2751.tif,Fontinalis dalecarlica Br. et Sch. / Fontinalis dalecarlica var. curvata Lindb.,1867,Johan Lange,Mosser,Digitale Samlinger: Billeder:Særudgivelser:Flora Danica:Hæfte:Hft. 46,,,,,,free
2752,floradanica_2752.tif,Buxbaumia aphylla Hall. / Buxbaumia indusiata Brid.,1867,Johan Lange,Mosser,Digitale Samlinger: Billeder:Særudgivelser:Flora Danica:Hæfte:Hft. 46,,Buxbaumia viridia (Moug.) Lindb. 188),,,,free
2753,floradanica_2753.tif,Sphagnum rubellum Wils.,1867,Johan Lange,Mosser,Digitale Samlinger: Billeder:Særudgivelser:Flora Danica:Hæfte:Hft. 46,,,,,,free
2754,floradanica_2754.tif,Sphagnum subsecundum N. E: et Hsch. / Sphagnum sedoides Brid. (sterile).,1867,Johan Lange,Mosser,Digitale Samlinger: Billeder:Særudgivelser:Flora Danica:Hæfte:Hft. 46,,,,,,free
2755,floradanica_2755.tif,Sphagnum tenellum Pers. (Spaghnum molluscum Br. et Sch.).,1867,Johan Lange,Mosser,Digitale Samlinger: Billeder:Særudgivelser:Flora Danica:Hæfte:Hft. 46,,,,,,free
2756,floradanica_2756.tif,Moerchia hibernica (Hook.) var. Wilsoniana Gottsche / Scapania nemorosa N. E. / Scapania nemorosa var. purpurea (Sm.).,1867,Johan Lange,Mosser,Digitale Samlinger: Billeder:Særudgivelser:Flora Danica:Hæfte:Hft. 46,,"Pallavichinia hibernica [beta], Flotowii (N. E.) Lindb.",,,,free
2757,floradanica_2757.tif,Jungermannia Schraderi Mart. / Jungermannia alpestris Schleich.,1867,Johan Lange,Mosser,Digitale Samlinger: Billeder:Særudgivelser:Flora Danica:Hæfte:Hft. 46,,,,,,free
2758,floradanica_2758.tif,Jungermannia islandica N. E.,1867,Johan Lange,Mosser,Digitale Samlinger: Billeder:Særudgivelser:Flora Danica:Hæfte:Hft. 46,,Trigonanthus islandicus (N. E.) Ångstr.,,,,free
2759,floradanica_2759.tif,Jungermannia Francisci Hook. / Jungermannia setacea Web.,1867,Johan Lange,Mosser,Digitale Samlinger: Billeder:Særudgivelser:Flora Danica:Hæfte:Hft. 46,,Trigonanthus Francisci (Hook.) Spruc.,,,,free
2760,floradanica_2760.tif,Madotheca laevigata (Schrad.) Dmrt.,1867,Johan Lange,Mosser,Digitale Samlinger: Billeder:Særudgivelser:Flora Danica:Hæfte:Hft. 46,,,,,,free
2761,floradanica_2761.tif,Festuca elongata Ehrh. (Festuca loliacea Curt.),1869,Johan Lange,Karplanter,Digitale Samlinger: Billeder:Særudgivelser:Flora Danica:Hæfte:Hft. 47,Poaceae,XFestulolium loliaceum  (Hudson) P. Fourn.,Hybridgræs,Græsfamilien,,free
2762,floradanica_2762.tif,"Brachypodium gracile P. B. [beta], majus Lge.",1869,Johan Lange,Karplanter,Digitale Samlinger: Billeder:Særudgivelser:Flora Danica:Hæfte:Hft. 47,Poaceae,Brachypodium sylvaticum (Hudson) Beauv.,Stilkaks,Græsfamilien,Skov-,free
2763,floradanica_2763.tif,"Dactylis glomerata [beta], lobata Drej.",1869,Johan Lange,Karplanter,Digitale Samlinger: Billeder:Særudgivelser:Flora Danica:Hæfte:Hft. 47,Poaceae,Dactylis glomerata L. ssp. lobata Drejer,Hundegræs,Græsfamilien,Skov-,free
2764,floradanica_2764.tif,Galium palustre L.,1869,Johan Lange,Karplanter,Digitale Samlinger: Billeder:Særudgivelser:Flora Danica:Hæfte:Hft. 47,Rubiaceae,Galium palustre L.  ssp. palustre,Snerre,Krapfamilien,Kær-,free
2765,floradanica_2765.tif,Galium palusttre L. * elongatum (Presl.).,1869,Johan Lange,Karplanter,Digitale Samlinger: Billeder:Særudgivelser:Flora Danica:Hæfte:Hft. 47,Rubiaceae,Galium palustre L. ssp. elongatum (C. Presl.) Lange,Snerre,Krapfamilien,Vand-,free
2766,floradanica_2766.tif,Myosotis arvensis Roth.,1869,Johan Lange,Karplanter,Digitale Samlinger: Billeder:Særudgivelser:Flora Danica:Hæfte:Hft. 47,Boraginaceae,Myosotis arvensis (L.) Hill,Forglemmigej,Rubladfamilien,Mark-,free
2767,floradanica_2767.tif,Primula Thomasinii Gren. et Godr.,1869,Johan Lange,Karplanter,Digitale Samlinger: Billeder:Særudgivelser:Flora Danica:Hæfte:Hft. 47,Primulaceae,Primula elatior x veris,Kodriver,Kodriverfamilien,Fladkravet x Hulkravet,free
2768,floradanica_2768.tif,Chenopodium ficifolium Sm.,1869,Johan Lange,Karplanter,Digitale Samlinger: Billeder:Særudgivelser:Flora Danica:Hæfte:Hft. 47,Chenopodiaceae,Chenopodium ficifolium Sm.,Gåsefod,Salturtfamilien,Figenbladet,free
2769,floradanica_2769.tif,Armeria sibirica Turcz.,1869,Johan Lange,Karplanter,Digitale Samlinger: Billeder:Særudgivelser:Flora Danica:Hæfte:Hft. 47,Plumbaginaceae,Armeria maritima (Miller) Willd. ssp. sibirica (Turcz. ex Boiss.) Nyman,Engelskgræs,Hindebægerfamilien,Fjeld-,free
2770,floradanica_2770.tif,Juncus balticus Willd.,1869,Johan Lange,Karplanter,Digitale Samlinger: Billeder:Særudgivelser:Flora Danica:Hæfte:Hft. 47,Juncaceae,Juncus balticus Willd.,Siv,Sivfamilien,Klit-,free
2771,floradanica_2771.tif,"Juncus atricapillus Drej. [beta], sparsiflorus Lge. / Juncus atricapillus Drej. [alfa], congestus Lge.",1869,Johan Lange,Karplanter,Digitale Samlinger: Billeder:Særudgivelser:Flora Danica:Hæfte:Hft. 47,Juncaceae,Juncus anceps Laharpe,Siv,Sivfamilien,Sand-,free
2772,floradanica_2772.tif,Polygonum Raji Bab.,1869,Johan Lange,Karplanter,Digitale Samlinger: Billeder:Særudgivelser:Flora Danica:Hæfte:Hft. 47,Polygonaceae,Polygonum raii Bab.,Pileurt,Skedeknæfamilien,Sand-,free
2773,floradanica_2773.tif,Elatine hexandra DC.,1869,Johan Lange,Karplanter,Digitale Samlinger: Billeder:Særudgivelser:Flora Danica:Hæfte:Hft. 47,Elatinaceae,Elatine hexandra (Lapierre) DC.,Bækarve,Bækarvefamilien,Sekshannet,free
2774,floradanica_2774.tif,Spergula maxima Whe.,1869,Johan Lange,Karplanter,Digitale Samlinger: Billeder:Særudgivelser:Flora Danica:Hæfte:Hft. 47,Caryophyllaceae,Spergula arvensis L. ssp. maxima (Weihe) O. Schwarz,Spergel,Nellikefamilien,Stor,free
2775,floradanica_2775.tif,Sorbus scandica Fr.,1869,Johan Lange,Karplanter,Digitale Samlinger: Billeder:Særudgivelser:Flora Danica:Hæfte:Hft. 47,Rosaceae,Sorbus intermedia (Ehrh.) Pers.,Røn,Rosenfamilien,Selje-,free
2776,floradanica_2776.tif,Batrachium marinum Fr.,1869,Johan Lange,Karplanter,Digitale Samlinger: Billeder:Særudgivelser:Flora Danica:Hæfte:Hft. 47,Ranunculaceae,Ranunculus baudotii Godron,Vandranunkel,Ranunkelfamilien,Strand-,free
2777,floradanica_2777.tif,Batrachium confervoides Fr.,1869,Johan Lange,Karplanter,Digitale Samlinger: Billeder:Særudgivelser:Flora Danica:Hæfte:Hft. 47,Ranunculaceae,Ranunculus confervoides Fries,Vandranunkel,Ranunkelfamilien,Dværg-,free
2778,floradanica_2778.tif,Armoracia rusticana Fl. Wett.,1869,Johan Lange,Karplanter,Digitale Samlinger: Billeder:Særudgivelser:Flora Danica:Hæfte:Hft. 47,Brassicaceae,"Armoracia rusticana P. Gaertner, B. Meyer & Scherb.",Peberrod,Korsblomstfamilien,,free
2779,floradanica_2779.tif,Brassica campestris L.,1869,Johan Lange,Karplanter,Digitale Samlinger: Billeder:Særudgivelser:Flora Danica:Hæfte:Hft. 47,Brassicaceae,Brassica rapa L. ssp. sylvestris (L.) Janchen,Kål,Korsblomstfamilien,Ager-,free
2780,floradanica_2780.tif,Ononis campestris Koch et Ziz.,1869,Johan Lange,Karplanter,Digitale Samlinger: Billeder:Særudgivelser:Flora Danica:Hæfte:Hft. 47,Fabaceae,Ononis campestris,Krageklo,Ærteblomstfamilien,Strand-,free
2781,floradanica_2781.tif,Melilotus arvensis Wallr.,1869,Johan Lange,Karplanter,Digitale Samlinger: Billeder:Særudgivelser:Flora Danica:Hæfte:Hft. 47,Fabaceae,Melilotus officinalis (L.) Pallas,Stenkløver,Ærteblomstfamilien,Mark-,free
2782,floradanica_2782.tif,Trifolium pratense L. var. parviflora Bab.,1869,Johan Lange,Karplanter,Digitale Samlinger: Billeder:Særudgivelser:Flora Danica:Hæfte:Hft. 47,Fabaceae,Trifolium pratense L.,Rødkløver,Ærteblomstfamilien,,free
2783,floradanica_2783.tif,Trifolium alpestre L.,1869,Johan Lange,Karplanter,Digitale Samlinger: Billeder:Særudgivelser:Flora Danica:Hæfte:Hft. 47,Fabaceae,Trifolium alpestre L.,Kløver,Ærteblomstfamilien,Skov-,free
2784,floradanica_2784.tif,Trifolium filiforme L.,1869,Johan Lange,Karplanter,Digitale Samlinger: Billeder:Særudgivelser:Flora Danica:Hæfte:Hft. 47,Fabaceae,Trifolium micranthum Viv.,Kløver,Ærteblomstfamilien,Spæd,free
2785,floradanica_2785.tif,Sonchus arvensis L. / Sonchus arvensis var. laevipes Koch.,1869,Johan Lange,Karplanter,Digitale Samlinger: Billeder:Særudgivelser:Flora Danica:Hæfte:Hft. 47,Asteraceae,Sonchus arvensis L.,Svinemælk,Kurvblomstfamilien,Almindelig Ager-,free
2786,floradanica_2786.tif,Antennaria alpina (L.) Gärtn. / Antennaria alpina var. glabrata J. Vahl.,1869,Johan Lange,Karplanter,Digitale Samlinger: Billeder:Særudgivelser:Flora Danica:Hæfte:Hft. 47,Asteraceae,Antennaria alpina (L.) Gaertn. var. alpina,Kattefod,Kurvblomstfamilien,Bjerg-,free
2787,floradanica_2787.tif,Filago germanica L. (Filago canescens Jord.).,1869,Johan Lange,Karplanter,Digitale Samlinger: Billeder:Særudgivelser:Flora Danica:Hæfte:Hft. 47,Asteraceae,Filago vulgaris Lam.,Museurt,Kurvblomstfamilien,Kugle-,free
2788,floradanica_2788.tif,Bidens platycephala Ørst. 190),1869,Johan Lange,Karplanter,Digitale Samlinger: Billeder:Særudgivelser:Flora Danica:Hæfte:Hft. 47,Asteraceae,Bidens radiata Thuill.,Brøndsel,Kurvblomstfamilien,Fladhoved-,free
2789,floradanica_2789.tif,Bidens tripartita L. / Bidens cernua L.,1869,Johan Lange,Karplanter,Digitale Samlinger: Billeder:Særudgivelser:Flora Danica:Hæfte:Hft. 47,Scrophulariaceae,Bidens tripartita L.,Brøndsel,Maskeblomstfamilien,Fliget,free
2790,floradanica_2790.tif,Pinus silvestris L.,1869,Johan Lange,Karplanter,Digitale Samlinger: Billeder:Særudgivelser:Flora Danica:Hæfte:Hft. 47,Pinaceae,Pinus sylvestris L.,Fyr,Granfamilien,Skov-,free
2791,floradanica_2791.tif,Zannichellia macrostemon Gay.,1869,Johan Lange,Karplanter,Digitale Samlinger: Billeder:Særudgivelser:Flora Danica:Hæfte:Hft. 47,Zannichelliaceae,Zannichellia palustris L. ssp. repens (Boenningh.) Koch,Vandkrans,Vandkransfamilien,Krybende,free
2792,floradanica_2792.tif,Sparganium hyperboreum Laest.,1869,Johan Lange,Karplanter,Digitale Samlinger: Billeder:Særudgivelser:Flora Danica:Hæfte:Hft. 47,Sparganiaceae,Sparganium hyperboreum Laest. ex Beurl.,Pindsvineknop,Pindsvineknopfamilien,Fjeld-,free
2793,floradanica_2793.tif,Carex paniculata L. var. pallida Lge. 192),1869,Johan Lange,Karplanter,Digitale Samlinger: Billeder:Særudgivelser:Flora Danica:Hæfte:Hft. 47,Cyperaceae,Carex paniculata L.,Star,Halvgræsfamilien,Top-,free
2794,floradanica_2794.tif,Carex Oederi Ehr. var. oedocarpa And.,1869,Johan Lange,Karplanter,Digitale Samlinger: Billeder:Særudgivelser:Flora Danica:Hæfte:Hft. 47,Cyperaceae,Carex demissa Hornem.,Star,Halvgræsfamilien,Grøn,free
2795,floradanica_2795.tif,Scolopendrium officinarum Sw.,1869,Johan Lange,Karplanter,Digitale Samlinger: Billeder:Særudgivelser:Flora Danica:Hæfte:Hft. 47,Aspleniaceae,Asplenium scolopendrium L.,Hjortetunge,Radeløvfamilien,,free
2796,floradanica_2796.tif,Chara fragilis Desv. var. pulchella. / Chara fragilis var. Hedwigii.,1869,Johan Lange,Alger,Digitale Samlinger: Billeder:Særudgivelser:Flora Danica:Hæfte:Hft. 47,,,,,,free
2797,floradanica_2797.tif,Chara fragilis var tenuifolia A. Br. / Chara fragilis var. capillacea Wallm.,1869,Johan Lange,Alger,Digitale Samlinger: Billeder:Særudgivelser:Flora Danica:Hæfte:Hft. 47,,,,,,free
2798,floradanica_2798.tif,Chara fragilis var. bulbifera A. Br. / Chara fragilis var. annulata Wallm.,1869,Johan Lange,Alger,Digitale Samlinger: Billeder:Særudgivelser:Flora Danica:Hæfte:Hft. 47,,,,,,free
2799,floradanica_2799.tif,Nitela flexilis var. subcapitata A. Br.,1869,Johan Lange,Alger,Digitale Samlinger: Billeder:Særudgivelser:Flora Danica:Hæfte:Hft. 47,,,,,,free
2800,floradanica_2800.tif,Nitella (Tolypella) glomerata (Desv.) Kütz.,1869,Johan Lange,Alger,Digitale Samlinger: Billeder:Særudgivelser:Flora Danica:Hæfte:Hft. 47,,,,,,free
2801,floradanica_2801.tif,Hypnum giganteum Schimp.,1869,Johan Lange,Mosser,Digitale Samlinger: Billeder:Særudgivelser:Flora Danica:Hæfte:Hft. 47,,,,,,free
2802,floradanica_2802.tif,Hypnum Lindbergii Mitt.,1869,Johan Lange,Mosser,Digitale Samlinger: Billeder:Særudgivelser:Flora Danica:Hæfte:Hft. 47,,Drepanum viride (Lindb.). 193),,,,free
2803,floradanica_2803.tif,Hypnum rugosum Ehrh. / Hypnum rugosum Ehrh. var. boreale Lge.,1869,Johan Lange,Mosser,Digitale Samlinger: Billeder:Særudgivelser:Flora Danica:Hæfte:Hft. 47,,Hylocomium rugosum (Ehrh.) de Ntrs.,-,,-,free
2804,floradanica_2804.tif,Brachythecium rutabulum (L.) Br. et Sch.,1869,Johan Lange,Mosser,Digitale Samlinger: Billeder:Særudgivelser:Flora Danica:Hæfte:Hft. 47,,,,,,free
2805,floradanica_2805.tif,Brachythecium salebrosum (Hffm.) Schimp.,1869,Johan Lange,Mosser,Digitale Samlinger: Billeder:Særudgivelser:Flora Danica:Hæfte:Hft. 47,,,,,,free
2806,floradanica_2806.tif,Brachythecium glareosum Br. et Sch. / Brachythecium plumosum Schimp.,1869,Johan Lange,Mosser,Digitale Samlinger: Billeder:Særudgivelser:Flora Danica:Hæfte:Hft. 47,,,,,,free
2807,floradanica_2807.tif,Fontinalis hypnoides Hartm.,1869,Johan Lange,Mosser,Digitale Samlinger: Billeder:Særudgivelser:Flora Danica:Hæfte:Hft. 47,,,,,,free
2808,floradanica_2808.tif,Mnium serratum Brid.,1869,Johan Lange,Mosser,Digitale Samlinger: Billeder:Særudgivelser:Flora Danica:Hæfte:Hft. 47,,Mnium marginatum P. B.,,,,free
2809,floradanica_2809.tif,Barbula laevipila Brid. / Barbula danica M. T. Lge.,1869,Johan Lange,Mosser,Digitale Samlinger: Billeder:Særudgivelser:Flora Danica:Hæfte:Hft. 47,,Tortula laevipila Schwägr.,,,,free
2810,floradanica_2810.tif,Dicranella Schreberi (Hedw.) Schimp.,1869,Johan Lange,Mosser,Digitale Samlinger: Billeder:Særudgivelser:Flora Danica:Hæfte:Hft. 47,,Dicranella crispa (Schreb.) Lindb. 162),,,,free
2811,floradanica_2811.tif,Alicularia scalaris Cord. (Nardia Lindb.). / Lejeunia calcarea Lib.,1869,Johan Lange,Mosser,Digitale Samlinger: Billeder:Særudgivelser:Flora Danica:Hæfte:Hft. 47,,Lejeunia echinata (Hook.) Tayl. 194),,,,free
2812,floradanica_2812.tif,Sarcoscyphus Funckii (W. et M.) N. E. (Nardia Carringt.). / Sarcoscyphus sphacelatus N. E. (Nardia Carringt.).,1869,Johan Lange,Mosser,Digitale Samlinger: Billeder:Særudgivelser:Flora Danica:Hæfte:Hft. 47,,,,,,free
2813,floradanica_2813.tif,Jungermannia riparia Tayl. / Jungermannia tricophylla L.,1869,Johan Lange,Mosser,Digitale Samlinger: Billeder:Særudgivelser:Flora Danica:Hæfte:Hft. 47,,Blepharostoma trichophyllum (L.) Dmrt.,,,,free
2814,floradanica_2814.tif,Jungermannia barbata var. attenuata N. E. / Jungermannia barbata var. quinquedentata N. E.,1869,Johan Lange,Mosser,Digitale Samlinger: Billeder:Særudgivelser:Flora Danica:Hæfte:Hft. 47,,Jungermannia attenuata (Mart.) Lindenb.,,,,free
2815,floradanica_2815.tif,Madotheca rivularis N. E. / Aneura palmata var. major N. E.,1869,Johan Lange,Mosser,Digitale Samlinger: Billeder:Særudgivelser:Flora Danica:Hæfte:Hft. 47,,,,,,free
2816,floradanica_2816.tif,Cetraria islandica (L.) var. Delisei Schär. / Cetraria islandica (L.) var. platyna (Ach.).,1869,Johan Lange,Laver,Digitale Samlinger: Billeder:Særudgivelser:Flora Danica:Hæfte:Hft. 47,,Cetraria hiascens Th. Fr.,,,,free
2817,floradanica_2817.tif,Cladonia cariosas (Ach.) Flk. / Cladonia delicata (Ehrh.) Flk.,1869,Johan Lange,Laver,Digitale Samlinger: Billeder:Særudgivelser:Flora Danica:Hæfte:Hft. 47,,,,,,free
2818,floradanica_2818.tif,Cladonia papillaris (Ehrh.) Hffm. / Cladonia verticillata (Hffm.) Flk.,1869,Johan Lange,Laver,Digitale Samlinger: Billeder:Særudgivelser:Flora Danica:Hæfte:Hft. 47,,,,,,free
2819,floradanica_2819.tif,Stereocaulon denudatum Flk. / Stereocaulon condensatum Hffm.,1869,Johan Lange,Laver,Digitale Samlinger: Billeder:Særudgivelser:Flora Danica:Hæfte:Hft. 47,,,,,,free
2820,floradanica_2820.tif,Rhexophiale coronata Th. Fr. / Bactrospora dryina (Ach.) Mass.,1869,Johan Lange,Laver,Digitale Samlinger: Billeder:Særudgivelser:Flora Danica:Hæfte:Hft. 47,,,,,,free
2821,floradanica_2821.tif,Montia minor Gmel.,1871,Johan Lange,Karplanter,Digitale Samlinger: Billeder:Særudgivelser:Flora Danica:Hæfte:Hft. 48,Portulacaceae,Montia fontana L. ssp. chondrosperma (Fenzl) Walters,Vandarve,Portulakfamilien,Liden,free
2822,floradanica_2822.tif,Calamagrostis Langsdorffii Trin. 207),1871,Johan Lange,Karplanter,Digitale Samlinger: Billeder:Særudgivelser:Flora Danica:Hæfte:Hft. 48,Poaceae,Calamagrostis purpurea (Trin.) Trin.  ssp. langsdorfii (Link.)  Tzvelev,Rørhvene,Græsfamilien,Krat-,free
2823,floradanica_2823.tif,Glyceria maritima (Gort.) Wahllb. / Glyceria maritima var. anomala Lge.,1871,Johan Lange,Karplanter,Digitale Samlinger: Billeder:Særudgivelser:Flora Danica:Hæfte:Hft. 48,Poaceae,Puccinellia maritima (Hudson) Parl.,Annelgræs,Græsfamilien,Strand-,free
2824,floradanica_2824.tif,Fluminia arundinacea (Liljebl.) Fr.,1871,Johan Lange,Karplanter,Digitale Samlinger: Billeder:Særudgivelser:Flora Danica:Hæfte:Hft. 48,,,,,,free
2825,floradanica_2825.tif,Briza media L. var. pallescens Doell.,1871,Johan Lange,Karplanter,Digitale Samlinger: Billeder:Særudgivelser:Flora Danica:Hæfte:Hft. 48,Poaceae,Briza media L.,Hjertegræs,Græsfamilien,,free
2826,floradanica_2826.tif,Schedonorus Benekeni Lge. (Bromus asper Benek.). 85),1871,Johan Lange,Karplanter,Digitale Samlinger: Billeder:Særudgivelser:Flora Danica:Hæfte:Hft. 48,Poaceae,Bromus benekeni (Lange) Trimen,Hejre,Græsfamilien,Tidlig Skov-,free
2827,floradanica_2827.tif,Planr´tago (major*) intermedia Gilib.,1871,Johan Lange,Karplanter,Digitale Samlinger: Billeder:Særudgivelser:Flora Danica:Hæfte:Hft. 48,Plantaginaceae,Plantago major L.  ssp. intermedia (DC.) Arcangeli,Vejbred,Vejbredfamilien,Ager-,free
2828,floradanica_2828.tif,Myosotis repens Don.,1871,Johan Lange,Karplanter,Digitale Samlinger: Billeder:Særudgivelser:Flora Danica:Hæfte:Hft. 48,Boraginaceae,Myosotis secunda A. Murray,Forglemmigej,Rubladfamilien,Engelsk,free
2829,floradanica_2829.tif,Ulmus suberosa Ehrh.,1871,Johan Lange,Karplanter,Digitale Samlinger: Billeder:Særudgivelser:Flora Danica:Hæfte:Hft. 48,Ulmaceae,Ulmus minor Miller var. suberosa (Ehrh.),Elm,Elmefamilien,Kork-,free
2830,floradanica_2830.tif,Ulmus effusa Willd. (Ulmus pedunculata Foug.).,1871,Johan Lange,Karplanter,Digitale Samlinger: Billeder:Særudgivelser:Flora Danica:Hæfte:Hft. 48,Ulmaceae,Ulmus laevis Pallas,Elm,Elmefamilien,Skærm-,free
2831,floradanica_2831.tif,Juncus diffusus Hopp. 195),1871,Johan Lange,Karplanter,Digitale Samlinger: Billeder:Særudgivelser:Flora Danica:Hæfte:Hft. 48,Juncaceae,Juncus effusus L.   x  inflexus L.,Siv,Sivfamilien,Blågrå x Lyse-,free
2832,floradanica_2832.tif,Rubus macrothyrsus Lge. 196),1871,Johan Lange,Karplanter,Digitale Samlinger: Billeder:Særudgivelser:Flora Danica:Hæfte:Hft. 48,Rosaceae,Rubus sp.,Brombær,Rosenfamilien,,free
2833,floradanica_2833.tif,Rubus Jensenii Lge.,1871,Johan Lange,Karplanter,Digitale Samlinger: Billeder:Særudgivelser:Flora Danica:Hæfte:Hft. 48,,,,,,free
2834,floradanica_2834.tif,Anemone (apennina var.?) pallida Lge.,1871,Johan Lange,Karplanter,Digitale Samlinger: Billeder:Særudgivelser:Flora Danica:Hæfte:Hft. 48,Ranunculaceae,Anemone apennina L. var. pallida Lange,Anemone,Ranunkelfamilien,Blegblå,free
2835,floradanica_2835.tif,Oxalis Acetosella var. coerulea DC.,1871,Johan Lange,Karplanter,Digitale Samlinger: Billeder:Særudgivelser:Flora Danica:Hæfte:Hft. 48,Oxalidaceae,Oxalis acetosella L.,Skovsyre,Surkløverfamilien,,free
2836,floradanica_2836.tif,Hypericum quadrangulum L.,1871,Johan Lange,Karplanter,Digitale Samlinger: Billeder:Særudgivelser:Flora Danica:Hæfte:Hft. 48,Clusiaceae,Hypericum maculatum Crantz,Perikon,Perikonfamilien,Kantet,free
2837,floradanica_2837.tif,Hypericum quadrangulo × tetrepterum Rchb.,1871,Johan Lange,Karplanter,Digitale Samlinger: Billeder:Særudgivelser:Flora Danica:Hæfte:Hft. 48,Clusiaceae,Hypericum maculatum x tetrapterum,Perikon,Perikonfamilien,Kantet x Vinget,free
2838,floradanica_2838.tif,Tragopogon minor Fr.,1871,Johan Lange,Karplanter,Digitale Samlinger: Billeder:Særudgivelser:Flora Danica:Hæfte:Hft. 48,Asteraceae,Tragopogon pratensis L. ssp. minor,Gedeskæg,Kurvblomstfamilien,Småkronet,free
2839,floradanica_2839.tif,Hieracium floribundum Wimm,1871,Johan Lange,Karplanter,Digitale Samlinger: Billeder:Særudgivelser:Flora Danica:Hæfte:Hft. 48,Asteraceae,Hieracium floribundum  Wimmer & Grab.,Høgeurt,Kurvblomstfamilien,Svensk,free
2840,floradanica_2840.tif,Hieracium dovrense Fr.,1871,Johan Lange,Karplanter,Digitale Samlinger: Billeder:Særudgivelser:Flora Danica:Hæfte:Hft. 48,Asteraceae,Hieracium dovrense Fries,Høgeurt,Kurvblomstfamilien,Dovre-,free
2841,floradanica_2841.tif,Carduus acanthoides L.,1871,Johan Lange,Karplanter,Digitale Samlinger: Billeder:Særudgivelser:Flora Danica:Hæfte:Hft. 48,Asteraceae,Carduus acanthoides L.,Tidsel,Kurvblomstfamilien,Tornet,free
2842,floradanica_2842.tif,Erigeron acris L. var. stricta Lge.,1871,Johan Lange,Karplanter,Digitale Samlinger: Billeder:Særudgivelser:Flora Danica:Hæfte:Hft. 48,Asteraceae,Erigeron acer L.,Bakkestjerne,Kurvblomstfamilien,Bitter,free
2843,floradanica_2843.tif,Carex duriuscula C. A. Mey. 200),1871,Johan Lange,Karplanter,Digitale Samlinger: Billeder:Særudgivelser:Flora Danica:Hæfte:Hft. 48,Cyperaceae,Carex maritima Gunnerus,Star,Halvgræsfamilien,Krum,free
2844,floradanica_2844.tif,Carex capillipes Drej.,1871,Johan Lange,Karplanter,Digitale Samlinger: Billeder:Særudgivelser:Flora Danica:Hæfte:Hft. 48,Cyperaceae,Carex lyngbyei ?,,Halvgræsfamilien,,free
2845,floradanica_2845.tif,Carex caespitosa (?) var. elliptica Drej.,1871,Johan Lange,Karplanter,Digitale Samlinger: Billeder:Særudgivelser:Flora Danica:Hæfte:Hft. 48,Cyperaceae,Carex sp.,Star,Halvgræsfamilien,,free
2846,floradanica_2846.tif,Carex anguillata Drej.,1871,Johan Lange,Karplanter,Digitale Samlinger: Billeder:Særudgivelser:Flora Danica:Hæfte:Hft. 48,Cyperaceae,Carex sp.,Star,Halvgræsfamilien,,free
2847,floradanica_2847.tif,Carex aemulans Drej. et Lbm. 201),1871,Johan Lange,Karplanter,Digitale Samlinger: Billeder:Særudgivelser:Flora Danica:Hæfte:Hft. 48,Cyperaceae,Carex sp.,Star,Halvgræsfamilien,,free
2848,floradanica_2848.tif,Carex paludosa var. depauperata Æge.,1871,Johan Lange,Karplanter,Digitale Samlinger: Billeder:Særudgivelser:Flora Danica:Hæfte:Hft. 48,Cyperaceae,Carex acutiformis Ehrh.,Star,Halvgræsfamilien,Kær-,free
2849,floradanica_2849.tif,Carex hymenocarpa Drej.,1871,Johan Lange,Karplanter,Digitale Samlinger: Billeder:Særudgivelser:Flora Danica:Hæfte:Hft. 48,Cyperaceae,Carex sp.,Star,Halvgræsfamilien,,free
2850,floradanica_2850.tif,Carex pulla Good.,1871,Johan Lange,Karplanter,Digitale Samlinger: Billeder:Særudgivelser:Flora Danica:Hæfte:Hft. 48,Cyperaceae,Carex saxatilis L.,Star,Halvgræsfamilien,Blank,free
2851,floradanica_2851.tif,Betula odorata Bechst. var rhombifolia (Tausch.),1871,Johan Lange,Karplanter,Digitale Samlinger: Billeder:Særudgivelser:Flora Danica:Hæfte:Hft. 48,Betulaceae,Betula pubescens Ehrh.,Birk,Birkefamilien,Dun-,free
2852,floradanica_2852.tif,Betula intermedia Thom.,1871,Johan Lange,Karplanter,Digitale Samlinger: Billeder:Særudgivelser:Flora Danica:Hæfte:Hft. 48,Betulaceae,Betula pubescens Ehrh. ssp. czerepanovii  (Orlova),Birk,Birkefamilien,Fjeld-,free
2853,floradanica_2853.tif,Betula glandulosa Michx.,1871,Johan Lange,Karplanter,Digitale Samlinger: Billeder:Særudgivelser:Flora Danica:Hæfte:Hft. 48,Betulaceae,Betula glandulosa Michx.,Birk,Birkefamilien,Kirtel-,free
2854,floradanica_2854.tif,Salix alba L. var vitellina (L.),1871,Johan Lange,Karplanter,Digitale Samlinger: Billeder:Særudgivelser:Flora Danica:Hæfte:Hft. 48,Salicaceae,Salix alba L. var. vitellina Koch,Pil,Pilefamilien,Guld-,free
2855,floradanica_2855.tif,Salix laurina Sm.,1871,Johan Lange,Karplanter,Digitale Samlinger: Billeder:Særudgivelser:Flora Danica:Hæfte:Hft. 48,Salicaceae,Salix caprea x phylicifolia,Pil,Pilefamilien,Laurbær-,free
2856,floradanica_2856.tif,Salix phylicaaefolia L.,1871,Johan Lange,Karplanter,Digitale Samlinger: Billeder:Særudgivelser:Flora Danica:Hæfte:Hft. 48,Salicaceae,Salix phylicifolia L.,Pil,Pilefamilien,Tofarvet,free
2857,floradanica_2857.tif,Salix arbuscula L.,1871,Johan Lange,Karplanter,Digitale Samlinger: Billeder:Særudgivelser:Flora Danica:Hæfte:Hft. 48,Salicaceae,Salix arbuscula L.,Pil,Pilefamilien,Busk-,free
2858,floradanica_2858.tif,Hypnum cordifolium var. fintinaloides Lge.,1871,Johan Lange,Mosser,Digitale Samlinger: Billeder:Særudgivelser:Flora Danica:Hæfte:Hft. 48,,,,,,free
2859,floradanica_2859.tif,Hypnum ochraceum Turn.,1871,Johan Lange,Mosser,Digitale Samlinger: Billeder:Særudgivelser:Flora Danica:Hæfte:Hft. 48,,Limnobium ochraceum (Turn.) Br. et Sch.,,,,free
2860,floradanica_2860.tif,Anacalypta latifolia Schwägr. / Anacalypta latifolia var. pilifera / Anacalypta lancelota (Dicks.) Röhl.,1871,Johan Lange,Mosser,Digitale Samlinger: Billeder:Særudgivelser:Flora Danica:Hæfte:Hft. 48,,,,,,free
2861,floradanica_2861.tif,Bryum calophyllum var Jensenii M. T. Lge. / Bryum erythrocarpum Schwägr.,1871,Johan Lange,Mosser,Digitale Samlinger: Billeder:Særudgivelser:Flora Danica:Hæfte:Hft. 48,,,,,,free
2862,floradanica_2862.tif,Bryum Schimperi C. Müll.,1871,Johan Lange,Mosser,Digitale Samlinger: Billeder:Særudgivelser:Flora Danica:Hæfte:Hft. 48,,,,,,free
2863,floradanica_2863.tif,Bryum acuminatum Br. et Sch. / Bryum Ludwigii Spreng.,1871,Johan Lange,Mosser,Digitale Samlinger: Billeder:Særudgivelser:Flora Danica:Hæfte:Hft. 48,,Webera acuminata Schimp.,,,,free
2864,floradanica_2864.tif,Cincllidium subrotundum Lindb.,1871,Johan Lange,Mosser,Digitale Samlinger: Billeder:Særudgivelser:Flora Danica:Hæfte:Hft. 48,,,,,,free
2865,floradanica_2865.tif,Breeutelia arcuata (Dicks.) Schimp. / Bartramia breviseta Lindb.,1871,Johan Lange,Mosser,Digitale Samlinger: Billeder:Særudgivelser:Flora Danica:Hæfte:Hft. 48,,,,,,free
2866,floradanica_2866.tif,Anoectangium compactum (Schleich.) Schwägr.,1871,Johan Lange,Mosser,Digitale Samlinger: Billeder:Særudgivelser:Flora Danica:Hæfte:Hft. 48,,,,,,free
2867,floradanica_2867.tif,Sphagnum fimbriatum Wils.,1871,Johan Lange,Mosser,Digitale Samlinger: Billeder:Særudgivelser:Flora Danica:Hæfte:Hft. 48,,,,,,free
2868,floradanica_2868.tif,Spaghnum rigidum (N. E.) Schimp.,1871,Johan Lange,Mosser,Digitale Samlinger: Billeder:Særudgivelser:Flora Danica:Hæfte:Hft. 48,,,,,,free
2869,floradanica_2869.tif,Spaghnum Mülleri Schimp.,1871,Johan Lange,Mosser,Digitale Samlinger: Billeder:Særudgivelser:Flora Danica:Hæfte:Hft. 48,,,,,,free
2870,floradanica_2870.tif,Gymnomitrium concinnatum Cord. / Gymnomitrium (?) suecium Gottsche.,1871,Johan Lange,Mosser,Digitale Samlinger: Billeder:Særudgivelser:Flora Danica:Hæfte:Hft. 48,,,,,,free
2871,floradanica_2871.tif,Scapania uliginosa N. E. / Physiotium cochleariforme N. E.,1871,Johan Lange,Mosser,Digitale Samlinger: Billeder:Særudgivelser:Flora Danica:Hæfte:Hft. 48,,,,,,free
2872,floradanica_2872.tif,Mastigobryum deflexum N. E. / Lophocolea minor var. erosa N. E.,1871,Johan Lange,Mosser,Digitale Samlinger: Billeder:Særudgivelser:Flora Danica:Hæfte:Hft. 48,,,,,,free
2873,floradanica_2873.tif,Sendtnera Woodsii (Hook.) Endl. / Jungermannia Vahliana N. E.,1871,Johan Lange,Mosser,Digitale Samlinger: Billeder:Særudgivelser:Flora Danica:Hæfte:Hft. 48,,,,,,free
2874,floradanica_2874.tif,Jungermannia curvifolia Dicks. / Jungermannia Dicksoni Hook.,1871,Johan Lange,Mosser,Digitale Samlinger: Billeder:Særudgivelser:Flora Danica:Hæfte:Hft. 48,,Trigonanthus curvifolius (Dicks.) Spruc.,,,,free
2875,floradanica_2875.tif,Polychidium muscicolum (Ach.) Mass. / Parmelia olivacea var. aspidota Ach.,1871,Johan Lange,Laver,Digitale Samlinger: Billeder:Særudgivelser:Flora Danica:Hæfte:Hft. 48,,,,,,free
2876,floradanica_2876.tif,Pannaria nebulosa Hffm. / Schäreria lugubris (Smrf. p. p.),1871,Johan Lange,Laver,Digitale Samlinger: Billeder:Særudgivelser:Flora Danica:Hæfte:Hft. 48,,Psora cinereorufa (Schär.).,,,,free
2877,floradanica_2877.tif,Rinodina Conradi Körb. / Rinodina turfacea (Wahlenb.) Körb. / Rinodina ocellata (Flörk.) Be. et Rostr.,1871,Johan Lange,Laver,Digitale Samlinger: Billeder:Særudgivelser:Flora Danica:Hæfte:Hft. 48,,Buellia verruculosa (Borr.) Th. Fr.,,,,free
2878,floradanica_2878.tif,Gyalecta foveolaris (Wahlenb.) Ach. / Bilimbia leucococcoides  Nyl. / Thelotrema lepadinum Ach.,1871,Johan Lange,Laver,Digitale Samlinger: Billeder:Særudgivelser:Flora Danica:Hæfte:Hft. 48,,,,,,free
2879,floradanica_2879.tif,Lopadium fusco-luteum (Dicks.) Mudd. / Lopadium pezizoideum (Ach.) Körb.,1871,Johan Lange,Laver,Digitale Samlinger: Billeder:Særudgivelser:Flora Danica:Hæfte:Hft. 48,,"Lopadium pezizoideum [beta], muscicolum (Smrf) Th. Fr.",,,,free
2880,floradanica_2880.tif,Endocarpum fluviatile (Web.). / Arthopyrenia grisea Körb.,1871,Johan Lange,Ukendt,Digitale Samlinger: Billeder:Særudgivelser:Flora Danica:Hæfte:Hft. 48,,,,,,free
2881,floradanica_2881.tif,Alopecurus nigricans Horn. (Alopecurus ruthenicus Weinm.).,1877,Johan Lange,Karplanter,Digitale Samlinger: Billeder:Særudgivelser:Flora Danica:Hæfte:Hft. 49,Poaceae,Alopecurus arundinaceus Poiret in Lam.,Rævehale,Græsfamilien,Sort,free
2882,floradanica_2882.tif,Glyceria conferta Fr.,1877,Johan Lange,Karplanter,Digitale Samlinger: Billeder:Særudgivelser:Flora Danica:Hæfte:Hft. 49,Poaceae,Puccinellia fasciculata (Torr.) E. P. Bicknell,Annelgræs,Græsfamilien,Knippe-,free
2883,floradanica_2883.tif,Glyceria vilfoidea (And.) Th. Fr. 204),1877,Johan Lange,Karplanter,Digitale Samlinger: Billeder:Særudgivelser:Flora Danica:Hæfte:Hft. 49,Poaceae,Puccinellia phryganodes (Trin.) Scribn. & Merr.,Annelgræs,Græsfamilien,Krybende,free
2884,floradanica_2884.tif,Poa abbreviata R. Br.,1877,Johan Lange,Karplanter,Digitale Samlinger: Billeder:Særudgivelser:Flora Danica:Hæfte:Hft. 49,Poaceae,Poa abbreviata R. Br.,Rapgræs,Græsfamilien,Kort,free
2885,floradanica_2885.tif,Poa trichopoda Lge.,1877,Johan Lange,Karplanter,Digitale Samlinger: Billeder:Særudgivelser:Flora Danica:Hæfte:Hft. 49,Poaceae,Poa arctica R. Br.,Rapgræs,Græsfamilien,Arktisk,free
2886,floradanica_2886.tif,Potamogeton Zizii Mert. et Koch.,1877,Johan Lange,Karplanter,Digitale Samlinger: Billeder:Særudgivelser:Flora Danica:Hæfte:Hft. 49,Potamogetonaceae,Potamogeton zizii  Mert. & Koch.,Vandaks,Vandaksfamilien,Langstilket,free
2887,floradanica_2887.tif,Potamogeton polygonifolius Pourr. (potamogeton oblongus Viv.).,1877,Johan Lange,Karplanter,Digitale Samlinger: Billeder:Særudgivelser:Flora Danica:Hæfte:Hft. 49,Potamogetonaceae,Potamogeton polygonifolius Pourret,Vandaks,Vandaksfamilien,Aflangbladet,free
2888,floradanica_2888.tif,Potamogeton decipiens Nolt.,1877,Johan Lange,Karplanter,Digitale Samlinger: Billeder:Særudgivelser:Flora Danica:Hæfte:Hft. 49,Potamogetonaceae,Potamogeton x salicifolia Wolfg.,Vandaks,Vandaksfamilien,Hjertebladet x Skinnende,free
2889,floradanica_2889.tif,Potamogeton rutilus Wolfg.,1877,Johan Lange,Karplanter,Digitale Samlinger: Billeder:Særudgivelser:Flora Danica:Hæfte:Hft. 49,Potamogetonaceae,Potamogeton rutilus Wolfg.,Vandaks,Vandaksfamilien,Rødlig,free
2890,floradanica_2890.tif,Potamogeton trichoides Cham.,1877,Johan Lange,Karplanter,Digitale Samlinger: Billeder:Særudgivelser:Flora Danica:Hæfte:Hft. 49,Potamogetonaceae,Potamogeton trichoides Cham. & Schlecht.,Vandaks,Vandaksfamilien,Hårfin,free
2891,floradanica_2891.tif,Polemonium humile Willd. (polemonium pulchellum Bge.).,1877,Johan Lange,Karplanter,Digitale Samlinger: Billeder:Særudgivelser:Flora Danica:Hæfte:Hft. 49,Polemoniaceae,Polemonium  boreale Adams.,Jakobsstige,Floksfamilien,Polar-,free
2892,floradanica_2892.tif,Ribes Schlechtendalii Lge. 206),1877,Johan Lange,Karplanter,Digitale Samlinger: Billeder:Særudgivelser:Flora Danica:Hæfte:Hft. 49,Grossulariaceae,Ribes spicatum E. Robson,Ribs,Ribsfamilien,Vild,free
2893,floradanica_2893.tif,Cuscuta Trifolii Bab.,1877,Johan Lange,Karplanter,Digitale Samlinger: Billeder:Særudgivelser:Flora Danica:Hæfte:Hft. 49,Cuscutaceae,Cuscuta epithymum (L.) L. ssp. trifolii (Bab.) Hegi,Silke,Silkefamilien,Kløver-,free
2894,floradanica_2894.tif,Blitum botryoides (Sm.) Drej.,1877,Johan Lange,Karplanter,Digitale Samlinger: Billeder:Særudgivelser:Flora Danica:Hæfte:Hft. 49,Chenopodiaceae,Chenopodium botryodes Sm. in Sowerby,Gåsefod,Salturtfamilien,Drue-,free
2895,floradanica_2895.tif,"Carum Carvi L. [beta], atrorubens Lge.",1877,Johan Lange,Karplanter,Digitale Samlinger: Billeder:Særudgivelser:Flora Danica:Hæfte:Hft. 49,Apiaceae,Carum carvi L.,Kommen,Skærmblomstfamilien,,free
2896,floradanica_2896.tif,Rumex thysoides Desf.,1877,Johan Lange,Karplanter,Digitale Samlinger: Billeder:Særudgivelser:Flora Danica:Hæfte:Hft. 49,Polygonaceae,Rumex thyrsiflorus Fingerh.,Syre,Skedeknæfamilien,Dusk-,free
2897,floradanica_2897.tif,Epilobium lineare Mühl.,1877,Johan Lange,Karplanter,Digitale Samlinger: Billeder:Særudgivelser:Flora Danica:Hæfte:Hft. 49,Onagraceae,Epilobium davuricum Fischer ex Hornem. ssp. arcticum (Sam.) ?,Dueurt,Natlysfamilien,Arktisk,free
2898,floradanica_2898.tif,Epilobium pubescens var ramosissima Lge.,1877,Johan Lange,Karplanter,Digitale Samlinger: Billeder:Særudgivelser:Flora Danica:Hæfte:Hft. 49,Onagraceae,Epilobium parviflorum Schreber,Dueurt,Natlysfamilien,Dunet,free
2899,floradanica_2899.tif,"Epilobium hirsutum [beta], micranthum Lge. 208)",1877,Johan Lange,Karplanter,Digitale Samlinger: Billeder:Særudgivelser:Flora Danica:Hæfte:Hft. 49,Onagraceae,Epilobium hirsutum L.,Dueurt,Natlysfamilien,Lådden,free
2900,floradanica_2900.tif,Epilobium purpureum Fr.,1877,Johan Lange,Karplanter,Digitale Samlinger: Billeder:Særudgivelser:Flora Danica:Hæfte:Hft. 49,Onagraceae,Epilobium montanum x parviflorum,Dueurt,Natlysfamilien,Glat x Dunet,free
2901,floradanica_2901.tif,"Chamaenerium latifolium [beta], ambiguum Th. Fr. et Lge.",1877,Johan Lange,Karplanter,Digitale Samlinger: Billeder:Særudgivelser:Flora Danica:Hæfte:Hft. 49,Onagraceae,Epilobium angustifolium x latifolium,Gederams,Natlysfamilien,Hybrid-,free
2902,floradanica_2902.tif,"Chamaenerium latifolium [gamma], tenuiflorum Th. Fr. et Lge.",1877,Johan Lange,Karplanter,Digitale Samlinger: Billeder:Særudgivelser:Flora Danica:Hæfte:Hft. 49,Onagraceae,Epilobium latifolium L.,Gederams,Natlysfamilien,Storblomstret,free
2903,floradanica_2903.tif,Alsine propinqua Richards.,1877,Johan Lange,Karplanter,Digitale Samlinger: Billeder:Særudgivelser:Flora Danica:Hæfte:Hft. 49,Caryophyllaceae,Minuartia rubella (Wahlenb.) Hiern.,Norel,Nellikefamilien,Rødlig,free
2904,floradanica_2904.tif,Rubus silvaticus Whe. et N. E.,1877,Johan Lange,Karplanter,Digitale Samlinger: Billeder:Særudgivelser:Flora Danica:Hæfte:Hft. 49,Rosaceae,Rubus sp.,Brombær,Rosenfamilien,,free
2905,floradanica_2905.tif,Rubus slescicensis Lge. 211),1877,Johan Lange,Karplanter,Digitale Samlinger: Billeder:Særudgivelser:Flora Danica:Hæfte:Hft. 49,Rosaceae,Rubus sp.,Brombær,Rosenfamilien,,free
2906,floradanica_2906.tif,Rosa inodora Fr.,1877,Johan Lange,Karplanter,Digitale Samlinger: Billeder:Særudgivelser:Flora Danica:Hæfte:Hft. 49,Rosaceae,Rosa sp.,Rose,Rosenfamilien,,free
2907,floradanica_2907.tif,Rosa pomifera Herm.,1877,Johan Lange,Karplanter,Digitale Samlinger: Billeder:Særudgivelser:Flora Danica:Hæfte:Hft. 49,Rosaceae,Rosa sp.,Rose,Rosenfamilien,,free
2908,floradanica_2908.tif,Geum pallidum C. A. Mey. 212),1877,Johan Lange,Karplanter,Digitale Samlinger: Billeder:Særudgivelser:Flora Danica:Hæfte:Hft. 49,Rosaceae,Geum sp.,Nellikerod,Rosenfamilien,,free
2909,floradanica_2909.tif,Batrachium salsuginosum Dmrt.,1877,Johan Lange,Karplanter,Digitale Samlinger: Billeder:Særudgivelser:Flora Danica:Hæfte:Hft. 49,Ranunculaceae,Ranunculus fluitans Lam.,Vandranunkel,Ranunkelfamilien,Flod-,free
2910,floradanica_2910.tif,Euphrasia officinalis L. var. latifolia (Pursch.).,1877,Johan Lange,Karplanter,Digitale Samlinger: Billeder:Særudgivelser:Flora Danica:Hæfte:Hft. 49,Scrophulariaceae,Euphrasia frigida Pugsley var. frigida,Øjentrøst,Maskeblomstfamilien,Arktisk,free
2911,floradanica_2911.tif,Arabis hirsuta Scop. var. glabra L.,1877,Johan Lange,Karplanter,Digitale Samlinger: Billeder:Særudgivelser:Flora Danica:Hæfte:Hft. 49,Brassicaceae,Arabis hirsuta (L.) Scop. var. glaberrima Wahlenberg,Kalkkarse,Korsblomstfamilien,Glat,free
2912,floradanica_2912.tif,Draba muralis L.,1877,Johan Lange,Karplanter,Digitale Samlinger: Billeder:Særudgivelser:Flora Danica:Hæfte:Hft. 49,Brassicaceae,Draba muralis L.,Draba,Korsblomstfamilien,Mur-,free
2913,floradanica_2913.tif,Hieracium Pilosella L. var. intricata Lge. 213),1877,Johan Lange,Karplanter,Digitale Samlinger: Billeder:Særudgivelser:Flora Danica:Hæfte:Hft. 49,Asteraceae,Hieracium pilosella L.,Høgeurt,Kurvblomstfamilien,Håret,free
2914,floradanica_2914.tif,Hieracium Blyttianum Fr. 214),1877,Johan Lange,Karplanter,Digitale Samlinger: Billeder:Særudgivelser:Flora Danica:Hæfte:Hft. 49,Asteraceae,Hieracium sp.,Høgeurt,Kurvblomstfamilien,,free
2915,floradanica_2915.tif,Lappa tomentosa var. denudata Lge.,1877,Johan Lange,Karplanter,Digitale Samlinger: Billeder:Særudgivelser:Flora Danica:Hæfte:Hft. 49,Asteraceae,Arctium tomentosum Miller,Burre,Kurvblomstfamilien,Filtet,free
2916,floradanica_2916.tif,Betula verrucosa var. arbuscula Fr. / Betula verrucosa var. dalecarlica (L.).,1877,Johan Lange,Karplanter,Digitale Samlinger: Billeder:Særudgivelser:Flora Danica:Hæfte:Hft. 49,Betulaceae,Betula pendula Roth,Birk,Birkefamilien,Vorte-,free
2917,floradanica_2917.tif,Betula odorata var. parvifolia Wimm. (var. microphylla Hartm.).,1877,Johan Lange,Karplanter,Digitale Samlinger: Billeder:Særudgivelser:Flora Danica:Hæfte:Hft. 49,Betulaceae,Betula pubescens Ehrh.,Birk,Birkefamilien,Dun-,free
2918,floradanica_2918.tif,Betula odorata var. tortuosa Ledeb. (var. Friesii Rgl.).,1877,Johan Lange,Karplanter,Digitale Samlinger: Billeder:Særudgivelser:Flora Danica:Hæfte:Hft. 49,Betulaceae,Betula pubescens Ehrh. ssp. czerepanovii  (Orlova),Birk,Birkefamilien,Fjeld-,free
2919,floradanica_2919.tif,Salix daphnioides Vill.,1877,Johan Lange,Karplanter,Digitale Samlinger: Billeder:Særudgivelser:Flora Danica:Hæfte:Hft. 49,Salicaceae,Salix daphnoides Vill. ssp. daphnoides,Pil,Pilefamilien,Pommersk,free
2920,floradanica_2920.tif,Salix sarmentacea car rotundifolia And. 215),1877,Johan Lange,Karplanter,Digitale Samlinger: Billeder:Særudgivelser:Flora Danica:Hæfte:Hft. 49,Salicaceae,Salix sp.,Pil,Pilefamilien,,free
2921,floradanica_2921.tif,Woodsia glabella R. Br. / Woodsia hyperborea R. Br.,1877,Johan Lange,Karplanter,Digitale Samlinger: Billeder:Særudgivelser:Flora Danica:Hæfte:Hft. 49,Athyriaceae,Woodsia glabella R. Br. ex Richardson in Franklin ssp. glabella,Frynsebregne,Fjerbregnefamilien,Dværg-,free
2922,floradanica_2922.tif,Botrychium matricariaefolium A. Br. / Botrychium lanceolatum (Gmel.) Ångstr.,1877,Johan Lange,Karplanter,Digitale Samlinger: Billeder:Særudgivelser:Flora Danica:Hæfte:Hft. 49,Ophioglossaceae,Botrychium matricariifolium (Retz.) A. Braun ex Koch,Månerude,Slangetungefamilien,Kamillebladet,free
2923,floradanica_2923.tif,Equisetum scirpoides Michx. (Equisetum reptans Wahlenb.).,1877,Johan Lange,Karplanter,Digitale Samlinger: Billeder:Særudgivelser:Flora Danica:Hæfte:Hft. 49,Equisetaceae,Equisetum scirpoides Michx.,Padderok,Padderokfamilien,Tråd-,free
2924,floradanica_2924.tif,Equisetum arvense var. decumbens Mey. 216),1877,Johan Lange,Karplanter,Digitale Samlinger: Billeder:Særudgivelser:Flora Danica:Hæfte:Hft. 49,Equisetaceae,Equisetum arvense L.,Padderok,Padderokfamilien,Ager-,free
2925,floradanica_2925.tif,"Equisetum limosum (L.) [alfa], Linnaeanum Doell.",1877,Johan Lange,Karplanter,Digitale Samlinger: Billeder:Særudgivelser:Flora Danica:Hæfte:Hft. 49,Equisetaceae,Equisetum fluviatile L.,Padderok,Padderokfamilien,Dynd-,free
2926,floradanica_2926.tif,"Equisetum limosum (L.) [beta], polystachyum Brÿckn.",1877,Johan Lange,Karplanter,Digitale Samlinger: Billeder:Særudgivelser:Flora Danica:Hæfte:Hft. 49,Equisetaceae,Equisetum fluviatile L.,Padderok,Padderokfamilien,Dynd-,free
2927,floradanica_2927.tif,Chara stelligera Bauer.,1877,Johan Lange,Alger,Digitale Samlinger: Billeder:Særudgivelser:Flora Danica:Hæfte:Hft. 49,,,,,,free
2928,floradanica_2928.tif,Nitella teniussima (Desv.) Kütz.,1877,Johan Lange,Alger,Digitale Samlinger: Billeder:Særudgivelser:Flora Danica:Hæfte:Hft. 49,,,,,,free
2929,floradanica_2929.tif,Nitella translucens (Pers.) Ag.,1877,Johan Lange,Alger,Digitale Samlinger: Billeder:Særudgivelser:Flora Danica:Hæfte:Hft. 49,,,,,,free
2930,floradanica_2930.tif,Nitella gracilis (Sm.) Ag. / Nitella Normannia Nordst.,1877,Johan Lange,Alger,Digitale Samlinger: Billeder:Særudgivelser:Flora Danica:Hæfte:Hft. 49,,,,,,free
2931,floradanica_2931.tif,Fontinalis gracilis Lindb.,1877,Johan Lange,Mosser,Digitale Samlinger: Billeder:Særudgivelser:Flora Danica:Hæfte:Hft. 49,,,,,,free
2932,floradanica_2932.tif,Dichelyma falacatum Myrin.,1877,Johan Lange,Mosser,Digitale Samlinger: Billeder:Særudgivelser:Flora Danica:Hæfte:Hft. 49,,,,,,free
2933,floradanica_2933.tif,Dichelyma capillaceum (Dill.) Br. et Sch.,1877,Johan Lange,Mosser,Digitale Samlinger: Billeder:Særudgivelser:Flora Danica:Hæfte:Hft. 49,,,,,,free
2934,floradanica_2934.tif,Orthotrichum Breutelii Hampe. / Orthotrichum pulchellum Hook. et Tayl.,1877,Johan Lange,Mosser,Digitale Samlinger: Billeder:Særudgivelser:Flora Danica:Hæfte:Hft. 49,,,,,,free
2935,floradanica_2935.tif,Orthotrichum Sturmii Hpp. et Hsch. / Orthotrichum rupestre Schleich.,1877,Johan Lange,Mosser,Digitale Samlinger: Billeder:Særudgivelser:Flora Danica:Hæfte:Hft. 49,,,,,,free
2936,floradanica_2936.tif,Orthotrichum obtusifolium Schrad. / Orthotrichum alpestre Hornsch.,1877,Johan Lange,Mosser,Digitale Samlinger: Billeder:Særudgivelser:Flora Danica:Hæfte:Hft. 49,,,,,,free
2937,floradanica_2937.tif,Seligeria calcarea (Dicks.) Br. et Sch. / Seligeria tristicha (Brid.) Br. et Sch.,1877,Johan Lange,Mosser,Digitale Samlinger: Billeder:Særudgivelser:Flora Danica:Hæfte:Hft. 49,,,,,,free
2938,floradanica_2938.tif,Seligeria acutifolia Lindb. / Seligeria pusilla (Ehrh.) Br. et Sch. / Seligeria crassinervis Lindb.,1877,Johan Lange,Mosser,Digitale Samlinger: Billeder:Særudgivelser:Flora Danica:Hæfte:Hft. 49,,,,,,free
2939,floradanica_2939.tif,Seligeria Doniana C. Müll. (Anodus Sch.). / Gymnostomum curvirostre (Ehrh.) Hedw.,1877,Johan Lange,Mosser,Digitale Samlinger: Billeder:Særudgivelser:Flora Danica:Hæfte:Hft. 49,,,,,,free
2940,floradanica_2940.tif,Chiloscyphus polyanthros (L.) Cord. / Liochlaena lancelota (L.) N. E.,1877,Johan Lange,Mosser,Digitale Samlinger: Billeder:Særudgivelser:Flora Danica:Hæfte:Hft. 49,,,,,,free
2940,floradanica_2940.tif,Chiloscyphus polyanthros (L.) Cord. / Liochlaena lancelota (L.) N. E.,1877,Johan Lange,Mosser,Digitale Samlinger: Billeder:Særudgivelser:Flora Danica:Hæfte:Hft. 49,Scrophulariaceae,Veronica praecox All.,Ærenpris,Maskeblomstfamilien,Tidlig,free
2941,floradanica_2941.tif,Veronica praecox All.,1880,Johan Lange,Karplanter,Digitale Samlinger: Billeder:Særudgivelser:Flora Danica:Hæfte:Hft. 50,Poaceae,Calamagrostis hyperborea Lange,Rørhvene,Græsfamilien,Langes,free
2942,floradanica_2942.tif,Calamagrostis hyperborea Lge. / Calamagrostis stricta var. borealis Laest. 217),1880,Johan Lange,Karplanter,Digitale Samlinger: Billeder:Særudgivelser:Flora Danica:Hæfte:Hft. 50,Poaceae,Deschampsia cespitosa (L.) Beauv.,Bunke,Græsfamilien,Mose-,free
2943,floradanica_2943.tif,Aira caespitosa var pallida Koch.,1880,Johan Lange,Karplanter,Digitale Samlinger: Billeder:Særudgivelser:Flora Danica:Hæfte:Hft. 50,Poaceae,Deschampsia cespitosa (L.) Beauv.,Bunke,Græsfamilien,Mose-,free
2944,floradanica_2944.tif,Aira caespitosa var. brevifolia Hartm. 218),1880,Johan Lange,Karplanter,Digitale Samlinger: Billeder:Særudgivelser:Flora Danica:Hæfte:Hft. 50,Poaceae,Deschampsia cespitosa (L.) Beauv.,Bunke,Græsfamilien,Mose-,free
2945,floradanica_2945.tif,Aira caespitosa var. minor Lge. / Aira caespitosa var. vivipara,1880,Johan Lange,Karplanter,Digitale Samlinger: Billeder:Særudgivelser:Flora Danica:Hæfte:Hft. 50,Poaceae,Poa arctica R. Br.,Rapgræs,Græsfamilien,Arktisk,free
2946,floradanica_2946.tif,Poa laxiuscula Lge.,1880,Johan Lange,Karplanter,Digitale Samlinger: Billeder:Særudgivelser:Flora Danica:Hæfte:Hft. 50,Poaceae,Poa pratensis L. var. domestica Laest.,Rapgræs,Græsfamilien,Bygde-,free
2947,floradanica_2947.tif,Poa pratensis L. var domestica Laest.,1880,Johan Lange,Karplanter,Digitale Samlinger: Billeder:Særudgivelser:Flora Danica:Hæfte:Hft. 50,Poaceae,Bromus hordeaceus L. ssp. thominei (Hardouin) Hyl.,Hejre,Græsfamilien,Liggende,free
2948,floradanica_2948.tif,Bromus hordeaceus L.,1880,Johan Lange,Karplanter,Digitale Samlinger: Billeder:Særudgivelser:Flora Danica:Hæfte:Hft. 50,Rubiaceae,Asperula tinctoria L.,Mysike,Krapfamilien,Farve-,free
2949,floradanica_2949.tif,Asperula tinctoria L.,1880,Johan Lange,Karplanter,Digitale Samlinger: Billeder:Særudgivelser:Flora Danica:Hæfte:Hft. 50,Violaceae,Viola mirabilis x reichenbachiana,Viol,Violfamilien,Forskelligblomstret x Skov-,free
2950,floradanica_2950.tif,Viola mirabili × silvatica P. Nielsen,1880,Johan Lange,Karplanter,Digitale Samlinger: Billeder:Særudgivelser:Flora Danica:Hæfte:Hft. 50,Caprifoliaceae,Sambucus racemosa L.,Hyld,Gedebladfamilien,Drue-,free
2951,floradanica_2951.tif,Sambucus racemosa L.,1880,Johan Lange,Karplanter,Digitale Samlinger: Billeder:Særudgivelser:Flora Danica:Hæfte:Hft. 50,Juncaceae,Luzula arctica Blytt,Frytle,Sivfamilien,Sne-,free
2952,floradanica_2952.tif,Luzula arctica Blytt.,1880,Johan Lange,Karplanter,Digitale Samlinger: Billeder:Særudgivelser:Flora Danica:Hæfte:Hft. 50,Juncaceae,Luzula multiflora (Retz.) Lej. ssp. multiflora,Frytle,Sivfamilien,Mangeblomstret,free
2953,floradanica_2953.tif,Luzula multiflora var. pallescens (Wahlenb.).,1880,Johan Lange,Karplanter,Digitale Samlinger: Billeder:Særudgivelser:Flora Danica:Hæfte:Hft. 50,Juncaceae,Luzula campestris (L.) DC.,Frytle,Sivfamilien,Mark-,free
2954,floradanica_2954.tif,Luzula campestris (L.) DC.,1880,Johan Lange,Karplanter,Digitale Samlinger: Billeder:Særudgivelser:Flora Danica:Hæfte:Hft. 50,Juncaceae,Luzula arcuata Swartz ssp. arcuata,Frytle,Sivfamilien,Krumstilket,free
2955,floradanica_2955.tif,Luzula aracuta Wahlenb.,1880,Johan Lange,Karplanter,Digitale Samlinger: Billeder:Særudgivelser:Flora Danica:Hæfte:Hft. 50,Polygonaceae,Persicaria minor (Hudson) Opiz,Pileurt,Skedeknæfamilien,Liden,free
2956,floradanica_2956.tif,"Polygonum strictum All. [alfa], elatum Fr.",1880,Johan Lange,Karplanter,Digitale Samlinger: Billeder:Særudgivelser:Flora Danica:Hæfte:Hft. 50,Polygonaceae,Persicaria hydropiper (L.) Spach,Pileurt,Skedeknæfamilien,Bidende,free
2957,floradanica_2957.tif,"Polygonum Hydropiper L. [beta], pauciflorum Lge.",1880,Johan Lange,Karplanter,Digitale Samlinger: Billeder:Særudgivelser:Flora Danica:Hæfte:Hft. 50,Polygonaceae,Persicaria mitis (Schrank) Assenov in Jordanov,Pileurt,Skedeknæfamilien,Mild,free
2958,floradanica_2958.tif,Polygonum laxiflorum Whe. (P. mite Pers.).,1880,Johan Lange,Karplanter,Digitale Samlinger: Billeder:Særudgivelser:Flora Danica:Hæfte:Hft. 50,Polygonaceae,Persicaria maculosa x minor,Pileurt,Skedeknæfamilien,Fersken- x Liden,free
2959,floradanica_2959.tif,Polygonum minori × Persicaria A.Br.,1880,Johan Lange,Karplanter,Digitale Samlinger: Billeder:Særudgivelser:Flora Danica:Hæfte:Hft. 50,Ericaceae,Vaccinium vitis-idaea L. ssp. minus (Lodd.) Hulten,Tyttebær,Lyngfamilien,Arktisk,free
2960,floradanica_2960.tif,"Vaccinium Vitis idaea [beta], pumilum Horn.",1880,Johan Lange,Karplanter,Digitale Samlinger: Billeder:Særudgivelser:Flora Danica:Hæfte:Hft. 50,Caryophyllaceae,Sagina intermedia Fenzl,Firling,Nellikefamilien,Sne-,free
2961,floradanica_2961.tif,Sagina nivalis (Lindbl.) Fr. 146),1880,Johan Lange,Karplanter,Digitale Samlinger: Billeder:Særudgivelser:Flora Danica:Hæfte:Hft. 50,Caryophyllaceae,Minuartia stricta (Sw.) Hiern.,Norel,Nellikefamilien,Rank,free
2962,floradanica_2962.tif,Alsine stricta (Sw.) Wahlenb.,1880,Johan Lange,Karplanter,Digitale Samlinger: Billeder:Særudgivelser:Flora Danica:Hæfte:Hft. 50,Caryophyllaceae,Cerastium arcticum Lange,Hønsetarm,Nellikefamilien,Arktisk,free
2963,floradanica_2963.tif,Cerastinum arcticum Lge.,1880,Johan Lange,Karplanter,Digitale Samlinger: Billeder:Særudgivelser:Flora Danica:Hæfte:Hft. 50,Rosaceae,Potentilla ranunculus Lange,Potentil,Rosenfamilien,Ranunkel-,free
2964,floradanica_2964.tif,Potentilla Ranunculus Lge.,1880,Johan Lange,Karplanter,Digitale Samlinger: Billeder:Særudgivelser:Flora Danica:Hæfte:Hft. 50,Rosaceae,Potentilla hyparctica Malte,Potentil,Rosenfamilien,Polar-,free
2965,floradanica_2965.tif,Potentilla Frieseana Lge.,1880,Johan Lange,Karplanter,Digitale Samlinger: Billeder:Særudgivelser:Flora Danica:Hæfte:Hft. 50,Tiliaceae,Tilia vulgaris  Hayne,Lind,Lindefamilien,Park-,free
2966,floradanica_2966.tif,Tilia vulgaris Hayne (T. intermedia DC.).,1880,Johan Lange,Karplanter,Digitale Samlinger: Billeder:Særudgivelser:Flora Danica:Hæfte:Hft. 50,Asteraceae,Cirsium oleraceum x palustre,Tidsel,Kurvblomstfamilien,Kær- x Kål-,free
2967,floradanica_2967.tif,Cirsium palustri × oleraceum Näg.,1880,Johan Lange,Karplanter,Digitale Samlinger: Billeder:Særudgivelser:Flora Danica:Hæfte:Hft. 50,Asteraceae,Cirsium oleraceum x vulgare,Tidsel,Kurvblomstfamilien,Horse- x Kål-,free
2968,floradanica_2968.tif,Cirsium oleraceo × lanceolatum J. Vahl.,1880,Johan Lange,Karplanter,Digitale Samlinger: Billeder:Særudgivelser:Flora Danica:Hæfte:Hft. 50,Asteraceae,Cirsium acaule x oleraceum,Tidsel,Kurvblomstfamilien,Kål- x Lav,free
2969,floradanica_2969.tif,Cirsium oleraceo × acaule Hampe.,1880,Johan Lange,Karplanter,Digitale Samlinger: Billeder:Særudgivelser:Flora Danica:Hæfte:Hft. 50,Orchidaceae,Platanthera hyperborea (L.) Lindley,Gøgelilje,Gøgeurtfamilien,Grønlandsk,free
2970,floradanica_2970.tif,"Platanthera hyperborea (L.) [beta], major Lge.",1880,Johan Lange,Karplanter,Digitale Samlinger: Billeder:Særudgivelser:Flora Danica:Hæfte:Hft. 50,Orchidaceae,Amerorchis rotundifolia (Banks ex Pursh) Hult.,Rhizomgøgeurt,Gøgeurtfamilien,,free
2971,floradanica_2971.tif,Platanthera rotundifolia (Pursh.) Lindl.,1880,Johan Lange,Karplanter,Digitale Samlinger: Billeder:Særudgivelser:Flora Danica:Hæfte:Hft. 50,Callitrichaceae,Callitriche hamulata Kütz ex Koch,Vandstjerne,Vandstjernefamilien,Smalbladet,free
2972,floradanica_2972.tif,Callitriche hamulata Kütz.,1880,Johan Lange,Karplanter,Digitale Samlinger: Billeder:Særudgivelser:Flora Danica:Hæfte:Hft. 50,Cyperaceae,Carex brunnescens (Pers.) Poiret in Lam.,Star,Halvgræsfamilien,Sæter-,free
2973,floradanica_2973.tif,Carex vitilis Fr.,1880,Johan Lange,Karplanter,Digitale Samlinger: Billeder:Særudgivelser:Flora Danica:Hæfte:Hft. 50,Cyperaceae,Carex elata x nigra,Star,Halvgræsfamilien,Tørve-,free
2974,floradanica_2974.tif,Carex turfosa Fr.,1880,Johan Lange,Karplanter,Digitale Samlinger: Billeder:Særudgivelser:Flora Danica:Hæfte:Hft. 50,Cyperaceae,Carex sp.,Star,Halvgræsfamilien,,free
2975,floradanica_2975.tif,Carex Drejeriana Lge.,1880,Johan Lange,Karplanter,Digitale Samlinger: Billeder:Særudgivelser:Flora Danica:Hæfte:Hft. 50,Cyperaceae,Carex acuta x elata,Star,Halvgræsfamilien,Nikkende x Stiv,free
2976,floradanica_2976.tif,Carex prolixa Fr.,1880,Johan Lange,Karplanter,Digitale Samlinger: Billeder:Særudgivelser:Flora Danica:Hæfte:Hft. 50,Cyperaceae,Carex sp.,Star,Halvgræsfamilien,,free
2977,floradanica_2977.tif,Carex reducta Fr. 221),1880,Johan Lange,Karplanter,Digitale Samlinger: Billeder:Særudgivelser:Flora Danica:Hæfte:Hft. 50,Cyperaceae,Carex halophila F. Nyl.,Star,Halvgræsfamilien,Ishavs-,free
2978,floradanica_2978.tif,Carex halophila F. Nylander.,1880,Johan Lange,Karplanter,Digitale Samlinger: Billeder:Særudgivelser:Flora Danica:Hæfte:Hft. 50,Cyperaceae,Carex pendula Hudson,Star,Halvgræsfamilien,Kæmpe-,free
2979,floradanica_2979.tif,Carex maxima Scop. (C. pendula Huds.).,1880,Johan Lange,Karplanter,Digitale Samlinger: Billeder:Særudgivelser:Flora Danica:Hæfte:Hft. 50,Cyperaceae,Carex binervis Sm.,Star,Halvgræsfamilien,Hede-,free
2980,floradanica_2980.tif,Carex binervis Sm.,1880,Johan Lange,Karplanter,Digitale Samlinger: Billeder:Særudgivelser:Flora Danica:Hæfte:Hft. 50,Salicaceae,Salix glauca L. var. callicarpaea (Trautv.),Pil,Pilefamilien,Rype-,free
2981,floradanica_2981.tif,Salix glauca L. var. ovalifolia And.,1880,Johan Lange,Karplanter,Digitale Samlinger: Billeder:Særudgivelser:Flora Danica:Hæfte:Hft. 50,Salicaceae,Salix glauca L. var. glauca,Pil,Pilefamilien,Blågrå,free
2982,floradanica_2982.tif,Salix glauca L. var. angustifolia Lge. 222),1880,Johan Lange,Karplanter,Digitale Samlinger: Billeder:Særudgivelser:Flora Danica:Hæfte:Hft. 50,Blechnaceae,Blechnum spicant (L.) Roth,Kambregne,Kambregnefamilien,Almindelig,free
2983,floradanica_2983.tif,Blechnum Spicant var. imbricata Rostr. / Blechnum Spicant var. fallax Lge.,1880,Johan Lange,Karplanter,Digitale Samlinger: Billeder:Særudgivelser:Flora Danica:Hæfte:Hft. 50,,Lycopodium annotinum L. ssp. alpestre (Hartm.) Löve & Löve,Ulvefod,,Islandsk,free
2984,floradanica_2984.tif,"Lycopodium annotinum L. [beta], alpestre hartm.",1880,Johan Lange,Karplanter,Digitale Samlinger: Billeder:Særudgivelser:Flora Danica:Hæfte:Hft. 50,,Scleropodium illecebrum (Schwägr.) Schimp,-,,-,free
2985,floradanica_2985.tif,Hypnum illecebrum Schwägr.,1880,Johan Lange,Mosser,Digitale Samlinger: Billeder:Særudgivelser:Flora Danica:Hæfte:Hft. 50,,,-,,-,free
2986,floradanica_2986.tif,Amblystegium subtile (Hedw.) Schimp. / Plagiothecium repens (Poll.) Lindb. (Hypnum silesiacum Brid.),1880,Johan Lange,Mosser,Digitale Samlinger: Billeder:Særudgivelser:Flora Danica:Hæfte:Hft. 50,,,-,,-,free
2987,floradanica_2987.tif,"Plagiothecium piliferum (Sw.) Br. et Sch. / Plagiothecium nitidum (Wahlenb.) [beta], suberectum Lindb.",1880,Johan Lange,Mosser,Digitale Samlinger: Billeder:Særudgivelser:Flora Danica:Hæfte:Hft. 50,,,-,,-,free
2988,floradanica_2988.tif,Mielichhoferia nitida N. E. et Hsch. / Aulacomnium androgynum (L.) Schwägr.,1880,Johan Lange,Mosser,Digitale Samlinger: Billeder:Særudgivelser:Flora Danica:Hæfte:Hft. 50,,,-,,-,free
2989,floradanica_2989.tif,Zieria demissa (Hsch.) Schimp. (Bryum demissum Hook.) / Zieria julacea Schimp. (Bruym Zierii Dicks.),1880,Johan Lange,Mosser,Digitale Samlinger: Billeder:Særudgivelser:Flora Danica:Hæfte:Hft. 50,,,-,,-,free
2990,floradanica_2990.tif,Bryum roseum Schreb. / Bryum oeneum Blytt.,1880,Johan Lange,Mosser,Digitale Samlinger: Billeder:Særudgivelser:Flora Danica:Hæfte:Hft. 50,,,-,,-,free
2991,floradanica_2991.tif,Stylostegium caespiticium Br. et Sch. / Coscinodon cribrosus (Hedw.) Spruc.,1880,Johan Lange,Mosser,Digitale Samlinger: Billeder:Særudgivelser:Flora Danica:Hæfte:Hft. 50,,,-,,-,free
2992,floradanica_2992.tif,Discelium nudum Brid. / Pyramidula tetragona Brid.,1880,Johan Lange,Mosser,Digitale Samlinger: Billeder:Særudgivelser:Flora Danica:Hæfte:Hft. 50,,,-,,-,free
2993,floradanica_2993.tif,Tayloria serrata (Hedw.) Br. et Sch. / Tetrodontium Brownianum (Dicks.) Schwägr.,1880,Johan Lange,Mosser,Digitale Samlinger: Billeder:Særudgivelser:Flora Danica:Hæfte:Hft. 50,,,-,,-,free
2994,floradanica_2994.tif,Oedipodium Griffithianum (Dicks.) Schwägr. / Catharinea tenella Röhl. (Atrichum Br. et Sch.),1880,Johan Lange,Mosser,Digitale Samlinger: Billeder:Særudgivelser:Flora Danica:Hæfte:Hft. 50,,,-,,-,free
2995,floradanica_2995.tif,Ångstr¨mia longipes (Smrf.) Br. et Sch. / Eustichium norvegicum Br. et Sch.,1880,Johan Lange,Mosser,Digitale Samlinger: Billeder:Særudgivelser:Flora Danica:Hæfte:Hft. 50,,,-,,-,free
2996,floradanica_2996.tif,Ceratodon purpureus (L.) Brid. / Cynodontium Bruntoni (Sm.) Br. et Sch.,1880,Johan Lange,Mosser,Digitale Samlinger: Billeder:Særudgivelser:Flora Danica:Hæfte:Hft. 50,,,-,,-,free
2997,floradanica_2997.tif,Dicranum Schraderi Web. et M.,1880,Johan Lange,Mosser,Digitale Samlinger: Billeder:Særudgivelser:Flora Danica:Hæfte:Hft. 50,,,-,,-,free
2998,floradanica_2998.tif,Dicranum robustum Blytt.,1880,Johan Lange,Mosser,Digitale Samlinger: Billeder:Særudgivelser:Flora Danica:Hæfte:Hft. 50,,,-,,-,free
2999,floradanica_2999.tif,Dicranum Scottianum Turn.,1880,Johan Lange,Mosser,Digitale Samlinger: Billeder:Særudgivelser:Flora Danica:Hæfte:Hft. 50,,,-,,-,free
3000,floradanica_3000.tif,Andreaea Hartmani Thed. / Andreaea obovata Thed.,1880,Johan Lange,Mosser,Digitale Samlinger: Billeder:Særudgivelser:Flora Danica:Hæfte:Hft. 50,Scrophulariaceae,Veronica officinalis L.,Ærenpris,Maskeblomstfamilien,Læge-,free
3001,floradanica_3001.tif,Veronica officinalis L. var glabrata Frist,1883,Johan Lange,Karplanter,Digitale Samlinger: Billeder:Særudgivelser:Flora Danica:Hæfte:Hft. 51,Poaceae,Catabrosa aquatica (L.) Beauv.,Tæppegræs,Græsfamilien,,free
3002,floradanica_3002.tif,Catabrosa aquatica var. borealis Lge. / Catabrosa aquatica var subtilis Hook.,1883,Johan Lange,Karplanter,Digitale Samlinger: Billeder:Særudgivelser:Flora Danica:Hæfte:Hft. 51,Poaceae,Leymus mollis (Trin.) Hara,Marehalm,Græsfamilien,Dunet,free
3003,floradanica_3003.tif,"Elymus aranarius [beta], villosus E. Mey.",1883,Johan Lange,Karplanter,Digitale Samlinger: Billeder:Særudgivelser:Flora Danica:Hæfte:Hft. 51,Poaceae,Parapholis strigosa (Dumart.) C. E. Hubbard,Spidshale,Græsfamilien,,free
3004,floradanica_3004.tif,"Lepturus filiformis Trin. [alfa], strictus",1883,Johan Lange,Karplanter,Digitale Samlinger: Billeder:Særudgivelser:Flora Danica:Hæfte:Hft. 51,Poaceae,Elytrigia junceiforme x repens,Kvik,Græsfamilien,Hybrid-,free
3005,floradanica_3005.tif,Agropyrum acutum (DC.).,1883,Johan Lange,Karplanter,Digitale Samlinger: Billeder:Særudgivelser:Flora Danica:Hæfte:Hft. 51,Poaceae,Puccinella angustata (R. Br.) Rand & Redf.,Annelgræs,Græsfamilien,Smaltoppet,free
3006,floradanica_3006.tif,Glyceria angustata R. Br.,1883,Johan Lange,Karplanter,Digitale Samlinger: Billeder:Særudgivelser:Flora Danica:Hæfte:Hft. 51,Trapaceae,Trapa natans L.,Hornnød,Hornnødfamilien,,free
3007,floradanica_3007.tif,Trapa natans L. var. conocarpa Aresch.,1883,Johan Lange,Karplanter,Digitale Samlinger: Billeder:Særudgivelser:Flora Danica:Hæfte:Hft. 51,Plantaginaceae,Plantago lanceolata L.,Vejbred,Vejbredfamilien,Lancet-,free
3008,floradanica_3008.tif,Plantago lanceolata L. var. depressa Rosts. 223),1883,Johan Lange,Karplanter,Digitale Samlinger: Billeder:Særudgivelser:Flora Danica:Hæfte:Hft. 51,Plantaginaceae,Plantago lanceolata L.,Vejbred,Vejbredfamilien,Lancet-,free
3009,floradanica_3009.tif,Plantago lanceolata var. eriophylla Dcne.,1883,Johan Lange,Karplanter,Digitale Samlinger: Billeder:Særudgivelser:Flora Danica:Hæfte:Hft. 51,Solanaceae,Solanum luteum Miller ssp. luteum,Natskygge,Natskyggefamilien,Gul,free
3010,floradanica_3010.tif,Solanum villosum Lam.,1883,Johan Lange,Karplanter,Digitale Samlinger: Billeder:Særudgivelser:Flora Danica:Hæfte:Hft. 51,Convolvulaceae,Calystegia sepium (L.) R. Br. ssp. roseata Brummitt,Snerle,Snerlefamilien,Marsk-,free
3011,floradanica_3011.tif,"Convolvolus (Calystegia) sepium L. [beta], coloratus Lge.",1883,Johan Lange,Karplanter,Digitale Samlinger: Billeder:Særudgivelser:Flora Danica:Hæfte:Hft. 51,Convolvulaceae,Convolvulus arvensis L.,Snerle,Snerlefamilien,Ager-,free
3012,floradanica_3012.tif,Convolvolus arvensis var. parviflora Lang.,1883,Johan Lange,Karplanter,Digitale Samlinger: Billeder:Særudgivelser:Flora Danica:Hæfte:Hft. 51,Convolvulaceae,Convolvulus arvensis L.,Snerle,Snerlefamilien,Ager-,free
3013,floradanica_3013.tif,Convolvolus arvensis var. linearifolia Chois.,1883,Johan Lange,Karplanter,Digitale Samlinger: Billeder:Særudgivelser:Flora Danica:Hæfte:Hft. 51,Caryophyllaceae,Herniaria glabra L.,Brudurt,Nellikefamilien,,free
3014,floradanica_3014.tif,Herniaria glabra L. var. subcililata Bab.,1883,Johan Lange,Karplanter,Digitale Samlinger: Billeder:Særudgivelser:Flora Danica:Hæfte:Hft. 51,Apiaceae,Peucedanum ostruthium (L.) Koch,Mesterrod,Skærmblomstfamilien,,free
3015,floradanica_3015.tif,Imperatoria Ostruthium L.,1883,Johan Lange,Karplanter,Digitale Samlinger: Billeder:Særudgivelser:Flora Danica:Hæfte:Hft. 51,Liliaceae,Gagea lutea (L.) Ker-Gawler,Guldstjerne,Liljefamilien,Almindelig,free
3016,floradanica_3016.tif,Gagea lutea (L.) var. glaucescens Lge.,1883,Johan Lange,Karplanter,Digitale Samlinger: Billeder:Særudgivelser:Flora Danica:Hæfte:Hft. 51,Polygonaceae,Polygonum aviculare L. ssp. rurivagum (Boreau) Berher in Louis,Pileurt,Skedeknæfamilien,Spidsbladet,free
3017,floradanica_3017.tif,Polygonum aviculaare L. var. angustissima Meisn.,1883,Johan Lange,Karplanter,Digitale Samlinger: Billeder:Særudgivelser:Flora Danica:Hæfte:Hft. 51,Onagraceae,Epilobium parviflorum x roseum,Dueurt,Natlysfamilien,Dunet x Rosen-,free
3018,floradanica_3018.tif,Epilobium roseo × pubescens Lasch.,1883,Johan Lange,Karplanter,Digitale Samlinger: Billeder:Særudgivelser:Flora Danica:Hæfte:Hft. 51,Ericaceae,Vaccinium microcarpum (Turcz. ex Rupr.) Schmalh.,Tranebær,Lyngfamilien,Dværg-,free
3019,floradanica_3019.tif,"Oxycoccus palustris [beta], microcarpa (Turcz.) Rupr. / Oxycoccus palustris var. major Lge. 224)",1883,Johan Lange,Karplanter,Digitale Samlinger: Billeder:Særudgivelser:Flora Danica:Hæfte:Hft. 51,Rosaceae,Potentilla anserina L. ssp. anserina,Potentil,Rosenfamilien,Gåse-,free
3020,floradanica_3020.tif,Potentilla anserina L. var. tenella Lge.,1883,Johan Lange,Karplanter,Digitale Samlinger: Billeder:Særudgivelser:Flora Danica:Hæfte:Hft. 51,Rosaceae,Potentilla anserina L. ssp. egedeii (Wormsk.),Potentil,Rosenfamilien,Egedes,free
3021,floradanica_3021.tif,Potentilla anserina v. grandis Lehm.,1883,Johan Lange,Karplanter,Digitale Samlinger: Billeder:Særudgivelser:Flora Danica:Hæfte:Hft. 51,Rosaceae,Fragaria moschata Duchesne,Jordbær,Rosenfamilien,Spansk,free
3022,floradanica_3022.tif,Fragaria eliator Ehrh.,1883,Johan Lange,Karplanter,Digitale Samlinger: Billeder:Særudgivelser:Flora Danica:Hæfte:Hft. 51,Rosaceae,Rubus sp.,Brombær,Rosenfamilien,,free
3023,floradanica_3023.tif,Rubus Drejeri G Jens.,1883,Johan Lange,Karplanter,Digitale Samlinger: Billeder:Særudgivelser:Flora Danica:Hæfte:Hft. 51,Rosaceae,Rubus sp.,Brombær,Rosenfamilien,,free
3024,floradanica_3024.tif,Rubus caesio × hirtus Lge.,1883,Johan Lange,Karplanter,Digitale Samlinger: Billeder:Særudgivelser:Flora Danica:Hæfte:Hft. 51,Rosaceae,Rubus sp.,Brombær,Rosenfamilien,,free
3025,floradanica_3025.tif,Rubus thyrsoideus var. incisa. / Rubus lacinatus Wlld.,1883,Johan Lange,Karplanter,Digitale Samlinger: Billeder:Særudgivelser:Flora Danica:Hæfte:Hft. 51,Rosaceae,Rubus sp.,Brombær,Rosenfamilien,,free
3026,floradanica_3026.tif,Rubus sciaphilus Lge.,1883,Johan Lange,Karplanter,Digitale Samlinger: Billeder:Særudgivelser:Flora Danica:Hæfte:Hft. 51,Rosaceae,Rubus sp.,Brombær,Rosenfamilien,,free
3027,floradanica_3027.tif,Rubus exilis Lge.,1883,Johan Lange,Karplanter,Digitale Samlinger: Billeder:Særudgivelser:Flora Danica:Hæfte:Hft. 51,Rosaceae,Prunus cerasus L.,Kirsebær,Rosenfamilien,Sur-,free
3028,floradanica_3028.tif,Cerasus acida Dmrt. (Prunus Cerauss L.).,1883,Johan Lange,Karplanter,Digitale Samlinger: Billeder:Særudgivelser:Flora Danica:Hæfte:Hft. 51,Ranunculaceae,Ranunculus affinis R.Br.,Ranunkel,Ranunkelfamilien,Fodfliget,free
3029,floradanica_3029.tif,Ranunculus affinis R. Br.,1883,Johan Lange,Karplanter,Digitale Samlinger: Billeder:Særudgivelser:Flora Danica:Hæfte:Hft. 51,Lamiaceae,Galeopsis angustifolia Ehrh. ex Hoffm.,Hanekro,Læbeblomstfamilien,Smalbladet,free
3030,floradanica_3030.tif,Galeopsis angustiflora Ehrh.,1883,Johan Lange,Karplanter,Digitale Samlinger: Billeder:Særudgivelser:Flora Danica:Hæfte:Hft. 51,Lamiaceae,Mentha arvensis x spicata nm. verticillata F. Aresch.,Mynte,Læbeblomstfamilien,Eng-,free
3031,floradanica_3031.tif,Mentha gentilis * Agardhiana (Fr.),1883,Johan Lange,Karplanter,Digitale Samlinger: Billeder:Særudgivelser:Flora Danica:Hæfte:Hft. 51,Lamiaceae,Mentha arvensis L.,Mynte,Læbeblomstfamilien,Ager-,free
3032,floradanica_3032.tif,Mentha arvensis var. riparia Fr.,1883,Johan Lange,Karplanter,Digitale Samlinger: Billeder:Særudgivelser:Flora Danica:Hæfte:Hft. 51,Brassicaceae,Draba daurica DC.,Draba,Korsblomstfamilien,Glatskulpet,free
3033,floradanica_3033.tif,Draba hirta var. incisa Lge. / Draba hirta var. incisa Lge.,1883,Johan Lange,Karplanter,Digitale Samlinger: Billeder:Særudgivelser:Flora Danica:Hæfte:Hft. 51,Brassicaceae,Cochlearia fenestrata R. Br.,Kokleare,Korsblomstfamilien,Polar-,free
3034,floradanica_3034.tif,Cochlearia fenestrata R. Br.,1883,Johan Lange,Karplanter,Digitale Samlinger: Billeder:Særudgivelser:Flora Danica:Hæfte:Hft. 51,Polygalaceae,Polygala comosa Schkuhr,Mælkeurt,Mælkeurtfamilien,Top-,free
3035,floradanica_3035.tif,Polygala comosum Schk.,1883,Johan Lange,Karplanter,Digitale Samlinger: Billeder:Særudgivelser:Flora Danica:Hæfte:Hft. 51,Polygalaceae,Polygala serpyllifolia J. A. C. Hose,Mælkeurt,Mælkeurtfamilien,Spæd,free
3036,floradanica_3036.tif,Polygala depressum Wend.,1883,Johan Lange,Karplanter,Digitale Samlinger: Billeder:Særudgivelser:Flora Danica:Hæfte:Hft. 51,Fabaceae,Astragalus penduliflorus Lam.,Astragel,Ærteblomstfamilien,Blære-,free
3037,floradanica_3037.tif,Astragalus penduliflorus Lam. (Phaca alpina L. ex p.).,1883,Johan Lange,Karplanter,Digitale Samlinger: Billeder:Særudgivelser:Flora Danica:Hæfte:Hft. 51,Fabaceae,Pisum sativum L. ssp. arvense,Ært,Ærteblomstfamilien,Mark-,free
3038,floradanica_3038.tif,Pisum arvense L.,1883,Johan Lange,Karplanter,Digitale Samlinger: Billeder:Særudgivelser:Flora Danica:Hæfte:Hft. 51,Asteraceae,Hieracium sp.,Høgeurt,Kurvblomstfamilien,,free
3039,floradanica_3039.tif,Hieraciuim caesium Fr.,1883,Johan Lange,Karplanter,Digitale Samlinger: Billeder:Særudgivelser:Flora Danica:Hæfte:Hft. 51,Asteraceae,Hieracium sp.,Høgeurt,Kurvblomstfamilien,,free
3040,floradanica_3040.tif,Hieracium rigidum Hartm. (H. gothicum Fr. ex p.),1883,Johan Lange,Karplanter,Digitale Samlinger: Billeder:Særudgivelser:Flora Danica:Hæfte:Hft. 51,Asteraceae,Hieracium umbellatum L.,Høgeurt,Kurvblomstfamilien,Smalbladet,free
3041,floradanica_3041.tif,Hieracium umbellatum L. var. dunensis (Rupr.).,1883,Johan Lange,Karplanter,Digitale Samlinger: Billeder:Særudgivelser:Flora Danica:Hæfte:Hft. 51,Asteraceae,Cirsium oleraceum (L.) Scop.,Tidsel,Kurvblomstfamilien,Kål-,free
3042,floradanica_3042.tif,"Cirsium oleracerum [beta], atrosanguineum",1883,Johan Lange,Karplanter,Digitale Samlinger: Billeder:Særudgivelser:Flora Danica:Hæfte:Hft. 51,Asteraceae,Cirsium heterophyllum x oleraceum,Tidsel,Kurvblomstfamilien,Forskelligbladet x Kål-,free
3043,floradanica_3043.tif,Cirsium oleraceo × heterophyllum Näg.,1883,Johan Lange,Karplanter,Digitale Samlinger: Billeder:Særudgivelser:Flora Danica:Hæfte:Hft. 51,Asteraceae,Inula britannica L.,Alant,Kurvblomstfamilien,Soløje-,free
3044,floradanica_3044.tif,Inula Britannica L.,1883,Johan Lange,Karplanter,Digitale Samlinger: Billeder:Særudgivelser:Flora Danica:Hæfte:Hft. 51,Asteraceae,Artemisia stellerana Besser,Bynke,Kurvblomstfamilien,Sølv-,free
3045,floradanica_3045.tif,Artemisia Stellariana Bess. 227),1883,Johan Lange,Karplanter,Digitale Samlinger: Billeder:Særudgivelser:Flora Danica:Hæfte:Hft. 51,Orchidaceae,Epipactis helleborine  (L.) Crantz,Hullæbe,Gøgeurtfamilien,Skov-,free
3046,floradanica_3046.tif,Epipactis latifolia (L.) All. 228),1883,Johan Lange,Karplanter,Digitale Samlinger: Billeder:Særudgivelser:Flora Danica:Hæfte:Hft. 51,Euphorbiaceae,Euphorbia dulcis L.,Vortemælk,Vortemælkfamilien,Knold-,free
3047,floradanica_3047.tif,Euphoriba dulcis L.,1883,Johan Lange,Karplanter,Digitale Samlinger: Billeder:Særudgivelser:Flora Danica:Hæfte:Hft. 51,Cyperaceae,Carex sp.,Star,Halvgræsfamilien,,free
3048,floradanica_3048.tif,Carex panicea L. v. tumidula Laest.,1883,Johan Lange,Karplanter,Digitale Samlinger: Billeder:Særudgivelser:Flora Danica:Hæfte:Hft. 51,Cyperaceae,Carex sp.,Star,Halvgræsfamilien,,free
3049,floradanica_3049.tif,Carex rotundata var. eliator Lge.,1883,Johan Lange,Karplanter,Digitale Samlinger: Billeder:Særudgivelser:Flora Danica:Hæfte:Hft. 51,Cyperaceae,Carex pilulifera L. ssp. pilulifera,Star,Halvgræsfamilien,Pille-,free
3050,floradanica_3050.tif,Caerx pilulifera v. longobracteat Lge.,1883,Johan Lange,Karplanter,Digitale Samlinger: Billeder:Særudgivelser:Flora Danica:Hæfte:Hft. 51,Cyperaceae,Carex pilulifera L. ssp. deflexa (Hornem.),Star,Halvgræsfamilien,Nedbøjet,free
3051,floradanica_3051.tif,Carex pilulifera var. deflexa (Horn.) Drej. 229),1883,Johan Lange,Karplanter,Digitale Samlinger: Billeder:Særudgivelser:Flora Danica:Hæfte:Hft. 51,Betulaceae,Betula nana L.,Birk,Birkefamilien,Dværg-,free
3052,floradanica_3052.tif,Betula nana L. var. flabellata Hook.,1883,Johan Lange,Karplanter,Digitale Samlinger: Billeder:Særudgivelser:Flora Danica:Hæfte:Hft. 51,Salicaceae,Salix uva-ursi Pursh,Pil,Pilefamilien,Melbær-,free
3053,floradanica_3053.tif,Salix Myrsinites L. var. parvifolia And. 230),1883,Johan Lange,Karplanter,Digitale Samlinger: Billeder:Særudgivelser:Flora Danica:Hæfte:Hft. 51,Orobanchaceae,Orobanche picridis F.W.Schultz ex Koch,Gyvelkvæler,Gyvelkvælerfamilien,Bittermælk-,free
3054,floradanica_3054.tif,Orobanche Picridis Schultz.,1883,Johan Lange,Karplanter,Digitale Samlinger: Billeder:Særudgivelser:Flora Danica:Hæfte:Hft. 51,Dryopteridaceae,Dryopteris expansa (Presl) Fraser-Jenkins & Jermy,Mangeløv,Mangeløvfamilien,Finbladet,free
3055,floradanica_3055.tif,Lastraea spinulosa v. intermedia Milde.,1883,Johan Lange,Karplanter,Digitale Samlinger: Billeder:Særudgivelser:Flora Danica:Hæfte:Hft. 51,,,-,,-,free
3056,floradanica_3056.tif,Hylocomium umbratum (Ehrh.) Br. et Sch.,1883,Johan Lange,Mosser,Digitale Samlinger: Billeder:Særudgivelser:Flora Danica:Hæfte:Hft. 51,,Eurhynchium strigosum Br. et Sch.,-,,-,free
3057,floradanica_3057.tif,Hypnum (Campylium) Sommerfeltii Myr. / Hypnum (Eurhynchium) strigosum Hffm.,1883,Johan Lange,Mosser,Digitale Samlinger: Billeder:Særudgivelser:Flora Danica:Hæfte:Hft. 51,,,-,,-,free
3058,floradanica_3058.tif,Myurella apiculata (Hüb.) Br. et Sch. / Neckera pennata (Hall.) Hedw.,1883,Johan Lange,Mosser,Digitale Samlinger: Billeder:Særudgivelser:Flora Danica:Hæfte:Hft. 51,,,-,,-,free
3059,floradanica_3059.tif,Dicranum montanum Hedw. / Campylopus turfaceus Br. et Sch.,1883,Johan Lange,Mosser,Digitale Samlinger: Billeder:Særudgivelser:Flora Danica:Hæfte:Hft. 51,,,-,,-,free
3060,floradanica_3060.tif,Sphagnum riparium Ångstr. (Sphagnum spectabile Schimp.).,1883,Johan Lange,Mosser,Digitale Samlinger: Billeder:Særudgivelser:Flora Danica:Hæfte:Hft. 51,Poaceae,Cinna latifolia (Trev.) Griseb. in Ledeb.,Cinnagræs,Græsfamilien,,free
3060,floradanica_3060.tif,Sphagnum riparium Ångstr. (Sphagnum spectabile Schimp.).,1883,F. Liebmann,Mosser,Digitale Samlinger: Billeder:Særudgivelser:Flora Danica:Hæfte:Hft. 51,Poaceae,Coleanthus subtilis (Tratt.) Seidl. in Roemer & Schultes,Dværggræs,Græsfamilien,,free
3061,floradanica_S0001.tif,Mühlenbergia pendula Bong.,1853,F. Liebmann,Karplanter,Digitale Samlinger: Billeder:Særudgivelser:Flora Danica:Hæfte:Suppl. 1,Poaceae,Deschampsia setacea (Hudson) Hackel,Bunke,Græsfamilien,Fin,free
3062,floradanica_S0002.tif,Coleanthus subtilis Seid.,1853,F. Liebmann,Karplanter,Digitale Samlinger: Billeder:Særudgivelser:Flora Danica:Hæfte:Suppl. 1,Poaceae,Glyceria lithuanica (Gorski) Gorski,Sødgræs,Græsfamilien,Liatuisk,free
3063,floradanica_S0003.tif,Aira uliginosa Whe.,1853,F. Liebmann,Karplanter,Digitale Samlinger: Billeder:Særudgivelser:Flora Danica:Hæfte:Suppl. 1,Poaceae,Calamagrostis lapponica (Wahlenb.) Hartm.,Rørhvene,Græsfamilien,Laplands-,free
3064,floradanica_S0004.tif,Glyceria remota Fr. (G. norvegica Smrf.),1853,F. Liebmann,Karplanter,Digitale Samlinger: Billeder:Særudgivelser:Flora Danica:Hæfte:Suppl. 1,Poaceae,Calamagrostis lapponica (Wahlenb.) Hartm.,Rørhvene,Græsfamilien,Laplands-,free
3065,floradanica_S0005.tif,Calamagrostis lapponica Wahlenb.,1853,F. Liebmann,Karplanter,Digitale Samlinger: Billeder:Særudgivelser:Flora Danica:Hæfte:Suppl. 1,Poaceae,Melica ciliata L.,Flitteraks,Græsfamilien,Håret,free
3066,floradanica_S0006.tif,Calamagrostis lapponica Wahlenb. var. opima Hartm.,1853,F. Liebmann,Karplanter,Digitale Samlinger: Billeder:Særudgivelser:Flora Danica:Hæfte:Suppl. 1,Cyperaceae,Eriophorum russeolum Fries ex Hartman ssp. russeolum,Kæruld,Halvgræsfamilien,Rust-,free
3067,floradanica_S0007.tif,Melica ciliata L.,1853,F. Liebmann,Karplanter,Digitale Samlinger: Billeder:Særudgivelser:Flora Danica:Hæfte:Suppl. 1,Plantaginaceae,Plantago tenuiflora Waldst. & Kit.,Vejbred,Vejbredfamilien,Dværg-,free
3068,floradanica_S0008.tif,Eriphorum russeloum Fr.,1853,F. Liebmann,Karplanter,Digitale Samlinger: Billeder:Særudgivelser:Flora Danica:Hæfte:Suppl. 1,Santalaceae,Thesium alpinum L.,Nålebæger,Sandelfamilien,Alpe-,free
3069,floradanica_S0009.tif,Plantagto minor Fr.,1853,F. Liebmann,Karplanter,Digitale Samlinger: Billeder:Særudgivelser:Flora Danica:Hæfte:Suppl. 1,Juncaceae,Juncus stygius L.,Siv,Sivfamilien,Tvillingstilket,free
3070,floradanica_S0010.tif,Thesium alpinum L.,1853,F. Liebmann,Karplanter,Digitale Samlinger: Billeder:Særudgivelser:Flora Danica:Hæfte:Suppl. 1,Juncaceae,Luzula wahlenbergii Rupr.,Frytle,Sivfamilien,Rensdyr-,free
3071,floradanica_S0011.tif,Juncus stygius L.,1853,F. Liebmann,Karplanter,Digitale Samlinger: Billeder:Særudgivelser:Flora Danica:Hæfte:Suppl. 1,Liliaceae,Tofieldia calyculata (L.) Wahlenb.,Bjørnebrod,Liljefamilien,Mose-,free
3072,floradanica_S0012.tif,Luzula glabrata Lbm.,1853,F. Liebmann,Karplanter,Digitale Samlinger: Billeder:Særudgivelser:Flora Danica:Hæfte:Suppl. 1,Saxifragaceae,Saxifraga cespitosa L.,Stenbræk,Stenbrækfamilien,Tue-,free
3073,floradanica_S0013.tif,Tofieldia calylata Wahlenb.,1853,F. Liebmann,Karplanter,Digitale Samlinger: Billeder:Særudgivelser:Flora Danica:Hæfte:Suppl. 1,Caryophyllaceae,Arenaria gothica Fries,Sandarve,Nellikefamilien,Gotlandsk,free
3074,floradanica_S0014.tif,Saxifraga caespitosa var. palmata Hartm.,1853,F. Liebmann,Karplanter,Digitale Samlinger: Billeder:Særudgivelser:Flora Danica:Hæfte:Suppl. 1,Caryophyllaceae,Stellaria longifolia Mühl.,Fladstjerne,Nellikefamilien,Langbladet,free
3075,floradanica_S0015.tif,Arenaria gothica Fr.,1853,F. Liebmann,Karplanter,Digitale Samlinger: Billeder:Særudgivelser:Flora Danica:Hæfte:Suppl. 1,Rosaceae,Rubus arcticus L.,Bjørnebær,Rosenfamilien,,free
3076,floradanica_S0016.tif,Stellaria longifolia Fr. (S. Friseana Ser.),1853,F. Liebmann,Karplanter,Digitale Samlinger: Billeder:Særudgivelser:Flora Danica:Hæfte:Suppl. 1,Cistaceae,Helianthemum oelandicum (L.) DC.,Soløje,Soløjefamilien,Ølands-,free
3077,floradanica_S0017.tif,Rubus arcticus L.,1853,F. Liebmann,Karplanter,Digitale Samlinger: Billeder:Særudgivelser:Flora Danica:Hæfte:Suppl. 1,Ranunculaceae,Ranunculus illyricus L.,Ranunkel,Ranunkelfamilien,Steppe-,free
3078,floradanica_S0018.tif,Helianthemum oelandicum L.,1853,F. Liebmann,Karplanter,Digitale Samlinger: Billeder:Særudgivelser:Flora Danica:Hæfte:Suppl. 1,Fabaceae,Oxytropis lapponica (Wahlenb.) Gay,Spidsbælg,Ærteblomstfamilien,Bjerg-,free
3079,floradanica_S0019.tif,Ranunculus illyricus L.,1853,F. Liebmann,Karplanter,Digitale Samlinger: Billeder:Særudgivelser:Flora Danica:Hæfte:Suppl. 1,Asteraceae,Lactuca sibirica (L.) Maxim.,Salat,Kurvblomstfamilien,Elv-,free
3080,floradanica_S0020.tif,Oxytropis lapponica Wahlenb.,1853,F. Liebmann,Karplanter,Digitale Samlinger: Billeder:Særudgivelser:Flora Danica:Hæfte:Suppl. 1,Asteraceae,Aster linosyris (L.) Bernh.,Asters,Kurvblomstfamilien,Guld-,free
3081,floradanica_S0021.tif,Mulgedium sibiricum (L.),1853,F. Liebmann,Karplanter,Digitale Samlinger: Billeder:Særudgivelser:Flora Danica:Hæfte:Suppl. 1,Asteraceae,Erigeron acer L. ssp. politus (Fries) H. Lindb. fil.,Bakkestjerne,Kurvblomstfamilien,Brun,free
3082,floradanica_S0022.tif,Linosyris vulgaris Cass.,1853,F. Liebmann,Karplanter,Digitale Samlinger: Billeder:Særudgivelser:Flora Danica:Hæfte:Suppl. 1,Asteraceae,Inula ensifolia L.,Alant,Kurvblomstfamilien,Sværd-,free
3083,floradanica_S0023.tif,Erigeron elongatus Hartm.,1853,F. Liebmann,Karplanter,Digitale Samlinger: Billeder:Særudgivelser:Flora Danica:Hæfte:Suppl. 1,Asteraceae,Artemisia rupestris L.,Bynke,Kurvblomstfamilien,Sten-,free
3084,floradanica_S0024.tif,Inula ensifolia L.,1853,F. Liebmann,Karplanter,Digitale Samlinger: Billeder:Særudgivelser:Flora Danica:Hæfte:Suppl. 1,Asteraceae,Artemisia oelandica (Besser) Komarov.,Bynke,Kurvblomstfamilien,Alvar-,free
3085,floradanica_S0025.tif,Artemisia rupestris L.,1853,F. Liebmann,Karplanter,Digitale Samlinger: Billeder:Særudgivelser:Flora Danica:Hæfte:Suppl. 1,Cyperaceae,Carex vaginata Tausch,Star,Halvgræsfamilien,Fåkapslet,free
3086,floradanica_S0026.tif,Artemisia laciniata Willd.,1853,F. Liebmann,Karplanter,Digitale Samlinger: Billeder:Særudgivelser:Flora Danica:Hæfte:Suppl. 1,Cyperaceae,Carex canescens x dioica,Star,Halvgræsfamilien,Grå x Tvebo,free
3087,floradanica_S0027.tif,Carex vaginata Tausch.,1853,F. Liebmann,Karplanter,Digitale Samlinger: Billeder:Særudgivelser:Flora Danica:Hæfte:Suppl. 1,Cyperaceae,Carex parallela (Laest.) Sommerf.,Star,Halvgræsfamilien,Smal,free
3088,floradanica_S0028.tif,Carex microstachya Ehrh.,1853,F. Liebmann,Karplanter,Digitale Samlinger: Billeder:Særudgivelser:Flora Danica:Hæfte:Suppl. 1,Cyperaceae,Carex lasiocarpa x riparia,Star,Halvgræsfamilien,Tråd- x Tykakset,free
3089,floradanica_S0029.tif,Carex parallela Laest.,1853,F. Liebmann,Karplanter,Digitale Samlinger: Billeder:Særudgivelser:Flora Danica:Hæfte:Suppl. 1,Cyperaceae,Carex heleonastes L. fil.,Star,Halvgræsfamilien,Tætakset,free
3090,floradanica_S0030.tif,Carex evolata Hartm.,1853,F. Liebmann,Karplanter,Digitale Samlinger: Billeder:Særudgivelser:Flora Danica:Hæfte:Suppl. 1,Cyperaceae,Carex canescens x lachenalii,Star,Halvgræsfamilien,Grå x Rype-,free
3091,floradanica_S0031.tif,Carex heleonastes Ehrh.,1853,F. Liebmann,Karplanter,Digitale Samlinger: Billeder:Særudgivelser:Flora Danica:Hæfte:Suppl. 1,Cyperaceae,Carex aquatilis Wahlenb.,Star,Halvgræsfamilien,Vand-,free
3092,floradanica_S0032.tif,Carex helvola Blytt.,1853,F. Liebmann,Karplanter,Digitale Samlinger: Billeder:Særudgivelser:Flora Danica:Hæfte:Suppl. 1,Cyperaceae,Carex livida (Wahlenb.) Willd.,Star,Halvgræsfamilien,Blyfarvet,free
3093,floradanica_S0033.tif,Carex aquitalis Wahlenb.,1853,F. Liebmann,Karplanter,Digitale Samlinger: Billeder:Særudgivelser:Flora Danica:Hæfte:Suppl. 1,Cyperaceae,Carex pediformis C.A.Meyer,Star,Halvgræsfamilien,Frösö-,free
3094,floradanica_S0034.tif,Carex livida Wahlenb.,1853,F. Liebmann,Karplanter,Digitale Samlinger: Billeder:Særudgivelser:Flora Danica:Hæfte:Suppl. 1,Cyperaceae,"Carex rhynchophysa Fischer, C.A.Meyer & Avé-Lall.",Star,Halvgræsfamilien,Stor Næb-,free
3095,floradanica_S0035.tif,Carex pediformis C. A. Mey.,1853,F. Liebmann,Karplanter,Digitale Samlinger: Billeder:Særudgivelser:Flora Danica:Hæfte:Suppl. 1,Betulaceae,Betula pubescens Ehrh. ssp. czerepanovii  (Orlova),Birk,Birkefamilien,Fjeld-,free
3096,floradanica_S0036.tif,Carex laevistrostris Blytt. et E. Fr.,1853,F. Liebmann,Karplanter,Digitale Samlinger: Billeder:Særudgivelser:Flora Danica:Hæfte:Suppl. 1,Salicaceae,Salix starkeana Willd. ssp. starkeana,Pil,Pilefamilien,Ellebladet,free
3097,floradanica_S0037.tif,Betula alpestris Fr.,1853,F. Liebmann,Karplanter,Digitale Samlinger: Billeder:Særudgivelser:Flora Danica:Hæfte:Suppl. 1,Salicaceae,Salix sp.,Pil,Pilefamilien,,free
3098,floradanica_S0038.tif,Salix depressa F. (S. livida Wahlenb.),1853,F. Liebmann,Karplanter,Digitale Samlinger: Billeder:Særudgivelser:Flora Danica:Hæfte:Suppl. 1,Athyriaceae,Diplazium sibiricum (Turcz. ex G. Kuntze) Kurata  in Namegata & Kurata,Russerbregne,Fjerbregnefamilien,,free
3099,floradanica_S0039.tif,Salix pyrenaica * norvegica Fr.,1853,F. Liebmann,Karplanter,Digitale Samlinger: Billeder:Særudgivelser:Flora Danica:Hæfte:Suppl. 1,Woodsiaceae,Gymnocarpium robertianum (Hoffm.) Newman,Egebregne,Fjerbregnefamilien,Kalk-,free
3100,floradanica_S0040.tif,Asplenium crenatum Smrf.,1853,F. Liebmann,Karplanter,Digitale Samlinger: Billeder:Særudgivelser:Flora Danica:Hæfte:Suppl. 1,,,-,,-,free
3101,floradanica_S0041.tif,polypodium robertianum Hffm.,1853,F. Liebmann,Karplanter,Digitale Samlinger: Billeder:Særudgivelser:Flora Danica:Hæfte:Suppl. 1,,Tetraplodon mnioides (Sw.) Br. et Sch.,-,,-,free
3102,floradanica_S0042.tif,Splachnum sphaericum L.,1853,F. Liebmann,Mosser,Digitale Samlinger: Billeder:Særudgivelser:Flora Danica:Hæfte:Suppl. 1,,,-,,-,free
3103,floradanica_S0043.tif,Splachnum mnioides Hedw. / Dissodon Froelichianus Hedw.,1853,F. Liebmann,Mosser,Digitale Samlinger: Billeder:Særudgivelser:Flora Danica:Hæfte:Suppl. 1,,Dicranella heteromalla monstr. seta curvata.,-,,-,free
3104,floradanica_S0044.tif,Tayloria splachnoides Hook.,1853,F. Liebmann,Mosser,Digitale Samlinger: Billeder:Særudgivelser:Flora Danica:Hæfte:Suppl. 1,,"Cynodontium gracilescnes (Mohr) [beta], cirrhatum (Hook.) Lindb.",-,,-,free
3105,floradanica_S0045.tif,Dicranum flexuosum Lbm. / Trichostomum pusillum Hedw.,1853,F. Liebmann,Mosser,Digitale Samlinger: Billeder:Særudgivelser:Flora Danica:Hæfte:Suppl. 1,,Timmia bavarica Hessl.,-,,-,free
3106,floradanica_S0046.tif,"Dicranum gracilescens [beta], curvisetum",1853,F. Liebmann,Mosser,Digitale Samlinger: Billeder:Særudgivelser:Flora Danica:Hæfte:Suppl. 1,,,-,,-,free
3107,floradanica_S0047.tif,Timmia megapolitana Lbm.,1853,F. Liebmann,Mosser,Digitale Samlinger: Billeder:Særudgivelser:Flora Danica:Hæfte:Suppl. 1,,Pterygophyllum lucens Brid.,-,,-,free
3108,floradanica_S0048.tif,Timmia austriaca Hedw.,1853,F. Liebmann,Mosser,Digitale Samlinger: Billeder:Særudgivelser:Flora Danica:Hæfte:Suppl. 1,,Desmatodon Laureri Br. et Sch.,-,,-,free
3109,floradanica_S0049.tif,Hookeria lucens Sm.,1853,F. Liebmann,Mosser,Digitale Samlinger: Billeder:Særudgivelser:Flora Danica:Hæfte:Suppl. 1,,Philonotis fontana (L.) Brid. forma.,-,,-,free
3110,floradanica_S0050.tif,Desmatodon nitens Lbm.,1853,F. Liebmann,Mosser,Digitale Samlinger: Billeder:Særudgivelser:Flora Danica:Hæfte:Suppl. 1,,Cetraria fahluensis (L.) Schär.,-,,-,free
3111,floradanica_S0051.tif,Philonotis calcarea Lbm.,1853,F. Liebmann,Mosser,Digitale Samlinger: Billeder:Særudgivelser:Flora Danica:Hæfte:Suppl. 1,,Placodium cartilagineum (Westr.) Körb.,-,,-,free
3112,floradanica_S0052.tif,Parmelia fahlunensis (L.) Ach. / Parmelia (Placodium) crassa Ach.,1853,F. Liebmann,Laver,Digitale Samlinger: Billeder:Særudgivelser:Flora Danica:Hæfte:Suppl. 1,,Pannaria rubiginosa (Thunb.) Mass.,-,,-,free
3113,floradanica_S0053.tif,Parmelia (Placodium) cartilaginea Ach. / Parmelia (Urceolaria) cenisea Fr.,1853,F. Liebmann,Laver,Digitale Samlinger: Billeder:Særudgivelser:Flora Danica:Hæfte:Suppl. 1,,,-,,-,free
3114,floradanica_S0054.tif,Parmelia rubiginosa Ach. / Parmelia confragosa Ach.,1853,F. Liebmann,Laver,Digitale Samlinger: Billeder:Særudgivelser:Flora Danica:Hæfte:Suppl. 1,,Psora demissa (Rutstr.).,-,,-,free
3115,floradanica_S0055.tif,Cetraria sepincola Ehrh. / Parmelia caperata Ach.,1853,F. Liebmann,Laver,Digitale Samlinger: Billeder:Særudgivelser:Flora Danica:Hæfte:Suppl. 1,,Gyrophora anthracina (Wulf.) Körb.,-,,-,free
3116,floradanica_S0056.tif,Biatora atrorufa Dicks. / Biatora lurida Stenh.,1853,F. Liebmann,Laver,Digitale Samlinger: Billeder:Særudgivelser:Flora Danica:Hæfte:Suppl. 1,,?,-,,-,free
3117,floradanica_S0057.tif,"Umbilicaria atropruinosa [beta], tesselata Fr. / Umbilicaria polyrrhizos Stenh.",1853,F. Liebmann,Laver,Digitale Samlinger: Billeder:Særudgivelser:Flora Danica:Hæfte:Suppl. 1,,Catillaria Rhrhartiana (Ach.) Th. Fr.,-,,-,free
3118,floradanica_S0058.tif,Lecidea miliaria Fr. / Lecidea miliaria Fr. / Lecidea dolosa Wahlenb.,1853,F. Liebmann,Laver,Digitale Samlinger: Billeder:Særudgivelser:Flora Danica:Hæfte:Suppl. 1,,,-,,-,free
3119,floradanica_S0059.tif,Cladonia Botrutes Hffm. / Cliostomum corrugatum Ach.,1853,F. Liebmann,Ukendt,Digitale Samlinger: Billeder:Særudgivelser:Flora Danica:Hæfte:Suppl. 1,Poaceae,Stipa pennata L.,Fjergræs,Græsfamilien,,free
3120,floradanica_S0060.tif,Trachylia tigillaris Ach. / Calcium lenticulare Ach.,1853,Johan Lange,Laver,Digitale Samlinger: Billeder:Særudgivelser:Flora Danica:Hæfte:Suppl. 1,Poaceae,Calamagrostis arundinacea x epigeios,Rørhvene,Græsfamilien,Skov- x Bjerg-,free
3121,floradanica_S0061.tif,Stipa pennata L.,1865,Johan Lange,Karplanter,Digitale Samlinger: Billeder:Særudgivelser:Flora Danica:Hæfte:Suppl. 2,Poaceae,Calamagrostis purpurea (Trin.) Trin. ssp. phragmitoides (Hartman) Tzvelev,Rørhvene,Græsfamilien,Brun,free
3122,floradanica_S0062.tif,Calamagrostis acutiflora (Schrad.) DC.,1865,Johan Lange,Karplanter,Digitale Samlinger: Billeder:Særudgivelser:Flora Danica:Hæfte:Suppl. 2,Poaceae,Deschampsia bottnica (Wahlenb.) Trin.,Bunke,Græsfamilien,Strand-,free
3123,floradanica_S0063.tif,Calamagrostis elata Blytt,1865,Johan Lange,Karplanter,Digitale Samlinger: Billeder:Særudgivelser:Flora Danica:Hæfte:Suppl. 2,Poaceae,Poa arctica R. Br.,Rapgræs,Græsfamilien,Arktisk,free
3124,floradanica_S0064.tif,Aira bottnica Wahlenb.,1865,Johan Lange,Karplanter,Digitale Samlinger: Billeder:Særudgivelser:Flora Danica:Hæfte:Suppl. 2,Poaceae,Poa sp.,Rapgræs,Græsfamilien,,free
3125,floradanica_S0065.tif,Poa stricta Lindeb.,1865,Johan Lange,Karplanter,Digitale Samlinger: Billeder:Særudgivelser:Flora Danica:Hæfte:Suppl. 2,Gentianaceae,Gentianella germanica (Willd.) E. F. Warburg,Ensian,Ensianfamilien,Tysk,free
3126,floradanica_S0066.tif,Poa alpina var. collina Wahlenb.,1865,Johan Lange,Karplanter,Digitale Samlinger: Billeder:Særudgivelser:Flora Danica:Hæfte:Suppl. 2,Violaceae,Viola elatior Fries,Viol,Violfamilien,Stor,free
3127,floradanica_S0067.tif,Gentiana germanica Willd.,1865,Johan Lange,Karplanter,Digitale Samlinger: Billeder:Særudgivelser:Flora Danica:Hæfte:Suppl. 2,Apiaceae,Silaum silaus (L.) Schinz & Thell.,Peberskærm,Skærmblomstfamilien,,free
3128,floradanica_S0068.tif,Viola elatior Fr.,1865,Johan Lange,Karplanter,Digitale Samlinger: Billeder:Særudgivelser:Flora Danica:Hæfte:Suppl. 2,Apiaceae,Pleurospermum austriacum (L.) Hoffm.,Blærefrø,Skærmblomstfamilien,,free
3129,floradanica_S0069.tif,Silaus pratensis Bess.,1865,Johan Lange,Karplanter,Digitale Samlinger: Billeder:Særudgivelser:Flora Danica:Hæfte:Suppl. 2,Geraniaceae,Geranium bohemicum L.,Storkenæb,Storkenæbfamilien,Bøhmisk,free
3130,floradanica_S0070.tif,Pleurospermum austriacum (L.) Hffm.,1865,Johan Lange,Karplanter,Digitale Samlinger: Billeder:Særudgivelser:Flora Danica:Hæfte:Suppl. 2,Caryophyllaceae,Dianthus arenarius L.,Nellike,Nellikefamilien,Sand-,free
3131,floradanica_S0071.tif,Geranium bohemicum L.,1865,Johan Lange,Karplanter,Digitale Samlinger: Billeder:Særudgivelser:Flora Danica:Hæfte:Suppl. 2,Rosaceae,Cotoneaster niger (Thunb.) Fries,Dværgmispel,Rosenfamilien,Sort,free
3132,floradanica_S0072.tif,Dianthus arenarius L.,1865,Johan Lange,Karplanter,Digitale Samlinger: Billeder:Særudgivelser:Flora Danica:Hæfte:Suppl. 2,Rosaceae,Potentilla fruticosa L.,Potentil,Rosenfamilien,Busk-,free
3133,floradanica_S0073.tif,Cotoneaster nigra Wahlb.,1865,Johan Lange,Karplanter,Digitale Samlinger: Billeder:Særudgivelser:Flora Danica:Hæfte:Suppl. 2,Rosaceae,Rosa acicularis Lindley,Rose,Rosenfamilien,Finsk,free
3134,floradanica_S0074.tif,Potentilla fruticosa L. / Potentilla fruticosa L. var. tenuifolia Lehm,1865,Johan Lange,Karplanter,Digitale Samlinger: Billeder:Særudgivelser:Flora Danica:Hæfte:Suppl. 2,Rosaceae,Rubus arcticus x saxatilis,Bæverbær,Rosenfamilien,,free
3135,floradanica_S0075.tif,Rosa carelica Fr.,1865,Johan Lange,Karplanter,Digitale Samlinger: Billeder:Særudgivelser:Flora Danica:Hæfte:Suppl. 2,Rosaceae,Rubus sp.,Brombær,Rosenfamilien,,free
3136,floradanica_S0076.tif,Rubus castoreus Laest.,1865,Johan Lange,Karplanter,Digitale Samlinger: Billeder:Særudgivelser:Flora Danica:Hæfte:Suppl. 2,Rosaceae,Geum hispidum,Nellikerod,Rosenfamilien,Stivhåret,free
3137,floradanica_S0077.tif,Rubus horridus Hartm.,1865,Johan Lange,Karplanter,Digitale Samlinger: Billeder:Særudgivelser:Flora Danica:Hæfte:Suppl. 2,Cistaceae,Fumana procumbens (Dunal) Grenier & Godron,Gotlandssoløje,Soløjefamilien,,free
3138,floradanica_S0078.tif,Geum hispidum Fr.,1865,Johan Lange,Karplanter,Digitale Samlinger: Billeder:Særudgivelser:Flora Danica:Hæfte:Suppl. 2,Ranunculaceae,Pulsatilla patens (L.) Miller,Kobjælde,Ranunkelfamilien,Åben,free
3139,floradanica_S0079.tif,Fumana vulgaris Spach. (Helianthemum Fumana (L.) Mill.),1865,Johan Lange,Karplanter,Digitale Samlinger: Billeder:Særudgivelser:Flora Danica:Hæfte:Suppl. 2,Ranunculaceae,Adonis vernalis L.,Adonis,Ranunkelfamilien,Vår-,free
3140,floradanica_S0080.tif,Pulsatilla patens Mill.,1865,Johan Lange,Karplanter,Digitale Samlinger: Billeder:Særudgivelser:Flora Danica:Hæfte:Suppl. 2,Ranunculaceae,Ranunculus sulphureus Sol. in C.J. Phipps,Ranunkel,Ranunkelfamilien,Polar-,free
3141,floradanica_S0081.tif,Adonis vernalis L.,1865,Johan Lange,Karplanter,Digitale Samlinger: Billeder:Særudgivelser:Flora Danica:Hæfte:Suppl. 2,Ranunculaceae,Ranunculus cassubicus,Ranunkel,Ranunkelfamilien,Kassubisk,free
3142,floradanica_S0082.tif,Ranunculus altaicus Laxm. (R. sulfureus Sol.),1865,Johan Lange,Karplanter,Digitale Samlinger: Billeder:Særudgivelser:Flora Danica:Hæfte:Suppl. 2,Globulariaceae,Globularia vulgaris L.,Kugleblomst,Kugleblomstfamilien,Almindelig,free
3143,floradanica_S0083.tif,Ranunculus cassubicus L.,1865,Johan Lange,Karplanter,Digitale Samlinger: Billeder:Særudgivelser:Flora Danica:Hæfte:Suppl. 2,Brassicaceae,Thlaspi caerulescens J. & C. Presl ssp. caerulescens,Pengeurt,Korsblomstfamilien,Alpe-,free
3144,floradanica_S0084.tif,"Globularia vulgaris L. [alfa], oelandica. 232)",1865,Johan Lange,Karplanter,Digitale Samlinger: Billeder:Særudgivelser:Flora Danica:Hæfte:Suppl. 2,Brassicaceae,Sisymbrium supinum L.,Vejsennep,Korsblomstfamilien,Kalk-,free
3145,floradanica_S0085.tif,Thlaspi suecicum Jord.,1865,Johan Lange,Karplanter,Digitale Samlinger: Billeder:Særudgivelser:Flora Danica:Hæfte:Suppl. 2,Fabaceae,Astragalus arenarius L.,Astragel,Ærteblomstfamilien,Sand-,free
3146,floradanica_S0086.tif,Braya supina Koch.,1865,Johan Lange,Karplanter,Digitale Samlinger: Billeder:Særudgivelser:Flora Danica:Hæfte:Suppl. 2,Fabaceae,Oxytropis pilosa (L.) DC.,Spidsbælg,Ærteblomstfamilien,Lådden,free
3147,floradanica_S0087.tif,Astragalus arenarius L.,1865,Johan Lange,Karplanter,Digitale Samlinger: Billeder:Særudgivelser:Flora Danica:Hæfte:Suppl. 2,Fabaceae,Hippocrepis emerus (L.) Lassen ?,Perlebælg,Ærteblomstfamilien,,free
3148,floradanica_S0088.tif,Oxytropis pilosa (L.) DC.,1865,Johan Lange,Karplanter,Digitale Samlinger: Billeder:Særudgivelser:Flora Danica:Hæfte:Suppl. 2,Asteraceae,Crepis multicaulis Ledeb.,Høgeskæg,Kurvblomstfamilien,Sibirisk,free
3149,floradanica_S0089.tif,Coronilla Emerus L.,1865,Johan Lange,Karplanter,Digitale Samlinger: Billeder:Særudgivelser:Flora Danica:Hæfte:Suppl. 2,Asteraceae,Crepis nicaeensis Balbis,Høgeskæg,Kurvblomstfamilien,Fransk,free
3150,floradanica_S0090.tif,Crepis multicaulis Ledeb. (Intybus Fr.),1865,Johan Lange,Karplanter,Digitale Samlinger: Billeder:Særudgivelser:Flora Danica:Hæfte:Suppl. 2,Asteraceae,Hieracium sp.,Høgeurt,Kurvblomstfamilien,,free
3151,floradanica_S0091.tif,Crepis nicaeensis All.,1865,Johan Lange,Karplanter,Digitale Samlinger: Billeder:Særudgivelser:Flora Danica:Hæfte:Suppl. 2,Asteraceae,Hieracium sp.,Høgeurt,Kurvblomstfamilien,,free
3152,floradanica_S0092.tif,Hieracium auriculaeforme Fr.,1865,Johan Lange,Karplanter,Digitale Samlinger: Billeder:Særudgivelser:Flora Danica:Hæfte:Suppl. 2,Asteraceae,Hieracium sp.,Høgeurt,Kurvblomstfamilien,,free
3153,floradanica_S0093.tif,Hieracium personatum Fr.,1865,Johan Lange,Karplanter,Digitale Samlinger: Billeder:Særudgivelser:Flora Danica:Hæfte:Suppl. 2,Asteraceae,Hieracium sp.,Høgeurt,Kurvblomstfamilien,,free
3154,floradanica_S0094.tif,Hieracium (plumbeum) bienne Blytt.,1865,Johan Lange,Karplanter,Digitale Samlinger: Billeder:Særudgivelser:Flora Danica:Hæfte:Suppl. 2,Asteraceae,Hieracium sp.,Høgeurt,Kurvblomstfamilien,,free
3155,floradanica_S0095.tif,Hieracium fasciculare Fr.,1865,Johan Lange,Karplanter,Digitale Samlinger: Billeder:Særudgivelser:Flora Danica:Hæfte:Suppl. 2,Asteraceae,Hieracium sp.,Høgeurt,Kurvblomstfamilien,,free
3156,floradanica_S0096.tif,Hieracium Oreades Fr.,1865,Johan Lange,Karplanter,Digitale Samlinger: Billeder:Særudgivelser:Flora Danica:Hæfte:Suppl. 2,Asteraceae,Antennaria lanata (Hooker) E.L. Greene,Kattefod,Kurvblomstfamilien,Tue-,free
3157,floradanica_S0097.tif,Hieracium prenanthoides Vill.,1865,Johan Lange,Karplanter,Digitale Samlinger: Billeder:Særudgivelser:Flora Danica:Hæfte:Suppl. 2,Orchidaceae,Calypso bulbosa (L.) Oakes in Z.Thompson,Norne,Gøgeurtfamilien,,free
3158,floradanica_S0098.tif,Antennaria carpathica (Wahlenb.) Bl. et Fgh.,1865,Johan Lange,Karplanter,Digitale Samlinger: Billeder:Særudgivelser:Flora Danica:Hæfte:Suppl. 2,Cyperaceae,Carex obtusata Liljebl.,Star,Halvgræsfamilien,Liljeblads,free
3159,floradanica_S0099.tif,Calypso bulbosa (L.) G. Rchb.,1865,Johan Lange,Karplanter,Digitale Samlinger: Billeder:Særudgivelser:Flora Danica:Hæfte:Suppl. 2,Cyperaceae,Carex sp.,Star,Halvgræsfamilien,,free
3160,floradanica_S0100.tif,Carex obtusata Liljebl.,1865,Johan Lange,Karplanter,Digitale Samlinger: Billeder:Særudgivelser:Flora Danica:Hæfte:Suppl. 2,Cyperaceae,Carex maritima Gunnerus,Star,Halvgræsfamilien,Krum,free
3161,floradanica_S0101.tif,Carex Deinbolliana J. Gay (C. arctica Deinb.),1865,Johan Lange,Karplanter,Digitale Samlinger: Billeder:Særudgivelser:Flora Danica:Hæfte:Suppl. 2,Cyperaceae,Carex mackenziei V. Krecz. in Komarov,Star,Halvgræsfamilien,Lagune-,free
3162,floradanica_S0102.tif,Carex brevirostris Cederstr.,1865,Johan Lange,Karplanter,Digitale Samlinger: Billeder:Særudgivelser:Flora Danica:Hæfte:Suppl. 2,Cyperaceae,Carex atrata L.,Star,Halvgræsfamilien,Sort,free
3163,floradanica_S0103.tif,Carex norvegica Willd.,1865,Johan Lange,Karplanter,Digitale Samlinger: Billeder:Særudgivelser:Flora Danica:Hæfte:Suppl. 2,Cyperaceae,Carex aquatilis ssp. stans x bigelowii,Star,Halvgræsfamilien,Tundra- x Rank,free
3164,floradanica_S0104.tif,Carex nigra All.,1865,Johan Lange,Karplanter,Digitale Samlinger: Billeder:Særudgivelser:Flora Danica:Hæfte:Suppl. 2,Cyperaceae,Carex magellanica Lam. ssp.  irrigua (Wahlenb.) Hiit.,Star,Halvgræsfamilien,Frynse-,free
3165,floradanica_S0105.tif,Carex limula Fr.,1865,Johan Lange,Karplanter,Digitale Samlinger: Billeder:Særudgivelser:Flora Danica:Hæfte:Suppl. 2,Cyperaceae,Carex laxa Wahlenb.,Star,Halvgræsfamilien,Finstilket,free
3166,floradanica_S0106.tif,Carex irrigua (Wahlenb.) Sm.,1865,Johan Lange,Karplanter,Digitale Samlinger: Billeder:Særudgivelser:Flora Danica:Hæfte:Suppl. 2,Cyperaceae,Carex punctata Gaudin,Star,Halvgræsfamilien,Prikket,free
3167,floradanica_S0107.tif,Carex laxa Wahlenb.,1865,Johan Lange,Karplanter,Digitale Samlinger: Billeder:Særudgivelser:Flora Danica:Hæfte:Suppl. 2,Cyperaceae,Carex tomentosa L.,Star,Halvgræsfamilien,Filt-,free
3168,floradanica_S0108.tif,Carex punctata Gaud.,1865,Johan Lange,Karplanter,Digitale Samlinger: Billeder:Særudgivelser:Flora Danica:Hæfte:Suppl. 2,Salicaceae,Salix polaris Wahlenb.,Pil,Pilefamilien,Polar-,free
3169,floradanica_S0109.tif,Carex tomentosa L.,1865,Johan Lange,Karplanter,Digitale Samlinger: Billeder:Særudgivelser:Flora Danica:Hæfte:Suppl. 2,Salicaceae,Salix myrtilloides L.,Pil,Pilefamilien,Myrte-,free
3170,floradanica_S0110.tif,Salix polaris Wahlenb.,1865,Johan Lange,Karplanter,Digitale Samlinger: Billeder:Særudgivelser:Flora Danica:Hæfte:Suppl. 2,Ophioglossaceae,Botrychium virginianum (L.) Swartz in Schrader,Månerude,Slangetungefamilien,Stor,free
3171,floradanica_S0111.tif,Salix myrtilloides L.,1865,Johan Lange,Karplanter,Digitale Samlinger: Billeder:Særudgivelser:Flora Danica:Hæfte:Suppl. 2,Ophioglossaceae,Botrychium boreale Milde,Månerude,Slangetungefamilien,Nordisk,free
3172,floradanica_S0112.tif,Botrychium virginianum (L.) Sw.,1865,Johan Lange,Karplanter,Digitale Samlinger: Billeder:Særudgivelser:Flora Danica:Hæfte:Suppl. 2,,Ditrichum tenuifolium (Schrad.) Lindb.,-,,-,free
3173,floradanica_S0113.tif,Botrychium boreale Milde.,1865,Johan Lange,Karplanter,Digitale Samlinger: Billeder:Særudgivelser:Flora Danica:Hæfte:Suppl. 2,,Tortula brevirostris Hartm.,-,,-,free
3174,floradanica_S0114.tif,Schistostega osmundacea (Dicks.) W. et M. / Ceratodon cylindricus Br. et Sch.,1865,Johan Lange,Mosser,Digitale Samlinger: Billeder:Særudgivelser:Flora Danica:Hæfte:Suppl. 2,,,-,,-,free
3175,floradanica_S0115.tif,Barbula brevirostris Ångstr. / Barbula mucronifolia Schwägr.,1865,Johan Lange,Mosser,Digitale Samlinger: Billeder:Særudgivelser:Flora Danica:Hæfte:Suppl. 2,,Plagiothecium (Isopterygium) Turfaceum (Lindb.).,-,,-,free
3176,floradanica_S0116.tif,Dicranum fragilifolium Lindb.,1865,Johan Lange,Mosser,Digitale Samlinger: Billeder:Særudgivelser:Flora Danica:Hæfte:Suppl. 2,,Southbya obovata (N. E.) Lindb.,-,,-,free
3177,floradanica_S0117.tif,Hypnum turfaceum Lindb.,1865,Johan Lange,Mosser,Digitale Samlinger: Billeder:Særudgivelser:Flora Danica:Hæfte:Suppl. 2,,,-,,-,free
3178,floradanica_S0118.tif,Jungermannia polita N. E. / Jungermannia obovata N. E.,1865,Johan Lange,Mosser,Digitale Samlinger: Billeder:Særudgivelser:Flora Danica:Hæfte:Suppl. 2,,,-,,-,free
3179,floradanica_S0119.tif,Frullania fragifolia Tayl. / Sacroscyphus revoltus N. E.,1865,Johan Lange,Mosser,Digitale Samlinger: Billeder:Særudgivelser:Flora Danica:Hæfte:Suppl. 2,Valerianaceae,Valeriana salina Pleijel,Baldrian,Baldrianfamilien,Strand-,free
3180,floradanica_S0120.tif,Harpanthus Flotovianus N. E.,1865,Johan Lange,Mosser,Digitale Samlinger: Billeder:Særudgivelser:Flora Danica:Hæfte:Suppl. 2,Cyperaceae,Eriophorum brachyantherum Trautv. & C. A. Meyer in Middendorff,Kæruld,Halvgræsfamilien,Smuk,free
3181,floradanica_S0121.tif,Valeriana officinalis L. var. integrifolia Led.,1874,Johan Lange,Karplanter,Digitale Samlinger: Billeder:Særudgivelser:Flora Danica:Hæfte:Suppl. 3,Poaceae,Calamagrostis arundinacea x canescens,Rørhvene,Græsfamilien,Skov- x Eng-,free
3182,floradanica_S0122.tif,Eriophorum Callithrix Cham.,1874,Johan Lange,Karplanter,Digitale Samlinger: Billeder:Særudgivelser:Flora Danica:Hæfte:Suppl. 3,Poaceae,Calamagrostis chalybaea (Laest.) Fries in Hartm.,Rørhvene,Græsfamilien,Norsk,free
3183,floradanica_S0123.tif,Calamagrostis Hartmanniana Fr.,1874,Johan Lange,Karplanter,Digitale Samlinger: Billeder:Særudgivelser:Flora Danica:Hæfte:Suppl. 3,Poaceae,Trisetum subalpestre (Hartman) Neuman,Guldhavre,Græsfamilien,Rensdyr-,free
3184,floradanica_S0124.tif,Calamagrostis chalybea Fr.,1874,Johan Lange,Karplanter,Digitale Samlinger: Billeder:Særudgivelser:Flora Danica:Hæfte:Suppl. 3,Poaceae,Arctophila fulva (Trin.) N. J. Andersson,Hængegræs,Græsfamilien,,free
3185,floradanica_S0125.tif,Trisetum agrostideum Fr.,1874,Johan Lange,Karplanter,Digitale Samlinger: Billeder:Særudgivelser:Flora Danica:Hæfte:Suppl. 3,Poaceae,Puccinellia rupestris (With) Fernald & Weatherby,Annelgræs,Græsfamilien,Ballast-,free
3186,floradanica_S0126.tif,Arctophila pendulina (Laestad.) And. 151),1874,Johan Lange,Karplanter,Digitale Samlinger: Billeder:Særudgivelser:Flora Danica:Hæfte:Suppl. 3,Polemoniaceae,Polemonium acutiflorum Willd. in Roemer & Schultes,Jakobsstige,Floksfamilien,Spidsblomstret,free
3187,floradanica_S0127.tif,Sclerochloa procumbens P. B. (Glyceria Sm.),1874,Johan Lange,Karplanter,Digitale Samlinger: Billeder:Særudgivelser:Flora Danica:Hæfte:Suppl. 3,Campanulaceae,Campanula barbata L.,Klokke,Klokkefamilien,Skæg-,free
3188,floradanica_S0128.tif,Polemonium (coeruleum *) campanulatum Th. Fr.,1874,Johan Lange,Karplanter,Digitale Samlinger: Billeder:Særudgivelser:Flora Danica:Hæfte:Suppl. 3,Violaceae,Viola selkirkii Pursh ex Goldie,Viol,Violfamilien,Dal-,free
3189,floradanica_S0129.tif,Campanula barbata L.,1874,Johan Lange,Karplanter,Digitale Samlinger: Billeder:Særudgivelser:Flora Danica:Hæfte:Suppl. 3,Caprifoliaceae,Lonicera caerulea L. ssp. caerulea,Gedeblad,Gedebladfamilien,Blå,free
3190,floradanica_S0130.tif,Viola umbrosa Fr. (V. kamchatkica Ging.),1874,Johan Lange,Karplanter,Digitale Samlinger: Billeder:Særudgivelser:Flora Danica:Hæfte:Suppl. 3,Apiaceae,Meum athamanticum Jacq.,Bjørnerod,Skærmblomstfamilien,,free
3191,floradanica_S0131.tif,Lonicera coerulea L.,1874,Johan Lange,Karplanter,Digitale Samlinger: Billeder:Særudgivelser:Flora Danica:Hæfte:Suppl. 3,Apiaceae,Conioselinum tataricum Hoffm.,Russerkommen,Skærmblomstfamilien,,free
3192,floradanica_S0132.tif,Meum athamanticum Jacq.,1874,Johan Lange,Karplanter,Digitale Samlinger: Billeder:Særudgivelser:Flora Danica:Hæfte:Suppl. 3,Apiaceae,Conopodium majus (Gouan) Loret,Svinenød,Skærmblomstfamilien,,free
3193,floradanica_S0133.tif,Conioselium Gmelini Bray (C. tataricum Fisch.),1874,Johan Lange,Karplanter,Digitale Samlinger: Billeder:Særudgivelser:Flora Danica:Hæfte:Suppl. 3,Caryophyllaceae,Gypsophila fastigiata L.,Gipsurt,Nellikefamilien,Sand-,free
3194,floradanica_S0134.tif,Conopodium denudatum Koch.,1874,Johan Lange,Karplanter,Digitale Samlinger: Billeder:Særudgivelser:Flora Danica:Hæfte:Suppl. 3,Caryophyllaceae,Moehringia lateriflora (L.) Fenzl,Skovarve,Nellikefamilien,Russisk,free
3195,floradanica_S0135.tif,Gysophila fastigata L.,1874,Johan Lange,Karplanter,Digitale Samlinger: Billeder:Særudgivelser:Flora Danica:Hæfte:Suppl. 3,Caryophyllaceae,Stellaria longipes Goldie,Fladstjerne,Nellikefamilien,Stilk-,free
3196,floradanica_S0136.tif,Moehringia lateriflora (L.) Fzl.,1874,Johan Lange,Karplanter,Digitale Samlinger: Billeder:Særudgivelser:Flora Danica:Hæfte:Suppl. 3,Rosaceae,Rubus idaeus L.,Hindbær,Rosenfamilien,,free
3197,floradanica_S0137.tif,Strellaria alpestris Fr.,1874,Johan Lange,Karplanter,Digitale Samlinger: Billeder:Særudgivelser:Flora Danica:Hæfte:Suppl. 3,Rosaceae,Potentilla rupestris L.,Potentil,Rosenfamilien,Sten-,free
3198,floradanica_S0138.tif,"Rubus idaeus [beta], anomalus Arrh. (R. Leesii Bab.)",1874,Johan Lange,Karplanter,Digitale Samlinger: Billeder:Særudgivelser:Flora Danica:Hæfte:Suppl. 3,Nymphaeaceae,Nuphar lutea x pumila,Åkande,Åkandefamilien,Gul x Liden,free
3199,floradanica_S0139.tif,Potentilla rupestris L.,1874,Johan Lange,Karplanter,Digitale Samlinger: Billeder:Særudgivelser:Flora Danica:Hæfte:Suppl. 3,Nymphaeaceae,Nymphaea alba L.,Nøkkerose,Åkandefamilien,Hvid,free
3200,floradanica_S0140.tif,Nuphar intermedium Led.,1874,Johan Lange,Karplanter,Digitale Samlinger: Billeder:Særudgivelser:Flora Danica:Hæfte:Suppl. 3,Ranunculaceae,Thalictrum aquilegifolium L.,Frøstjerne,Ranunkelfamilien,Akeleje-,free
3201,floradanica_S0141.tif,Nymphaea alba (sphaerocarpa) rubra Casp.,1874,Johan Lange,Karplanter,Digitale Samlinger: Billeder:Særudgivelser:Flora Danica:Hæfte:Suppl. 3,Ranunculaceae,Thalictrum minus L. ssp. kemense (Fries) Tutin,Frøstjerne,Ranunkelfamilien,Russisk,free
3202,floradanica_S0142.tif,Thalictrum aquilegaefolium L.,1874,Johan Lange,Karplanter,Digitale Samlinger: Billeder:Særudgivelser:Flora Danica:Hæfte:Suppl. 3,Ranunculaceae,Thalictrum minus L. ssp. majus (Crantz) Rouy & Fouc.,Frøstjerne,Ranunkelfamilien,Bugtet,free
3203,floradanica_S0143.tif,Thalictrum kemense Fr.,1874,Johan Lange,Karplanter,Digitale Samlinger: Billeder:Særudgivelser:Flora Danica:Hæfte:Suppl. 3,Ranunculaceae,Anemone sylvestris L.,Anemone,Ranunkelfamilien,Sommer-,free
3204,floradanica_S0144.tif,Thalictrum Kochii Fr. (Th. Jacquinianum Koch),1874,Johan Lange,Karplanter,Digitale Samlinger: Billeder:Særudgivelser:Flora Danica:Hæfte:Suppl. 3,Ranunculaceae,Pulsatilla vulgaris Miller ssp. gotlandica (K. Joh.) Zamels & Paegle,Kobjælde,Ranunkelfamilien,Gotlands-,free
3205,floradanica_S0145.tif,Anemone silvestris L.,1874,Johan Lange,Karplanter,Digitale Samlinger: Billeder:Særudgivelser:Flora Danica:Hæfte:Suppl. 3,Ranunculaceae,Ranunculus ophioglossifolius Vill.,Ranunkel,Ranunkelfamilien,Gotlands-,free
3206,floradanica_S0146.tif,Pulsatilla vulgaris var. glabra Nordst.,1874,Johan Lange,Karplanter,Digitale Samlinger: Billeder:Særudgivelser:Flora Danica:Hæfte:Suppl. 3,Brassicaceae,Braya linearis Rouy,Braya,Korsblomstfamilien,Fugleklo-,free
3207,floradanica_S0147.tif,Ranunculus ophioglossifolius Vill.,1874,Johan Lange,Karplanter,Digitale Samlinger: Billeder:Særudgivelser:Flora Danica:Hæfte:Suppl. 3,Brassicaceae,Arabidopsis suecica (Fries) Norrlin,Gåsemad,Korsblomstfamilien,Svensk,free
3208,floradanica_S0148.tif,Braya alpina Sternb. & Hopp. 235),1874,Johan Lange,Karplanter,Digitale Samlinger: Billeder:Særudgivelser:Flora Danica:Hæfte:Suppl. 3,Brassicaceae,Arabis planisiliqua (Pers.) Reichenb. ssp. nemorensis (Wolf ex Hoffm.) Sojak,Kalkkarse,Korsblomstfamilien,Tætbladet,free
3209,floradanica_S0149.tif,"Arabis suecica Fr. ( A. arenosa [beta], macilenta Hartm.)",1874,Johan Lange,Karplanter,Digitale Samlinger: Billeder:Særudgivelser:Flora Danica:Hæfte:Suppl. 3,Malvaceae,Lavatera thuringiaca L.,Poppelrose,Katostfamilien,Tysk,free
3210,floradanica_S0150.tif,Arabis Gerardi Bess.,1874,Johan Lange,Karplanter,Digitale Samlinger: Billeder:Særudgivelser:Flora Danica:Hæfte:Suppl. 3,Fabaceae,Vicia pisiformis L.,Vikke,Ærteblomstfamilien,Ærte-,free
3211,floradanica_S0151.tif,Lavatera thuringiaca L.,1874,Johan Lange,Karplanter,Digitale Samlinger: Billeder:Særudgivelser:Flora Danica:Hæfte:Suppl. 3,Asteraceae,Hieracium sp.,Høgeurt,Kurvblomstfamilien,,free
3212,floradanica_S0152.tif,Vicia pisiformis L.,1874,Johan Lange,Karplanter,Digitale Samlinger: Billeder:Særudgivelser:Flora Danica:Hæfte:Suppl. 3,Asteraceae,Hieracium sp.,Høgeurt,Kurvblomstfamilien,,free
3213,floradanica_S0153.tif,Hieracium suecicum Fr.,1874,Johan Lange,Karplanter,Digitale Samlinger: Billeder:Særudgivelser:Flora Danica:Hæfte:Suppl. 3,Asteraceae,Hieracium sp.,Høgeurt,Kurvblomstfamilien,,free
3214,floradanica_S0154.tif,Hieracium decolorans Fr.,1874,Johan Lange,Karplanter,Digitale Samlinger: Billeder:Særudgivelser:Flora Danica:Hæfte:Suppl. 3,Asteraceae,Hieracium sp.,Høgeurt,Kurvblomstfamilien,,free
3215,floradanica_S0155.tif,Hieracium hyperboreum Fr.,1874,Johan Lange,Karplanter,Digitale Samlinger: Billeder:Særudgivelser:Flora Danica:Hæfte:Suppl. 3,Asteraceae,Hieracium sp.,Høgeurt,Kurvblomstfamilien,,free
3216,floradanica_S0156.tif,Hieracium pulchellum Lindenb.,1874,Johan Lange,Karplanter,Digitale Samlinger: Billeder:Særudgivelser:Flora Danica:Hæfte:Suppl. 3,Asteraceae,Hieracium sp.,Høgeurt,Kurvblomstfamilien,,free
3217,floradanica_S0157.tif,Hieracium saxifragum Lge.,1874,Johan Lange,Karplanter,Digitale Samlinger: Billeder:Særudgivelser:Flora Danica:Hæfte:Suppl. 3,Asteraceae,Hieracium sp.,Høgeurt,Kurvblomstfamilien,,free
3218,floradanica_S0158.tif,Hieracium elegans Lindeb.,1874,Johan Lange,Karplanter,Digitale Samlinger: Billeder:Særudgivelser:Flora Danica:Hæfte:Suppl. 3,Asteraceae,Hieracium sp.,Høgeurt,Kurvblomstfamilien,,free
3219,floradanica_S0159.tif,Hieracium filiforme Lindeb.,1874,Johan Lange,Karplanter,Digitale Samlinger: Billeder:Særudgivelser:Flora Danica:Hæfte:Suppl. 3,Asteraceae,Hieracium sp.,Høgeurt,Kurvblomstfamilien,,free
3220,floradanica_S0160.tif,Hieracium corymbosum Fr.,1874,Johan Lange,Karplanter,Digitale Samlinger: Billeder:Særudgivelser:Flora Danica:Hæfte:Suppl. 3,Asteraceae,Hieracium sp.,Høgeurt,Kurvblomstfamilien,,free
3221,floradanica_S0161.tif,Hieracium crocatum Fr.,1874,Johan Lange,Karplanter,Digitale Samlinger: Billeder:Særudgivelser:Flora Danica:Hæfte:Suppl. 3,Orchidaceae,Orchis militaris L.,Gøgeurt,Gøgeurtfamilien,Ridder-,free
3222,floradanica_S0162.tif,Hieracium aestivum Fr.,1874,Johan Lange,Karplanter,Digitale Samlinger: Billeder:Særudgivelser:Flora Danica:Hæfte:Suppl. 3,Orchidaceae,Gymnadenia odoratissima (L.) L.C.M.Richard,Trådspore,Gøgeurtfamilien,Vellugtende,free
3223,floradanica_S0163.tif,Orchis militaris L. (O. Rivini Gou.). 77),1874,Johan Lange,Karplanter,Digitale Samlinger: Billeder:Særudgivelser:Flora Danica:Hæfte:Suppl. 3,Orchidaceae,Platanthera obtusata (Pursh) Lindley ssp. oligantha (Turcz.) Hultén,Gøgelilje,Gøgeurtfamilien,Lap-,free
3224,floradanica_S0164.tif,Gymnadenia odoratissima (L.) Rich.,1874,Johan Lange,Karplanter,Digitale Samlinger: Billeder:Særudgivelser:Flora Danica:Hæfte:Suppl. 3,Cyperaceae,Carex disperma Dewey,Star,Halvgræsfamilien,Tofrøet,free
3225,floradanica_S0165.tif,Platanthera obtusata (Pursh.) Lindl.,1874,Johan Lange,Karplanter,Digitale Samlinger: Billeder:Særudgivelser:Flora Danica:Hæfte:Suppl. 3,Cyperaceae,Carex tenuiflora Wahlenb.,Star,Halvgræsfamilien,Sphagnum-,free
3226,floradanica_S0166.tif,Carex tenella Schk.,1874,Johan Lange,Karplanter,Digitale Samlinger: Billeder:Særudgivelser:Flora Danica:Hæfte:Suppl. 3,Cyperaceae,Carex sp.,Star,Halvgræsfamilien,,free
3227,floradanica_S0167.tif,Carex tenuiflora Wahlenb.,1874,Johan Lange,Karplanter,Digitale Samlinger: Billeder:Særudgivelser:Flora Danica:Hæfte:Suppl. 3,Sparganiaceae,Sparganium glomeratum Laest. ex Beurl.,Pindsvineknop,Pindsvineknopfamilien,Tæt,free
3228,floradanica_S0168.tif,Carex macilenta Fr.,1874,Johan Lange,Karplanter,Digitale Samlinger: Billeder:Særudgivelser:Flora Danica:Hæfte:Suppl. 3,Sparganiaceae,Sparganium gramineum Georgi,Pindsvineknop,Pindsvineknopfamilien,Flod-,free
3229,floradanica_S0169.tif,Sparganium fluiantans Fr. (Sp. glomeratum Laest.),1874,Johan Lange,Karplanter,Digitale Samlinger: Billeder:Særudgivelser:Flora Danica:Hæfte:Suppl. 3,Sparganiaceae,Sparganium angustifolium Michx.,Pindsvineknop,Pindsvineknopfamilien,Smalbladet,free
3230,floradanica_S0170.tif,Sparganium natans L.,1874,Johan Lange,Karplanter,Digitale Samlinger: Billeder:Særudgivelser:Flora Danica:Hæfte:Suppl. 3,Sparganiaceae,Sparganium,Pindsvineknop,Pindsvineknopfamilien,,free
3231,floradanica_S0171.tif,Sparganium affine Schnitzl. (Sp. boreale Laest.),1874,Johan Lange,Karplanter,Digitale Samlinger: Billeder:Særudgivelser:Flora Danica:Hæfte:Suppl. 3,Najadaceae,Najas flexilis (Willd.) Rostk. & W. L. E. Schmidt,Najade,Najadefamilien,Liden,free
3232,floradanica_S0172.tif,Sparganium oligocarpum Ångstr. 237),1874,Johan Lange,Karplanter,Digitale Samlinger: Billeder:Særudgivelser:Flora Danica:Hæfte:Suppl. 3,Salicaceae,Salix sp.,Pil,Pilefamilien,,free
3233,floradanica_S0173.tif,Najas Flexis (Willd.) Rostk. et Schmidt,1874,Johan Lange,Karplanter,Digitale Samlinger: Billeder:Særudgivelser:Flora Danica:Hæfte:Suppl. 3,Salicaceae,Salix sp.,Pil,Pilefamilien,,free
3234,floradanica_S0174.tif,Salix versifolia Wahlenb.,1874,Johan Lange,Karplanter,Digitale Samlinger: Billeder:Særudgivelser:Flora Danica:Hæfte:Suppl. 3,Salicaceae,Salix sp.,Pil,Pilefamilien,,free
3235,floradanica_S0175.tif,Salix Laestadiana Hartm. (S. canescens Fr.),1874,Johan Lange,Karplanter,Digitale Samlinger: Billeder:Særudgivelser:Flora Danica:Hæfte:Suppl. 3,Aspleniaceae,Asplenium marinum L.,Radeløv,Radeløvfamilien,Kyst-,free
3236,floradanica_S0176.tif,Salix Amandae And. (S. glauca var. pullata Fr.),1874,Johan Lange,Karplanter,Digitale Samlinger: Billeder:Særudgivelser:Flora Danica:Hæfte:Suppl. 3,Aspleniaceae,Asplenium septentrionale x trichomanes,Radeløv,Radeløvfamilien,Nordisk x Rundfinnet,free
3237,floradanica_S0177.tif,Asplenium marinum L.,1874,Johan Lange,Karplanter,Digitale Samlinger: Billeder:Særudgivelser:Flora Danica:Hæfte:Suppl. 3,,,-,,-,free
3238,floradanica_S0178.tif,Asplenium Breynii Retz. (A. germanicum Weis.),1874,Johan Lange,Karplanter,Digitale Samlinger: Billeder:Særudgivelser:Flora Danica:Hæfte:Suppl. 3,,,-,,-,free
3239,floradanica_S0179.tif,Jungermannia laxifolia Hook.,1874,Johan Lange,Mosser,Digitale Samlinger: Billeder:Særudgivelser:Flora Danica:Hæfte:Suppl. 3,,,,,,free
3240,floradanica_S0180.tif,Jungermannia Hornschuchiana N. E. / Jungermannia Helleriana N. E.,1874,Johan Lange,Mosser,Digitale Samlinger: Billeder:Særudgivelser:Flora Danica:Hæfte:Suppl. 3,,,,,,free
